year,gross_ppe,cip,land,pure_accumulated_depreciation,impairment,annual_ppe_depreciation,rou_gross,rou_ad,rou_charge,rou_net,own_ppe_gross,own_ppe_ad,own_ppe_charge,other_net_deductions,ppe_note_net,ppe_dfp_net,note_dfp_difference,accounting_ad_to_charge,land_status,comment
2016,64580052,13233599,,25078456,12141003,1570751,1398468,499344,57697,899124,63181584,24579112,1513054,547667,26812925,26812925,0,15.965901661052579,not_separately_disclosed,Land not separately quantified; cannot construct land-excluded depreciable gross or physical age. Finance leases separately identified; legacy presentation predates IFRS16. Special concession obligations are a separate net deduction.
2017,68601032,14664088,,26214819,13804579,1543899,1398468,557042,57698,841426,67202564,25657777,1486201,615797,27965837,27965837,0,16.979620428538396,not_separately_disclosed,"Land not separately quantified; cannot construct land-excluded depreciable gross or physical age. Finance leases separately identified; legacy presentation predates IFRS16. Special concession obligations are a separate net deduction. 2018 comparative revises gross/AD upwards by332454/332455, preserving net; retained2017-source amounts."
2018,67648667,15884126,,27822835,6920862,1627005,1730922,738202,57697,992720,65917745,27084633,1569308,534578,32370392,32370392,0,17.10064505026106,not_separately_disclosed,Land not separately quantified; cannot construct land-excluded depreciable gross or physical age. Finance leases separately identified; legacy presentation predates IFRS16. Special concession obligations are a separate net deduction.
2019,70146589,15794896,,29474299,7356417,1718794,2132348,877053,138850,1255294,68014241,28597246,1579944,0,33315874,33315874,0,17.148244059497532,not_separately_disclosed,Land not separately quantified; cannot construct land-excluded depreciable gross or physical age. Uses2020 comparative: cost/AD presentation revised versus2019 original; 2019 charge includes19783 depreciation in CIP.
2020,84560273,17159375,,44331893,7565468,1793046,2115701,1007997,116882,1107704,82444572,43323896,1676164,0,32662912,32662912,0,24.724347841605848,not_separately_disclosed,Land not separately quantified; cannot construct land-excluded depreciable gross or physical age.
2021,86027150,17484344,,45695565,6963604,1795844,2112362,1068058,119840,1044304,83914788,44627507,1676004,0,33367981,33367981,0,25.445175082022715,not_separately_disclosed,Land not separately quantified; cannot construct land-excluded depreciable gross or physical age.
2022,82365222,2716242,,45088682,2536835,1644944,2052882,1097733,99806,955149,80312340,43990949,1545138,0,34739705,34739705,0,27.410466252954507,not_separately_disclosed,Land not separately quantified; cannot construct land-excluded depreciable gross or physical age.
2023,82056338,4432927,,44548512,1702404,1975400,1350009,1191038,92403,158971,80706329,43357474,1882997,0,35805422,35805421,1,22.55164118659512,not_separately_disclosed,Land not separately quantified; cannot construct land-excluded depreciable gross or physical age. Uses2025 revised2023 comparative gross/CIP/impairment; original2023 amounts82123503/4500092/1769570. Depreciation from2023 annual. Net difference toDFP1 thousand rounding.
2024,83946366,5141851,,45916598,1175712,1907233,1386894,1236369,45331,150525,82559472,44680229,1861902,0,36854056,36854056,0,24.074980875435774,not_separately_disclosed,Land not separately quantified; cannot construct land-excluded depreciable gross or physical age.
2025,87355821,3507613,,46929523,767121,2160513,1733760,1291896,55527,441864,85622061,45637627,2104986,0,39659177,39659177,0,21.72147216887841,not_separately_disclosed,Land not separately quantified; cannot construct land-excluded depreciable gross or physical age.
