company,year,metric,value,units,scope,source_year,pdf_page,source_url,local_pdf,status,comment
Eletrobras/Axia,2016,gross_ppe,64580052,BRL_thousands,consolidated,2017,258,https://api.mziq.com/mzfilemanager/v2/d/abb77a17-3348-4bc7-849a-154998e06ca3/bcb88033-3cd4-e576-dde0-282981ddae4d?origin=2,work/empirical/notes_eletrobras_unigel/axia_2017.pdf,verified_note_or_arithmetic,Land not separately quantified; cannot construct land-excluded depreciable gross or physical age. Finance leases separately identified; legacy presentation predates IFRS16. Special concession obligations are a separate net deduction.
Eletrobras/Axia,2016,cip,13233599,BRL_thousands,consolidated,2017,258,https://api.mziq.com/mzfilemanager/v2/d/abb77a17-3348-4bc7-849a-154998e06ca3/bcb88033-3cd4-e576-dde0-282981ddae4d?origin=2,work/empirical/notes_eletrobras_unigel/axia_2017.pdf,verified_note_or_arithmetic,Land not separately quantified; cannot construct land-excluded depreciable gross or physical age. Finance leases separately identified; legacy presentation predates IFRS16. Special concession obligations are a separate net deduction.
Eletrobras/Axia,2016,land,,BRL_thousands,consolidated,2017,258,https://api.mziq.com/mzfilemanager/v2/d/abb77a17-3348-4bc7-849a-154998e06ca3/bcb88033-3cd4-e576-dde0-282981ddae4d?origin=2,work/empirical/notes_eletrobras_unigel/axia_2017.pdf,missing_disaggregation,Land not separately quantified; cannot construct land-excluded depreciable gross or physical age. Finance leases separately identified; legacy presentation predates IFRS16. Special concession obligations are a separate net deduction.
Eletrobras/Axia,2016,pure_accumulated_depreciation,25078456,BRL_thousands,consolidated,2017,258,https://api.mziq.com/mzfilemanager/v2/d/abb77a17-3348-4bc7-849a-154998e06ca3/bcb88033-3cd4-e576-dde0-282981ddae4d?origin=2,work/empirical/notes_eletrobras_unigel/axia_2017.pdf,verified_note_or_arithmetic,Land not separately quantified; cannot construct land-excluded depreciable gross or physical age. Finance leases separately identified; legacy presentation predates IFRS16. Special concession obligations are a separate net deduction.
Eletrobras/Axia,2016,impairment,12141003,BRL_thousands,consolidated,2017,258,https://api.mziq.com/mzfilemanager/v2/d/abb77a17-3348-4bc7-849a-154998e06ca3/bcb88033-3cd4-e576-dde0-282981ddae4d?origin=2,work/empirical/notes_eletrobras_unigel/axia_2017.pdf,verified_note_or_arithmetic,Land not separately quantified; cannot construct land-excluded depreciable gross or physical age. Finance leases separately identified; legacy presentation predates IFRS16. Special concession obligations are a separate net deduction.
Eletrobras/Axia,2016,annual_ppe_depreciation,1570751,BRL_thousands,consolidated,2017,259,https://api.mziq.com/mzfilemanager/v2/d/abb77a17-3348-4bc7-849a-154998e06ca3/bcb88033-3cd4-e576-dde0-282981ddae4d?origin=2,work/empirical/notes_eletrobras_unigel/axia_2017.pdf,verified_note_or_arithmetic,Land not separately quantified; cannot construct land-excluded depreciable gross or physical age. Finance leases separately identified; legacy presentation predates IFRS16. Special concession obligations are a separate net deduction.
Eletrobras/Axia,2016,rou_gross,1398468,BRL_thousands,consolidated,2017,258,https://api.mziq.com/mzfilemanager/v2/d/abb77a17-3348-4bc7-849a-154998e06ca3/bcb88033-3cd4-e576-dde0-282981ddae4d?origin=2,work/empirical/notes_eletrobras_unigel/axia_2017.pdf,verified_note_or_arithmetic,Land not separately quantified; cannot construct land-excluded depreciable gross or physical age. Finance leases separately identified; legacy presentation predates IFRS16. Special concession obligations are a separate net deduction.
Eletrobras/Axia,2016,rou_ad,499344,BRL_thousands,consolidated,2017,258,https://api.mziq.com/mzfilemanager/v2/d/abb77a17-3348-4bc7-849a-154998e06ca3/bcb88033-3cd4-e576-dde0-282981ddae4d?origin=2,work/empirical/notes_eletrobras_unigel/axia_2017.pdf,verified_note_or_arithmetic,Land not separately quantified; cannot construct land-excluded depreciable gross or physical age. Finance leases separately identified; legacy presentation predates IFRS16. Special concession obligations are a separate net deduction.
Eletrobras/Axia,2016,rou_charge,57697,BRL_thousands,consolidated,2017,259,https://api.mziq.com/mzfilemanager/v2/d/abb77a17-3348-4bc7-849a-154998e06ca3/bcb88033-3cd4-e576-dde0-282981ddae4d?origin=2,work/empirical/notes_eletrobras_unigel/axia_2017.pdf,verified_note_or_arithmetic,Land not separately quantified; cannot construct land-excluded depreciable gross or physical age. Finance leases separately identified; legacy presentation predates IFRS16. Special concession obligations are a separate net deduction.
Eletrobras/Axia,2016,rou_net,899124,BRL_thousands,consolidated,2017,258,https://api.mziq.com/mzfilemanager/v2/d/abb77a17-3348-4bc7-849a-154998e06ca3/bcb88033-3cd4-e576-dde0-282981ddae4d?origin=2,work/empirical/notes_eletrobras_unigel/axia_2017.pdf,verified_note_or_arithmetic,Land not separately quantified; cannot construct land-excluded depreciable gross or physical age. Finance leases separately identified; legacy presentation predates IFRS16. Special concession obligations are a separate net deduction.
Eletrobras/Axia,2016,own_ppe_gross,63181584,BRL_thousands,consolidated,2017,258,https://api.mziq.com/mzfilemanager/v2/d/abb77a17-3348-4bc7-849a-154998e06ca3/bcb88033-3cd4-e576-dde0-282981ddae4d?origin=2,work/empirical/notes_eletrobras_unigel/axia_2017.pdf,verified_note_or_arithmetic,Land not separately quantified; cannot construct land-excluded depreciable gross or physical age. Finance leases separately identified; legacy presentation predates IFRS16. Special concession obligations are a separate net deduction.
Eletrobras/Axia,2016,own_ppe_ad,24579112,BRL_thousands,consolidated,2017,258,https://api.mziq.com/mzfilemanager/v2/d/abb77a17-3348-4bc7-849a-154998e06ca3/bcb88033-3cd4-e576-dde0-282981ddae4d?origin=2,work/empirical/notes_eletrobras_unigel/axia_2017.pdf,verified_note_or_arithmetic,Land not separately quantified; cannot construct land-excluded depreciable gross or physical age. Finance leases separately identified; legacy presentation predates IFRS16. Special concession obligations are a separate net deduction.
Eletrobras/Axia,2016,own_ppe_charge,1513054,BRL_thousands,consolidated,2017,259,https://api.mziq.com/mzfilemanager/v2/d/abb77a17-3348-4bc7-849a-154998e06ca3/bcb88033-3cd4-e576-dde0-282981ddae4d?origin=2,work/empirical/notes_eletrobras_unigel/axia_2017.pdf,verified_note_or_arithmetic,Land not separately quantified; cannot construct land-excluded depreciable gross or physical age. Finance leases separately identified; legacy presentation predates IFRS16. Special concession obligations are a separate net deduction.
Eletrobras/Axia,2016,other_net_deductions,547667,BRL_thousands,consolidated,2017,258,https://api.mziq.com/mzfilemanager/v2/d/abb77a17-3348-4bc7-849a-154998e06ca3/bcb88033-3cd4-e576-dde0-282981ddae4d?origin=2,work/empirical/notes_eletrobras_unigel/axia_2017.pdf,verified_note_or_arithmetic,Land not separately quantified; cannot construct land-excluded depreciable gross or physical age. Finance leases separately identified; legacy presentation predates IFRS16. Special concession obligations are a separate net deduction.
Eletrobras/Axia,2016,ppe_note_net,26812925,BRL_thousands,consolidated,2017,258,https://api.mziq.com/mzfilemanager/v2/d/abb77a17-3348-4bc7-849a-154998e06ca3/bcb88033-3cd4-e576-dde0-282981ddae4d?origin=2,work/empirical/notes_eletrobras_unigel/axia_2017.pdf,verified_note_or_arithmetic,Land not separately quantified; cannot construct land-excluded depreciable gross or physical age. Finance leases separately identified; legacy presentation predates IFRS16. Special concession obligations are a separate net deduction.
Eletrobras/Axia,2016,accounting_ad_to_charge,15.965901661052579,years_accounting_ratio,consolidated,2017,259,https://api.mziq.com/mzfilemanager/v2/d/abb77a17-3348-4bc7-849a-154998e06ca3/bcb88033-3cd4-e576-dde0-282981ddae4d?origin=2,work/empirical/notes_eletrobras_unigel/axia_2017.pdf,verified_note_or_arithmetic,Land not separately quantified; cannot construct land-excluded depreciable gross or physical age. Finance leases separately identified; legacy presentation predates IFRS16. Special concession obligations are a separate net deduction.
Eletrobras/Axia,2017,gross_ppe,68601032,BRL_thousands,consolidated,2017,258,https://api.mziq.com/mzfilemanager/v2/d/abb77a17-3348-4bc7-849a-154998e06ca3/bcb88033-3cd4-e576-dde0-282981ddae4d?origin=2,work/empirical/notes_eletrobras_unigel/axia_2017.pdf,verified_note_or_arithmetic,"Land not separately quantified; cannot construct land-excluded depreciable gross or physical age. Finance leases separately identified; legacy presentation predates IFRS16. Special concession obligations are a separate net deduction. 2018 comparative revises gross/AD upwards by332454/332455, preserving net; retained2017-source amounts."
Eletrobras/Axia,2017,cip,14664088,BRL_thousands,consolidated,2017,258,https://api.mziq.com/mzfilemanager/v2/d/abb77a17-3348-4bc7-849a-154998e06ca3/bcb88033-3cd4-e576-dde0-282981ddae4d?origin=2,work/empirical/notes_eletrobras_unigel/axia_2017.pdf,verified_note_or_arithmetic,"Land not separately quantified; cannot construct land-excluded depreciable gross or physical age. Finance leases separately identified; legacy presentation predates IFRS16. Special concession obligations are a separate net deduction. 2018 comparative revises gross/AD upwards by332454/332455, preserving net; retained2017-source amounts."
Eletrobras/Axia,2017,land,,BRL_thousands,consolidated,2017,258,https://api.mziq.com/mzfilemanager/v2/d/abb77a17-3348-4bc7-849a-154998e06ca3/bcb88033-3cd4-e576-dde0-282981ddae4d?origin=2,work/empirical/notes_eletrobras_unigel/axia_2017.pdf,missing_disaggregation,"Land not separately quantified; cannot construct land-excluded depreciable gross or physical age. Finance leases separately identified; legacy presentation predates IFRS16. Special concession obligations are a separate net deduction. 2018 comparative revises gross/AD upwards by332454/332455, preserving net; retained2017-source amounts."
Eletrobras/Axia,2017,pure_accumulated_depreciation,26214819,BRL_thousands,consolidated,2017,258,https://api.mziq.com/mzfilemanager/v2/d/abb77a17-3348-4bc7-849a-154998e06ca3/bcb88033-3cd4-e576-dde0-282981ddae4d?origin=2,work/empirical/notes_eletrobras_unigel/axia_2017.pdf,verified_note_or_arithmetic,"Land not separately quantified; cannot construct land-excluded depreciable gross or physical age. Finance leases separately identified; legacy presentation predates IFRS16. Special concession obligations are a separate net deduction. 2018 comparative revises gross/AD upwards by332454/332455, preserving net; retained2017-source amounts."
Eletrobras/Axia,2017,impairment,13804579,BRL_thousands,consolidated,2017,258,https://api.mziq.com/mzfilemanager/v2/d/abb77a17-3348-4bc7-849a-154998e06ca3/bcb88033-3cd4-e576-dde0-282981ddae4d?origin=2,work/empirical/notes_eletrobras_unigel/axia_2017.pdf,verified_note_or_arithmetic,"Land not separately quantified; cannot construct land-excluded depreciable gross or physical age. Finance leases separately identified; legacy presentation predates IFRS16. Special concession obligations are a separate net deduction. 2018 comparative revises gross/AD upwards by332454/332455, preserving net; retained2017-source amounts."
Eletrobras/Axia,2017,annual_ppe_depreciation,1543899,BRL_thousands,consolidated,2017,259,https://api.mziq.com/mzfilemanager/v2/d/abb77a17-3348-4bc7-849a-154998e06ca3/bcb88033-3cd4-e576-dde0-282981ddae4d?origin=2,work/empirical/notes_eletrobras_unigel/axia_2017.pdf,verified_note_or_arithmetic,"Land not separately quantified; cannot construct land-excluded depreciable gross or physical age. Finance leases separately identified; legacy presentation predates IFRS16. Special concession obligations are a separate net deduction. 2018 comparative revises gross/AD upwards by332454/332455, preserving net; retained2017-source amounts."
Eletrobras/Axia,2017,rou_gross,1398468,BRL_thousands,consolidated,2017,258,https://api.mziq.com/mzfilemanager/v2/d/abb77a17-3348-4bc7-849a-154998e06ca3/bcb88033-3cd4-e576-dde0-282981ddae4d?origin=2,work/empirical/notes_eletrobras_unigel/axia_2017.pdf,verified_note_or_arithmetic,"Land not separately quantified; cannot construct land-excluded depreciable gross or physical age. Finance leases separately identified; legacy presentation predates IFRS16. Special concession obligations are a separate net deduction. 2018 comparative revises gross/AD upwards by332454/332455, preserving net; retained2017-source amounts."
Eletrobras/Axia,2017,rou_ad,557042,BRL_thousands,consolidated,2017,258,https://api.mziq.com/mzfilemanager/v2/d/abb77a17-3348-4bc7-849a-154998e06ca3/bcb88033-3cd4-e576-dde0-282981ddae4d?origin=2,work/empirical/notes_eletrobras_unigel/axia_2017.pdf,verified_note_or_arithmetic,"Land not separately quantified; cannot construct land-excluded depreciable gross or physical age. Finance leases separately identified; legacy presentation predates IFRS16. Special concession obligations are a separate net deduction. 2018 comparative revises gross/AD upwards by332454/332455, preserving net; retained2017-source amounts."
Eletrobras/Axia,2017,rou_charge,57698,BRL_thousands,consolidated,2017,259,https://api.mziq.com/mzfilemanager/v2/d/abb77a17-3348-4bc7-849a-154998e06ca3/bcb88033-3cd4-e576-dde0-282981ddae4d?origin=2,work/empirical/notes_eletrobras_unigel/axia_2017.pdf,verified_note_or_arithmetic,"Land not separately quantified; cannot construct land-excluded depreciable gross or physical age. Finance leases separately identified; legacy presentation predates IFRS16. Special concession obligations are a separate net deduction. 2018 comparative revises gross/AD upwards by332454/332455, preserving net; retained2017-source amounts."
Eletrobras/Axia,2017,rou_net,841426,BRL_thousands,consolidated,2017,258,https://api.mziq.com/mzfilemanager/v2/d/abb77a17-3348-4bc7-849a-154998e06ca3/bcb88033-3cd4-e576-dde0-282981ddae4d?origin=2,work/empirical/notes_eletrobras_unigel/axia_2017.pdf,verified_note_or_arithmetic,"Land not separately quantified; cannot construct land-excluded depreciable gross or physical age. Finance leases separately identified; legacy presentation predates IFRS16. Special concession obligations are a separate net deduction. 2018 comparative revises gross/AD upwards by332454/332455, preserving net; retained2017-source amounts."
Eletrobras/Axia,2017,own_ppe_gross,67202564,BRL_thousands,consolidated,2017,258,https://api.mziq.com/mzfilemanager/v2/d/abb77a17-3348-4bc7-849a-154998e06ca3/bcb88033-3cd4-e576-dde0-282981ddae4d?origin=2,work/empirical/notes_eletrobras_unigel/axia_2017.pdf,verified_note_or_arithmetic,"Land not separately quantified; cannot construct land-excluded depreciable gross or physical age. Finance leases separately identified; legacy presentation predates IFRS16. Special concession obligations are a separate net deduction. 2018 comparative revises gross/AD upwards by332454/332455, preserving net; retained2017-source amounts."
Eletrobras/Axia,2017,own_ppe_ad,25657777,BRL_thousands,consolidated,2017,258,https://api.mziq.com/mzfilemanager/v2/d/abb77a17-3348-4bc7-849a-154998e06ca3/bcb88033-3cd4-e576-dde0-282981ddae4d?origin=2,work/empirical/notes_eletrobras_unigel/axia_2017.pdf,verified_note_or_arithmetic,"Land not separately quantified; cannot construct land-excluded depreciable gross or physical age. Finance leases separately identified; legacy presentation predates IFRS16. Special concession obligations are a separate net deduction. 2018 comparative revises gross/AD upwards by332454/332455, preserving net; retained2017-source amounts."
Eletrobras/Axia,2017,own_ppe_charge,1486201,BRL_thousands,consolidated,2017,259,https://api.mziq.com/mzfilemanager/v2/d/abb77a17-3348-4bc7-849a-154998e06ca3/bcb88033-3cd4-e576-dde0-282981ddae4d?origin=2,work/empirical/notes_eletrobras_unigel/axia_2017.pdf,verified_note_or_arithmetic,"Land not separately quantified; cannot construct land-excluded depreciable gross or physical age. Finance leases separately identified; legacy presentation predates IFRS16. Special concession obligations are a separate net deduction. 2018 comparative revises gross/AD upwards by332454/332455, preserving net; retained2017-source amounts."
Eletrobras/Axia,2017,other_net_deductions,615797,BRL_thousands,consolidated,2017,258,https://api.mziq.com/mzfilemanager/v2/d/abb77a17-3348-4bc7-849a-154998e06ca3/bcb88033-3cd4-e576-dde0-282981ddae4d?origin=2,work/empirical/notes_eletrobras_unigel/axia_2017.pdf,verified_note_or_arithmetic,"Land not separately quantified; cannot construct land-excluded depreciable gross or physical age. Finance leases separately identified; legacy presentation predates IFRS16. Special concession obligations are a separate net deduction. 2018 comparative revises gross/AD upwards by332454/332455, preserving net; retained2017-source amounts."
Eletrobras/Axia,2017,ppe_note_net,27965837,BRL_thousands,consolidated,2017,258,https://api.mziq.com/mzfilemanager/v2/d/abb77a17-3348-4bc7-849a-154998e06ca3/bcb88033-3cd4-e576-dde0-282981ddae4d?origin=2,work/empirical/notes_eletrobras_unigel/axia_2017.pdf,verified_note_or_arithmetic,"Land not separately quantified; cannot construct land-excluded depreciable gross or physical age. Finance leases separately identified; legacy presentation predates IFRS16. Special concession obligations are a separate net deduction. 2018 comparative revises gross/AD upwards by332454/332455, preserving net; retained2017-source amounts."
Eletrobras/Axia,2017,accounting_ad_to_charge,16.979620428538396,years_accounting_ratio,consolidated,2017,259,https://api.mziq.com/mzfilemanager/v2/d/abb77a17-3348-4bc7-849a-154998e06ca3/bcb88033-3cd4-e576-dde0-282981ddae4d?origin=2,work/empirical/notes_eletrobras_unigel/axia_2017.pdf,verified_note_or_arithmetic,"Land not separately quantified; cannot construct land-excluded depreciable gross or physical age. Finance leases separately identified; legacy presentation predates IFRS16. Special concession obligations are a separate net deduction. 2018 comparative revises gross/AD upwards by332454/332455, preserving net; retained2017-source amounts."
Eletrobras/Axia,2018,gross_ppe,67648667,BRL_thousands,consolidated,2018,229,https://www.rad.cvm.gov.br/ENET/frmDownloadDocumento.aspx?Tela=ext&descTipo=IPE&CodigoInstituicao=1&numProtocolo=674299&numSequencia=202887&numVersao=2,work/empirical/notes_axia_complete/cvm_2018.pdf,verified_note_or_arithmetic,Land not separately quantified; cannot construct land-excluded depreciable gross or physical age. Finance leases separately identified; legacy presentation predates IFRS16. Special concession obligations are a separate net deduction.
Eletrobras/Axia,2018,cip,15884126,BRL_thousands,consolidated,2018,229,https://www.rad.cvm.gov.br/ENET/frmDownloadDocumento.aspx?Tela=ext&descTipo=IPE&CodigoInstituicao=1&numProtocolo=674299&numSequencia=202887&numVersao=2,work/empirical/notes_axia_complete/cvm_2018.pdf,verified_note_or_arithmetic,Land not separately quantified; cannot construct land-excluded depreciable gross or physical age. Finance leases separately identified; legacy presentation predates IFRS16. Special concession obligations are a separate net deduction.
Eletrobras/Axia,2018,land,,BRL_thousands,consolidated,2018,229,https://www.rad.cvm.gov.br/ENET/frmDownloadDocumento.aspx?Tela=ext&descTipo=IPE&CodigoInstituicao=1&numProtocolo=674299&numSequencia=202887&numVersao=2,work/empirical/notes_axia_complete/cvm_2018.pdf,missing_disaggregation,Land not separately quantified; cannot construct land-excluded depreciable gross or physical age. Finance leases separately identified; legacy presentation predates IFRS16. Special concession obligations are a separate net deduction.
Eletrobras/Axia,2018,pure_accumulated_depreciation,27822835,BRL_thousands,consolidated,2018,229,https://www.rad.cvm.gov.br/ENET/frmDownloadDocumento.aspx?Tela=ext&descTipo=IPE&CodigoInstituicao=1&numProtocolo=674299&numSequencia=202887&numVersao=2,work/empirical/notes_axia_complete/cvm_2018.pdf,verified_note_or_arithmetic,Land not separately quantified; cannot construct land-excluded depreciable gross or physical age. Finance leases separately identified; legacy presentation predates IFRS16. Special concession obligations are a separate net deduction.
Eletrobras/Axia,2018,impairment,6920862,BRL_thousands,consolidated,2018,229,https://www.rad.cvm.gov.br/ENET/frmDownloadDocumento.aspx?Tela=ext&descTipo=IPE&CodigoInstituicao=1&numProtocolo=674299&numSequencia=202887&numVersao=2,work/empirical/notes_axia_complete/cvm_2018.pdf,verified_note_or_arithmetic,Land not separately quantified; cannot construct land-excluded depreciable gross or physical age. Finance leases separately identified; legacy presentation predates IFRS16. Special concession obligations are a separate net deduction.
Eletrobras/Axia,2018,annual_ppe_depreciation,1627005,BRL_thousands,consolidated,2018,229,https://www.rad.cvm.gov.br/ENET/frmDownloadDocumento.aspx?Tela=ext&descTipo=IPE&CodigoInstituicao=1&numProtocolo=674299&numSequencia=202887&numVersao=2,work/empirical/notes_axia_complete/cvm_2018.pdf,verified_note_or_arithmetic,Land not separately quantified; cannot construct land-excluded depreciable gross or physical age. Finance leases separately identified; legacy presentation predates IFRS16. Special concession obligations are a separate net deduction.
Eletrobras/Axia,2018,rou_gross,1730922,BRL_thousands,consolidated,2018,229,https://www.rad.cvm.gov.br/ENET/frmDownloadDocumento.aspx?Tela=ext&descTipo=IPE&CodigoInstituicao=1&numProtocolo=674299&numSequencia=202887&numVersao=2,work/empirical/notes_axia_complete/cvm_2018.pdf,verified_note_or_arithmetic,Land not separately quantified; cannot construct land-excluded depreciable gross or physical age. Finance leases separately identified; legacy presentation predates IFRS16. Special concession obligations are a separate net deduction.
Eletrobras/Axia,2018,rou_ad,738202,BRL_thousands,consolidated,2018,229,https://www.rad.cvm.gov.br/ENET/frmDownloadDocumento.aspx?Tela=ext&descTipo=IPE&CodigoInstituicao=1&numProtocolo=674299&numSequencia=202887&numVersao=2,work/empirical/notes_axia_complete/cvm_2018.pdf,verified_note_or_arithmetic,Land not separately quantified; cannot construct land-excluded depreciable gross or physical age. Finance leases separately identified; legacy presentation predates IFRS16. Special concession obligations are a separate net deduction.
Eletrobras/Axia,2018,rou_charge,57697,BRL_thousands,consolidated,2018,229,https://www.rad.cvm.gov.br/ENET/frmDownloadDocumento.aspx?Tela=ext&descTipo=IPE&CodigoInstituicao=1&numProtocolo=674299&numSequencia=202887&numVersao=2,work/empirical/notes_axia_complete/cvm_2018.pdf,verified_note_or_arithmetic,Land not separately quantified; cannot construct land-excluded depreciable gross or physical age. Finance leases separately identified; legacy presentation predates IFRS16. Special concession obligations are a separate net deduction.
Eletrobras/Axia,2018,rou_net,992720,BRL_thousands,consolidated,2018,229,https://www.rad.cvm.gov.br/ENET/frmDownloadDocumento.aspx?Tela=ext&descTipo=IPE&CodigoInstituicao=1&numProtocolo=674299&numSequencia=202887&numVersao=2,work/empirical/notes_axia_complete/cvm_2018.pdf,verified_note_or_arithmetic,Land not separately quantified; cannot construct land-excluded depreciable gross or physical age. Finance leases separately identified; legacy presentation predates IFRS16. Special concession obligations are a separate net deduction.
Eletrobras/Axia,2018,own_ppe_gross,65917745,BRL_thousands,consolidated,2018,229,https://www.rad.cvm.gov.br/ENET/frmDownloadDocumento.aspx?Tela=ext&descTipo=IPE&CodigoInstituicao=1&numProtocolo=674299&numSequencia=202887&numVersao=2,work/empirical/notes_axia_complete/cvm_2018.pdf,verified_note_or_arithmetic,Land not separately quantified; cannot construct land-excluded depreciable gross or physical age. Finance leases separately identified; legacy presentation predates IFRS16. Special concession obligations are a separate net deduction.
Eletrobras/Axia,2018,own_ppe_ad,27084633,BRL_thousands,consolidated,2018,229,https://www.rad.cvm.gov.br/ENET/frmDownloadDocumento.aspx?Tela=ext&descTipo=IPE&CodigoInstituicao=1&numProtocolo=674299&numSequencia=202887&numVersao=2,work/empirical/notes_axia_complete/cvm_2018.pdf,verified_note_or_arithmetic,Land not separately quantified; cannot construct land-excluded depreciable gross or physical age. Finance leases separately identified; legacy presentation predates IFRS16. Special concession obligations are a separate net deduction.
Eletrobras/Axia,2018,own_ppe_charge,1569308,BRL_thousands,consolidated,2018,229,https://www.rad.cvm.gov.br/ENET/frmDownloadDocumento.aspx?Tela=ext&descTipo=IPE&CodigoInstituicao=1&numProtocolo=674299&numSequencia=202887&numVersao=2,work/empirical/notes_axia_complete/cvm_2018.pdf,verified_note_or_arithmetic,Land not separately quantified; cannot construct land-excluded depreciable gross or physical age. Finance leases separately identified; legacy presentation predates IFRS16. Special concession obligations are a separate net deduction.
Eletrobras/Axia,2018,other_net_deductions,534578,BRL_thousands,consolidated,2018,229,https://www.rad.cvm.gov.br/ENET/frmDownloadDocumento.aspx?Tela=ext&descTipo=IPE&CodigoInstituicao=1&numProtocolo=674299&numSequencia=202887&numVersao=2,work/empirical/notes_axia_complete/cvm_2018.pdf,verified_note_or_arithmetic,Land not separately quantified; cannot construct land-excluded depreciable gross or physical age. Finance leases separately identified; legacy presentation predates IFRS16. Special concession obligations are a separate net deduction.
Eletrobras/Axia,2018,ppe_note_net,32370392,BRL_thousands,consolidated,2018,229,https://www.rad.cvm.gov.br/ENET/frmDownloadDocumento.aspx?Tela=ext&descTipo=IPE&CodigoInstituicao=1&numProtocolo=674299&numSequencia=202887&numVersao=2,work/empirical/notes_axia_complete/cvm_2018.pdf,verified_note_or_arithmetic,Land not separately quantified; cannot construct land-excluded depreciable gross or physical age. Finance leases separately identified; legacy presentation predates IFRS16. Special concession obligations are a separate net deduction.
Eletrobras/Axia,2018,accounting_ad_to_charge,17.10064505026106,years_accounting_ratio,consolidated,2018,229,https://www.rad.cvm.gov.br/ENET/frmDownloadDocumento.aspx?Tela=ext&descTipo=IPE&CodigoInstituicao=1&numProtocolo=674299&numSequencia=202887&numVersao=2,work/empirical/notes_axia_complete/cvm_2018.pdf,verified_note_or_arithmetic,Land not separately quantified; cannot construct land-excluded depreciable gross or physical age. Finance leases separately identified; legacy presentation predates IFRS16. Special concession obligations are a separate net deduction.
Eletrobras/Axia,2019,gross_ppe,70146589,BRL_thousands,consolidated,2020,226,https://api.mziq.com/mzfilemanager/v2/d/abb77a17-3348-4bc7-849a-154998e06ca3/88632631-5c47-39e4-c2b3-a51d823cfe6d?origin=2,work/empirical/notes_eletrobras_unigel/axia_2020.pdf,verified_note_or_arithmetic,Land not separately quantified; cannot construct land-excluded depreciable gross or physical age. Uses2020 comparative: cost/AD presentation revised versus2019 original; 2019 charge includes19783 depreciation in CIP.
Eletrobras/Axia,2019,cip,15794896,BRL_thousands,consolidated,2020,226,https://api.mziq.com/mzfilemanager/v2/d/abb77a17-3348-4bc7-849a-154998e06ca3/88632631-5c47-39e4-c2b3-a51d823cfe6d?origin=2,work/empirical/notes_eletrobras_unigel/axia_2020.pdf,verified_note_or_arithmetic,Land not separately quantified; cannot construct land-excluded depreciable gross or physical age. Uses2020 comparative: cost/AD presentation revised versus2019 original; 2019 charge includes19783 depreciation in CIP.
Eletrobras/Axia,2019,land,,BRL_thousands,consolidated,2020,226,https://api.mziq.com/mzfilemanager/v2/d/abb77a17-3348-4bc7-849a-154998e06ca3/88632631-5c47-39e4-c2b3-a51d823cfe6d?origin=2,work/empirical/notes_eletrobras_unigel/axia_2020.pdf,missing_disaggregation,Land not separately quantified; cannot construct land-excluded depreciable gross or physical age. Uses2020 comparative: cost/AD presentation revised versus2019 original; 2019 charge includes19783 depreciation in CIP.
Eletrobras/Axia,2019,pure_accumulated_depreciation,29474299,BRL_thousands,consolidated,2020,226,https://api.mziq.com/mzfilemanager/v2/d/abb77a17-3348-4bc7-849a-154998e06ca3/88632631-5c47-39e4-c2b3-a51d823cfe6d?origin=2,work/empirical/notes_eletrobras_unigel/axia_2020.pdf,verified_note_or_arithmetic,Land not separately quantified; cannot construct land-excluded depreciable gross or physical age. Uses2020 comparative: cost/AD presentation revised versus2019 original; 2019 charge includes19783 depreciation in CIP.
Eletrobras/Axia,2019,impairment,7356417,BRL_thousands,consolidated,2020,226,https://api.mziq.com/mzfilemanager/v2/d/abb77a17-3348-4bc7-849a-154998e06ca3/88632631-5c47-39e4-c2b3-a51d823cfe6d?origin=2,work/empirical/notes_eletrobras_unigel/axia_2020.pdf,verified_note_or_arithmetic,Land not separately quantified; cannot construct land-excluded depreciable gross or physical age. Uses2020 comparative: cost/AD presentation revised versus2019 original; 2019 charge includes19783 depreciation in CIP.
Eletrobras/Axia,2019,annual_ppe_depreciation,1718794,BRL_thousands,consolidated,2020,226,https://api.mziq.com/mzfilemanager/v2/d/abb77a17-3348-4bc7-849a-154998e06ca3/88632631-5c47-39e4-c2b3-a51d823cfe6d?origin=2,work/empirical/notes_eletrobras_unigel/axia_2020.pdf,verified_note_or_arithmetic,Land not separately quantified; cannot construct land-excluded depreciable gross or physical age. Uses2020 comparative: cost/AD presentation revised versus2019 original; 2019 charge includes19783 depreciation in CIP.
Eletrobras/Axia,2019,rou_gross,2132348,BRL_thousands,consolidated,2020,226,https://api.mziq.com/mzfilemanager/v2/d/abb77a17-3348-4bc7-849a-154998e06ca3/88632631-5c47-39e4-c2b3-a51d823cfe6d?origin=2,work/empirical/notes_eletrobras_unigel/axia_2020.pdf,verified_note_or_arithmetic,Land not separately quantified; cannot construct land-excluded depreciable gross or physical age. Uses2020 comparative: cost/AD presentation revised versus2019 original; 2019 charge includes19783 depreciation in CIP.
Eletrobras/Axia,2019,rou_ad,877053,BRL_thousands,consolidated,2020,226,https://api.mziq.com/mzfilemanager/v2/d/abb77a17-3348-4bc7-849a-154998e06ca3/88632631-5c47-39e4-c2b3-a51d823cfe6d?origin=2,work/empirical/notes_eletrobras_unigel/axia_2020.pdf,verified_note_or_arithmetic,Land not separately quantified; cannot construct land-excluded depreciable gross or physical age. Uses2020 comparative: cost/AD presentation revised versus2019 original; 2019 charge includes19783 depreciation in CIP.
Eletrobras/Axia,2019,rou_charge,138850,BRL_thousands,consolidated,2020,226,https://api.mziq.com/mzfilemanager/v2/d/abb77a17-3348-4bc7-849a-154998e06ca3/88632631-5c47-39e4-c2b3-a51d823cfe6d?origin=2,work/empirical/notes_eletrobras_unigel/axia_2020.pdf,verified_note_or_arithmetic,Land not separately quantified; cannot construct land-excluded depreciable gross or physical age. Uses2020 comparative: cost/AD presentation revised versus2019 original; 2019 charge includes19783 depreciation in CIP.
Eletrobras/Axia,2019,rou_net,1255294,BRL_thousands,consolidated,2020,226,https://api.mziq.com/mzfilemanager/v2/d/abb77a17-3348-4bc7-849a-154998e06ca3/88632631-5c47-39e4-c2b3-a51d823cfe6d?origin=2,work/empirical/notes_eletrobras_unigel/axia_2020.pdf,verified_note_or_arithmetic,Land not separately quantified; cannot construct land-excluded depreciable gross or physical age. Uses2020 comparative: cost/AD presentation revised versus2019 original; 2019 charge includes19783 depreciation in CIP.
Eletrobras/Axia,2019,own_ppe_gross,68014241,BRL_thousands,consolidated,2020,226,https://api.mziq.com/mzfilemanager/v2/d/abb77a17-3348-4bc7-849a-154998e06ca3/88632631-5c47-39e4-c2b3-a51d823cfe6d?origin=2,work/empirical/notes_eletrobras_unigel/axia_2020.pdf,verified_note_or_arithmetic,Land not separately quantified; cannot construct land-excluded depreciable gross or physical age. Uses2020 comparative: cost/AD presentation revised versus2019 original; 2019 charge includes19783 depreciation in CIP.
Eletrobras/Axia,2019,own_ppe_ad,28597246,BRL_thousands,consolidated,2020,226,https://api.mziq.com/mzfilemanager/v2/d/abb77a17-3348-4bc7-849a-154998e06ca3/88632631-5c47-39e4-c2b3-a51d823cfe6d?origin=2,work/empirical/notes_eletrobras_unigel/axia_2020.pdf,verified_note_or_arithmetic,Land not separately quantified; cannot construct land-excluded depreciable gross or physical age. Uses2020 comparative: cost/AD presentation revised versus2019 original; 2019 charge includes19783 depreciation in CIP.
Eletrobras/Axia,2019,own_ppe_charge,1579944,BRL_thousands,consolidated,2020,226,https://api.mziq.com/mzfilemanager/v2/d/abb77a17-3348-4bc7-849a-154998e06ca3/88632631-5c47-39e4-c2b3-a51d823cfe6d?origin=2,work/empirical/notes_eletrobras_unigel/axia_2020.pdf,verified_note_or_arithmetic,Land not separately quantified; cannot construct land-excluded depreciable gross or physical age. Uses2020 comparative: cost/AD presentation revised versus2019 original; 2019 charge includes19783 depreciation in CIP.
Eletrobras/Axia,2019,other_net_deductions,0,BRL_thousands,consolidated,2020,226,https://api.mziq.com/mzfilemanager/v2/d/abb77a17-3348-4bc7-849a-154998e06ca3/88632631-5c47-39e4-c2b3-a51d823cfe6d?origin=2,work/empirical/notes_eletrobras_unigel/axia_2020.pdf,verified_note_or_arithmetic,Land not separately quantified; cannot construct land-excluded depreciable gross or physical age. Uses2020 comparative: cost/AD presentation revised versus2019 original; 2019 charge includes19783 depreciation in CIP.
Eletrobras/Axia,2019,ppe_note_net,33315874,BRL_thousands,consolidated,2020,226,https://api.mziq.com/mzfilemanager/v2/d/abb77a17-3348-4bc7-849a-154998e06ca3/88632631-5c47-39e4-c2b3-a51d823cfe6d?origin=2,work/empirical/notes_eletrobras_unigel/axia_2020.pdf,verified_note_or_arithmetic,Land not separately quantified; cannot construct land-excluded depreciable gross or physical age. Uses2020 comparative: cost/AD presentation revised versus2019 original; 2019 charge includes19783 depreciation in CIP.
Eletrobras/Axia,2019,accounting_ad_to_charge,17.148244059497532,years_accounting_ratio,consolidated,2020,226,https://api.mziq.com/mzfilemanager/v2/d/abb77a17-3348-4bc7-849a-154998e06ca3/88632631-5c47-39e4-c2b3-a51d823cfe6d?origin=2,work/empirical/notes_eletrobras_unigel/axia_2020.pdf,verified_note_or_arithmetic,Land not separately quantified; cannot construct land-excluded depreciable gross or physical age. Uses2020 comparative: cost/AD presentation revised versus2019 original; 2019 charge includes19783 depreciation in CIP.
Eletrobras/Axia,2020,gross_ppe,84560273,BRL_thousands,consolidated,2020,226,https://api.mziq.com/mzfilemanager/v2/d/abb77a17-3348-4bc7-849a-154998e06ca3/88632631-5c47-39e4-c2b3-a51d823cfe6d?origin=2,work/empirical/notes_eletrobras_unigel/axia_2020.pdf,verified_note_or_arithmetic,Land not separately quantified; cannot construct land-excluded depreciable gross or physical age.
Eletrobras/Axia,2020,cip,17159375,BRL_thousands,consolidated,2020,226,https://api.mziq.com/mzfilemanager/v2/d/abb77a17-3348-4bc7-849a-154998e06ca3/88632631-5c47-39e4-c2b3-a51d823cfe6d?origin=2,work/empirical/notes_eletrobras_unigel/axia_2020.pdf,verified_note_or_arithmetic,Land not separately quantified; cannot construct land-excluded depreciable gross or physical age.
Eletrobras/Axia,2020,land,,BRL_thousands,consolidated,2020,226,https://api.mziq.com/mzfilemanager/v2/d/abb77a17-3348-4bc7-849a-154998e06ca3/88632631-5c47-39e4-c2b3-a51d823cfe6d?origin=2,work/empirical/notes_eletrobras_unigel/axia_2020.pdf,missing_disaggregation,Land not separately quantified; cannot construct land-excluded depreciable gross or physical age.
Eletrobras/Axia,2020,pure_accumulated_depreciation,44331893,BRL_thousands,consolidated,2020,226,https://api.mziq.com/mzfilemanager/v2/d/abb77a17-3348-4bc7-849a-154998e06ca3/88632631-5c47-39e4-c2b3-a51d823cfe6d?origin=2,work/empirical/notes_eletrobras_unigel/axia_2020.pdf,verified_note_or_arithmetic,Land not separately quantified; cannot construct land-excluded depreciable gross or physical age.
Eletrobras/Axia,2020,impairment,7565468,BRL_thousands,consolidated,2020,226,https://api.mziq.com/mzfilemanager/v2/d/abb77a17-3348-4bc7-849a-154998e06ca3/88632631-5c47-39e4-c2b3-a51d823cfe6d?origin=2,work/empirical/notes_eletrobras_unigel/axia_2020.pdf,verified_note_or_arithmetic,Land not separately quantified; cannot construct land-excluded depreciable gross or physical age.
Eletrobras/Axia,2020,annual_ppe_depreciation,1793046,BRL_thousands,consolidated,2020,225,https://api.mziq.com/mzfilemanager/v2/d/abb77a17-3348-4bc7-849a-154998e06ca3/88632631-5c47-39e4-c2b3-a51d823cfe6d?origin=2,work/empirical/notes_eletrobras_unigel/axia_2020.pdf,verified_note_or_arithmetic,Land not separately quantified; cannot construct land-excluded depreciable gross or physical age.
Eletrobras/Axia,2020,rou_gross,2115701,BRL_thousands,consolidated,2020,226,https://api.mziq.com/mzfilemanager/v2/d/abb77a17-3348-4bc7-849a-154998e06ca3/88632631-5c47-39e4-c2b3-a51d823cfe6d?origin=2,work/empirical/notes_eletrobras_unigel/axia_2020.pdf,verified_note_or_arithmetic,Land not separately quantified; cannot construct land-excluded depreciable gross or physical age.
Eletrobras/Axia,2020,rou_ad,1007997,BRL_thousands,consolidated,2020,226,https://api.mziq.com/mzfilemanager/v2/d/abb77a17-3348-4bc7-849a-154998e06ca3/88632631-5c47-39e4-c2b3-a51d823cfe6d?origin=2,work/empirical/notes_eletrobras_unigel/axia_2020.pdf,verified_note_or_arithmetic,Land not separately quantified; cannot construct land-excluded depreciable gross or physical age.
Eletrobras/Axia,2020,rou_charge,116882,BRL_thousands,consolidated,2020,225,https://api.mziq.com/mzfilemanager/v2/d/abb77a17-3348-4bc7-849a-154998e06ca3/88632631-5c47-39e4-c2b3-a51d823cfe6d?origin=2,work/empirical/notes_eletrobras_unigel/axia_2020.pdf,verified_note_or_arithmetic,Land not separately quantified; cannot construct land-excluded depreciable gross or physical age.
Eletrobras/Axia,2020,rou_net,1107704,BRL_thousands,consolidated,2020,226,https://api.mziq.com/mzfilemanager/v2/d/abb77a17-3348-4bc7-849a-154998e06ca3/88632631-5c47-39e4-c2b3-a51d823cfe6d?origin=2,work/empirical/notes_eletrobras_unigel/axia_2020.pdf,verified_note_or_arithmetic,Land not separately quantified; cannot construct land-excluded depreciable gross or physical age.
Eletrobras/Axia,2020,own_ppe_gross,82444572,BRL_thousands,consolidated,2020,226,https://api.mziq.com/mzfilemanager/v2/d/abb77a17-3348-4bc7-849a-154998e06ca3/88632631-5c47-39e4-c2b3-a51d823cfe6d?origin=2,work/empirical/notes_eletrobras_unigel/axia_2020.pdf,verified_note_or_arithmetic,Land not separately quantified; cannot construct land-excluded depreciable gross or physical age.
Eletrobras/Axia,2020,own_ppe_ad,43323896,BRL_thousands,consolidated,2020,226,https://api.mziq.com/mzfilemanager/v2/d/abb77a17-3348-4bc7-849a-154998e06ca3/88632631-5c47-39e4-c2b3-a51d823cfe6d?origin=2,work/empirical/notes_eletrobras_unigel/axia_2020.pdf,verified_note_or_arithmetic,Land not separately quantified; cannot construct land-excluded depreciable gross or physical age.
Eletrobras/Axia,2020,own_ppe_charge,1676164,BRL_thousands,consolidated,2020,225,https://api.mziq.com/mzfilemanager/v2/d/abb77a17-3348-4bc7-849a-154998e06ca3/88632631-5c47-39e4-c2b3-a51d823cfe6d?origin=2,work/empirical/notes_eletrobras_unigel/axia_2020.pdf,verified_note_or_arithmetic,Land not separately quantified; cannot construct land-excluded depreciable gross or physical age.
Eletrobras/Axia,2020,other_net_deductions,0,BRL_thousands,consolidated,2020,226,https://api.mziq.com/mzfilemanager/v2/d/abb77a17-3348-4bc7-849a-154998e06ca3/88632631-5c47-39e4-c2b3-a51d823cfe6d?origin=2,work/empirical/notes_eletrobras_unigel/axia_2020.pdf,verified_note_or_arithmetic,Land not separately quantified; cannot construct land-excluded depreciable gross or physical age.
Eletrobras/Axia,2020,ppe_note_net,32662912,BRL_thousands,consolidated,2020,226,https://api.mziq.com/mzfilemanager/v2/d/abb77a17-3348-4bc7-849a-154998e06ca3/88632631-5c47-39e4-c2b3-a51d823cfe6d?origin=2,work/empirical/notes_eletrobras_unigel/axia_2020.pdf,verified_note_or_arithmetic,Land not separately quantified; cannot construct land-excluded depreciable gross or physical age.
Eletrobras/Axia,2020,accounting_ad_to_charge,24.724347841605848,years_accounting_ratio,consolidated,2020,225,https://api.mziq.com/mzfilemanager/v2/d/abb77a17-3348-4bc7-849a-154998e06ca3/88632631-5c47-39e4-c2b3-a51d823cfe6d?origin=2,work/empirical/notes_eletrobras_unigel/axia_2020.pdf,verified_note_or_arithmetic,Land not separately quantified; cannot construct land-excluded depreciable gross or physical age.
Eletrobras/Axia,2021,gross_ppe,86027150,BRL_thousands,consolidated,2022,149,https://api.mziq.com/mzfilemanager/v2/d/abb77a17-3348-4bc7-849a-154998e06ca3/585ea860-6429-8936-4f48-5aa3151598e8?origin=2,work/empirical/notes_eletrobras_unigel/axia_2022.pdf,verified_note_or_arithmetic,Land not separately quantified; cannot construct land-excluded depreciable gross or physical age.
Eletrobras/Axia,2021,cip,17484344,BRL_thousands,consolidated,2022,149,https://api.mziq.com/mzfilemanager/v2/d/abb77a17-3348-4bc7-849a-154998e06ca3/585ea860-6429-8936-4f48-5aa3151598e8?origin=2,work/empirical/notes_eletrobras_unigel/axia_2022.pdf,verified_note_or_arithmetic,Land not separately quantified; cannot construct land-excluded depreciable gross or physical age.
Eletrobras/Axia,2021,land,,BRL_thousands,consolidated,2022,149,https://api.mziq.com/mzfilemanager/v2/d/abb77a17-3348-4bc7-849a-154998e06ca3/585ea860-6429-8936-4f48-5aa3151598e8?origin=2,work/empirical/notes_eletrobras_unigel/axia_2022.pdf,missing_disaggregation,Land not separately quantified; cannot construct land-excluded depreciable gross or physical age.
Eletrobras/Axia,2021,pure_accumulated_depreciation,45695565,BRL_thousands,consolidated,2022,149,https://api.mziq.com/mzfilemanager/v2/d/abb77a17-3348-4bc7-849a-154998e06ca3/585ea860-6429-8936-4f48-5aa3151598e8?origin=2,work/empirical/notes_eletrobras_unigel/axia_2022.pdf,verified_note_or_arithmetic,Land not separately quantified; cannot construct land-excluded depreciable gross or physical age.
Eletrobras/Axia,2021,impairment,6963604,BRL_thousands,consolidated,2022,149,https://api.mziq.com/mzfilemanager/v2/d/abb77a17-3348-4bc7-849a-154998e06ca3/585ea860-6429-8936-4f48-5aa3151598e8?origin=2,work/empirical/notes_eletrobras_unigel/axia_2022.pdf,verified_note_or_arithmetic,Land not separately quantified; cannot construct land-excluded depreciable gross or physical age.
Eletrobras/Axia,2021,annual_ppe_depreciation,1795844,BRL_thousands,consolidated,2022,148,https://api.mziq.com/mzfilemanager/v2/d/abb77a17-3348-4bc7-849a-154998e06ca3/585ea860-6429-8936-4f48-5aa3151598e8?origin=2,work/empirical/notes_eletrobras_unigel/axia_2022.pdf,verified_note_or_arithmetic,Land not separately quantified; cannot construct land-excluded depreciable gross or physical age.
Eletrobras/Axia,2021,rou_gross,2112362,BRL_thousands,consolidated,2022,149,https://api.mziq.com/mzfilemanager/v2/d/abb77a17-3348-4bc7-849a-154998e06ca3/585ea860-6429-8936-4f48-5aa3151598e8?origin=2,work/empirical/notes_eletrobras_unigel/axia_2022.pdf,verified_note_or_arithmetic,Land not separately quantified; cannot construct land-excluded depreciable gross or physical age.
Eletrobras/Axia,2021,rou_ad,1068058,BRL_thousands,consolidated,2022,149,https://api.mziq.com/mzfilemanager/v2/d/abb77a17-3348-4bc7-849a-154998e06ca3/585ea860-6429-8936-4f48-5aa3151598e8?origin=2,work/empirical/notes_eletrobras_unigel/axia_2022.pdf,verified_note_or_arithmetic,Land not separately quantified; cannot construct land-excluded depreciable gross or physical age.
Eletrobras/Axia,2021,rou_charge,119840,BRL_thousands,consolidated,2022,148,https://api.mziq.com/mzfilemanager/v2/d/abb77a17-3348-4bc7-849a-154998e06ca3/585ea860-6429-8936-4f48-5aa3151598e8?origin=2,work/empirical/notes_eletrobras_unigel/axia_2022.pdf,verified_note_or_arithmetic,Land not separately quantified; cannot construct land-excluded depreciable gross or physical age.
Eletrobras/Axia,2021,rou_net,1044304,BRL_thousands,consolidated,2022,149,https://api.mziq.com/mzfilemanager/v2/d/abb77a17-3348-4bc7-849a-154998e06ca3/585ea860-6429-8936-4f48-5aa3151598e8?origin=2,work/empirical/notes_eletrobras_unigel/axia_2022.pdf,verified_note_or_arithmetic,Land not separately quantified; cannot construct land-excluded depreciable gross or physical age.
Eletrobras/Axia,2021,own_ppe_gross,83914788,BRL_thousands,consolidated,2022,149,https://api.mziq.com/mzfilemanager/v2/d/abb77a17-3348-4bc7-849a-154998e06ca3/585ea860-6429-8936-4f48-5aa3151598e8?origin=2,work/empirical/notes_eletrobras_unigel/axia_2022.pdf,verified_note_or_arithmetic,Land not separately quantified; cannot construct land-excluded depreciable gross or physical age.
Eletrobras/Axia,2021,own_ppe_ad,44627507,BRL_thousands,consolidated,2022,149,https://api.mziq.com/mzfilemanager/v2/d/abb77a17-3348-4bc7-849a-154998e06ca3/585ea860-6429-8936-4f48-5aa3151598e8?origin=2,work/empirical/notes_eletrobras_unigel/axia_2022.pdf,verified_note_or_arithmetic,Land not separately quantified; cannot construct land-excluded depreciable gross or physical age.
Eletrobras/Axia,2021,own_ppe_charge,1676004,BRL_thousands,consolidated,2022,148,https://api.mziq.com/mzfilemanager/v2/d/abb77a17-3348-4bc7-849a-154998e06ca3/585ea860-6429-8936-4f48-5aa3151598e8?origin=2,work/empirical/notes_eletrobras_unigel/axia_2022.pdf,verified_note_or_arithmetic,Land not separately quantified; cannot construct land-excluded depreciable gross or physical age.
Eletrobras/Axia,2021,other_net_deductions,0,BRL_thousands,consolidated,2022,149,https://api.mziq.com/mzfilemanager/v2/d/abb77a17-3348-4bc7-849a-154998e06ca3/585ea860-6429-8936-4f48-5aa3151598e8?origin=2,work/empirical/notes_eletrobras_unigel/axia_2022.pdf,verified_note_or_arithmetic,Land not separately quantified; cannot construct land-excluded depreciable gross or physical age.
Eletrobras/Axia,2021,ppe_note_net,33367981,BRL_thousands,consolidated,2022,149,https://api.mziq.com/mzfilemanager/v2/d/abb77a17-3348-4bc7-849a-154998e06ca3/585ea860-6429-8936-4f48-5aa3151598e8?origin=2,work/empirical/notes_eletrobras_unigel/axia_2022.pdf,verified_note_or_arithmetic,Land not separately quantified; cannot construct land-excluded depreciable gross or physical age.
Eletrobras/Axia,2021,accounting_ad_to_charge,25.445175082022715,years_accounting_ratio,consolidated,2022,148,https://api.mziq.com/mzfilemanager/v2/d/abb77a17-3348-4bc7-849a-154998e06ca3/585ea860-6429-8936-4f48-5aa3151598e8?origin=2,work/empirical/notes_eletrobras_unigel/axia_2022.pdf,verified_note_or_arithmetic,Land not separately quantified; cannot construct land-excluded depreciable gross or physical age.
Eletrobras/Axia,2022,gross_ppe,82365222,BRL_thousands,consolidated,2022,149,https://api.mziq.com/mzfilemanager/v2/d/abb77a17-3348-4bc7-849a-154998e06ca3/585ea860-6429-8936-4f48-5aa3151598e8?origin=2,work/empirical/notes_eletrobras_unigel/axia_2022.pdf,verified_note_or_arithmetic,Land not separately quantified; cannot construct land-excluded depreciable gross or physical age.
Eletrobras/Axia,2022,cip,2716242,BRL_thousands,consolidated,2022,149,https://api.mziq.com/mzfilemanager/v2/d/abb77a17-3348-4bc7-849a-154998e06ca3/585ea860-6429-8936-4f48-5aa3151598e8?origin=2,work/empirical/notes_eletrobras_unigel/axia_2022.pdf,verified_note_or_arithmetic,Land not separately quantified; cannot construct land-excluded depreciable gross or physical age.
Eletrobras/Axia,2022,land,,BRL_thousands,consolidated,2022,149,https://api.mziq.com/mzfilemanager/v2/d/abb77a17-3348-4bc7-849a-154998e06ca3/585ea860-6429-8936-4f48-5aa3151598e8?origin=2,work/empirical/notes_eletrobras_unigel/axia_2022.pdf,missing_disaggregation,Land not separately quantified; cannot construct land-excluded depreciable gross or physical age.
Eletrobras/Axia,2022,pure_accumulated_depreciation,45088682,BRL_thousands,consolidated,2022,149,https://api.mziq.com/mzfilemanager/v2/d/abb77a17-3348-4bc7-849a-154998e06ca3/585ea860-6429-8936-4f48-5aa3151598e8?origin=2,work/empirical/notes_eletrobras_unigel/axia_2022.pdf,verified_note_or_arithmetic,Land not separately quantified; cannot construct land-excluded depreciable gross or physical age.
Eletrobras/Axia,2022,impairment,2536835,BRL_thousands,consolidated,2022,149,https://api.mziq.com/mzfilemanager/v2/d/abb77a17-3348-4bc7-849a-154998e06ca3/585ea860-6429-8936-4f48-5aa3151598e8?origin=2,work/empirical/notes_eletrobras_unigel/axia_2022.pdf,verified_note_or_arithmetic,Land not separately quantified; cannot construct land-excluded depreciable gross or physical age.
Eletrobras/Axia,2022,annual_ppe_depreciation,1644944,BRL_thousands,consolidated,2022,147,https://api.mziq.com/mzfilemanager/v2/d/abb77a17-3348-4bc7-849a-154998e06ca3/585ea860-6429-8936-4f48-5aa3151598e8?origin=2,work/empirical/notes_eletrobras_unigel/axia_2022.pdf,verified_note_or_arithmetic,Land not separately quantified; cannot construct land-excluded depreciable gross or physical age.
Eletrobras/Axia,2022,rou_gross,2052882,BRL_thousands,consolidated,2022,149,https://api.mziq.com/mzfilemanager/v2/d/abb77a17-3348-4bc7-849a-154998e06ca3/585ea860-6429-8936-4f48-5aa3151598e8?origin=2,work/empirical/notes_eletrobras_unigel/axia_2022.pdf,verified_note_or_arithmetic,Land not separately quantified; cannot construct land-excluded depreciable gross or physical age.
Eletrobras/Axia,2022,rou_ad,1097733,BRL_thousands,consolidated,2022,149,https://api.mziq.com/mzfilemanager/v2/d/abb77a17-3348-4bc7-849a-154998e06ca3/585ea860-6429-8936-4f48-5aa3151598e8?origin=2,work/empirical/notes_eletrobras_unigel/axia_2022.pdf,verified_note_or_arithmetic,Land not separately quantified; cannot construct land-excluded depreciable gross or physical age.
Eletrobras/Axia,2022,rou_charge,99806,BRL_thousands,consolidated,2022,147,https://api.mziq.com/mzfilemanager/v2/d/abb77a17-3348-4bc7-849a-154998e06ca3/585ea860-6429-8936-4f48-5aa3151598e8?origin=2,work/empirical/notes_eletrobras_unigel/axia_2022.pdf,verified_note_or_arithmetic,Land not separately quantified; cannot construct land-excluded depreciable gross or physical age.
Eletrobras/Axia,2022,rou_net,955149,BRL_thousands,consolidated,2022,149,https://api.mziq.com/mzfilemanager/v2/d/abb77a17-3348-4bc7-849a-154998e06ca3/585ea860-6429-8936-4f48-5aa3151598e8?origin=2,work/empirical/notes_eletrobras_unigel/axia_2022.pdf,verified_note_or_arithmetic,Land not separately quantified; cannot construct land-excluded depreciable gross or physical age.
Eletrobras/Axia,2022,own_ppe_gross,80312340,BRL_thousands,consolidated,2022,149,https://api.mziq.com/mzfilemanager/v2/d/abb77a17-3348-4bc7-849a-154998e06ca3/585ea860-6429-8936-4f48-5aa3151598e8?origin=2,work/empirical/notes_eletrobras_unigel/axia_2022.pdf,verified_note_or_arithmetic,Land not separately quantified; cannot construct land-excluded depreciable gross or physical age.
Eletrobras/Axia,2022,own_ppe_ad,43990949,BRL_thousands,consolidated,2022,149,https://api.mziq.com/mzfilemanager/v2/d/abb77a17-3348-4bc7-849a-154998e06ca3/585ea860-6429-8936-4f48-5aa3151598e8?origin=2,work/empirical/notes_eletrobras_unigel/axia_2022.pdf,verified_note_or_arithmetic,Land not separately quantified; cannot construct land-excluded depreciable gross or physical age.
Eletrobras/Axia,2022,own_ppe_charge,1545138,BRL_thousands,consolidated,2022,147,https://api.mziq.com/mzfilemanager/v2/d/abb77a17-3348-4bc7-849a-154998e06ca3/585ea860-6429-8936-4f48-5aa3151598e8?origin=2,work/empirical/notes_eletrobras_unigel/axia_2022.pdf,verified_note_or_arithmetic,Land not separately quantified; cannot construct land-excluded depreciable gross or physical age.
Eletrobras/Axia,2022,other_net_deductions,0,BRL_thousands,consolidated,2022,149,https://api.mziq.com/mzfilemanager/v2/d/abb77a17-3348-4bc7-849a-154998e06ca3/585ea860-6429-8936-4f48-5aa3151598e8?origin=2,work/empirical/notes_eletrobras_unigel/axia_2022.pdf,verified_note_or_arithmetic,Land not separately quantified; cannot construct land-excluded depreciable gross or physical age.
Eletrobras/Axia,2022,ppe_note_net,34739705,BRL_thousands,consolidated,2022,149,https://api.mziq.com/mzfilemanager/v2/d/abb77a17-3348-4bc7-849a-154998e06ca3/585ea860-6429-8936-4f48-5aa3151598e8?origin=2,work/empirical/notes_eletrobras_unigel/axia_2022.pdf,verified_note_or_arithmetic,Land not separately quantified; cannot construct land-excluded depreciable gross or physical age.
Eletrobras/Axia,2022,accounting_ad_to_charge,27.410466252954507,years_accounting_ratio,consolidated,2022,147,https://api.mziq.com/mzfilemanager/v2/d/abb77a17-3348-4bc7-849a-154998e06ca3/585ea860-6429-8936-4f48-5aa3151598e8?origin=2,work/empirical/notes_eletrobras_unigel/axia_2022.pdf,verified_note_or_arithmetic,Land not separately quantified; cannot construct land-excluded depreciable gross or physical age.
Eletrobras/Axia,2023,gross_ppe,82056338,BRL_thousands,consolidated,2025,102,https://api.mziq.com/mzfilemanager/v2/d/abb77a17-3348-4bc7-849a-154998e06ca3/be7c1c6f-b778-8168-194d-166aac47a03d?origin=2,work/empirical/notes_eletrobras_unigel/axia_2025.pdf,verified_note_or_arithmetic,Land not separately quantified; cannot construct land-excluded depreciable gross or physical age. Uses2025 revised2023 comparative gross/CIP/impairment; original2023 amounts82123503/4500092/1769570. Depreciation from2023 annual. Net difference toDFP1 thousand rounding.
Eletrobras/Axia,2023,cip,4432927,BRL_thousands,consolidated,2025,102,https://api.mziq.com/mzfilemanager/v2/d/abb77a17-3348-4bc7-849a-154998e06ca3/be7c1c6f-b778-8168-194d-166aac47a03d?origin=2,work/empirical/notes_eletrobras_unigel/axia_2025.pdf,verified_note_or_arithmetic,Land not separately quantified; cannot construct land-excluded depreciable gross or physical age. Uses2025 revised2023 comparative gross/CIP/impairment; original2023 amounts82123503/4500092/1769570. Depreciation from2023 annual. Net difference toDFP1 thousand rounding.
Eletrobras/Axia,2023,land,,BRL_thousands,consolidated,2025,102,https://api.mziq.com/mzfilemanager/v2/d/abb77a17-3348-4bc7-849a-154998e06ca3/be7c1c6f-b778-8168-194d-166aac47a03d?origin=2,work/empirical/notes_eletrobras_unigel/axia_2025.pdf,missing_disaggregation,Land not separately quantified; cannot construct land-excluded depreciable gross or physical age. Uses2025 revised2023 comparative gross/CIP/impairment; original2023 amounts82123503/4500092/1769570. Depreciation from2023 annual. Net difference toDFP1 thousand rounding.
Eletrobras/Axia,2023,pure_accumulated_depreciation,44548512,BRL_thousands,consolidated,2025,102,https://api.mziq.com/mzfilemanager/v2/d/abb77a17-3348-4bc7-849a-154998e06ca3/be7c1c6f-b778-8168-194d-166aac47a03d?origin=2,work/empirical/notes_eletrobras_unigel/axia_2025.pdf,verified_note_or_arithmetic,Land not separately quantified; cannot construct land-excluded depreciable gross or physical age. Uses2025 revised2023 comparative gross/CIP/impairment; original2023 amounts82123503/4500092/1769570. Depreciation from2023 annual. Net difference toDFP1 thousand rounding.
Eletrobras/Axia,2023,impairment,1702404,BRL_thousands,consolidated,2025,102,https://api.mziq.com/mzfilemanager/v2/d/abb77a17-3348-4bc7-849a-154998e06ca3/be7c1c6f-b778-8168-194d-166aac47a03d?origin=2,work/empirical/notes_eletrobras_unigel/axia_2025.pdf,verified_note_or_arithmetic,Land not separately quantified; cannot construct land-excluded depreciable gross or physical age. Uses2025 revised2023 comparative gross/CIP/impairment; original2023 amounts82123503/4500092/1769570. Depreciation from2023 annual. Net difference toDFP1 thousand rounding.
Eletrobras/Axia,2023,annual_ppe_depreciation,1975400,BRL_thousands,consolidated,2023,64,https://api.mziq.com/mzfilemanager/v2/d/abb77a17-3348-4bc7-849a-154998e06ca3/261db722-4cdf-2b6f-5dc9-5421f512176c?origin=2,work/empirical/notes_eletrobras_unigel/axia_2023.pdf,verified_note_or_arithmetic,Land not separately quantified; cannot construct land-excluded depreciable gross or physical age. Uses2025 revised2023 comparative gross/CIP/impairment; original2023 amounts82123503/4500092/1769570. Depreciation from2023 annual. Net difference toDFP1 thousand rounding.
Eletrobras/Axia,2023,rou_gross,1350009,BRL_thousands,consolidated,2025,102,https://api.mziq.com/mzfilemanager/v2/d/abb77a17-3348-4bc7-849a-154998e06ca3/be7c1c6f-b778-8168-194d-166aac47a03d?origin=2,work/empirical/notes_eletrobras_unigel/axia_2025.pdf,verified_note_or_arithmetic,Land not separately quantified; cannot construct land-excluded depreciable gross or physical age. Uses2025 revised2023 comparative gross/CIP/impairment; original2023 amounts82123503/4500092/1769570. Depreciation from2023 annual. Net difference toDFP1 thousand rounding.
Eletrobras/Axia,2023,rou_ad,1191038,BRL_thousands,consolidated,2025,102,https://api.mziq.com/mzfilemanager/v2/d/abb77a17-3348-4bc7-849a-154998e06ca3/be7c1c6f-b778-8168-194d-166aac47a03d?origin=2,work/empirical/notes_eletrobras_unigel/axia_2025.pdf,verified_note_or_arithmetic,Land not separately quantified; cannot construct land-excluded depreciable gross or physical age. Uses2025 revised2023 comparative gross/CIP/impairment; original2023 amounts82123503/4500092/1769570. Depreciation from2023 annual. Net difference toDFP1 thousand rounding.
Eletrobras/Axia,2023,rou_charge,92403,BRL_thousands,consolidated,2023,64,https://api.mziq.com/mzfilemanager/v2/d/abb77a17-3348-4bc7-849a-154998e06ca3/261db722-4cdf-2b6f-5dc9-5421f512176c?origin=2,work/empirical/notes_eletrobras_unigel/axia_2023.pdf,verified_note_or_arithmetic,Land not separately quantified; cannot construct land-excluded depreciable gross or physical age. Uses2025 revised2023 comparative gross/CIP/impairment; original2023 amounts82123503/4500092/1769570. Depreciation from2023 annual. Net difference toDFP1 thousand rounding.
Eletrobras/Axia,2023,rou_net,158971,BRL_thousands,consolidated,2025,102,https://api.mziq.com/mzfilemanager/v2/d/abb77a17-3348-4bc7-849a-154998e06ca3/be7c1c6f-b778-8168-194d-166aac47a03d?origin=2,work/empirical/notes_eletrobras_unigel/axia_2025.pdf,verified_note_or_arithmetic,Land not separately quantified; cannot construct land-excluded depreciable gross or physical age. Uses2025 revised2023 comparative gross/CIP/impairment; original2023 amounts82123503/4500092/1769570. Depreciation from2023 annual. Net difference toDFP1 thousand rounding.
Eletrobras/Axia,2023,own_ppe_gross,80706329,BRL_thousands,consolidated,2025,102,https://api.mziq.com/mzfilemanager/v2/d/abb77a17-3348-4bc7-849a-154998e06ca3/be7c1c6f-b778-8168-194d-166aac47a03d?origin=2,work/empirical/notes_eletrobras_unigel/axia_2025.pdf,verified_note_or_arithmetic,Land not separately quantified; cannot construct land-excluded depreciable gross or physical age. Uses2025 revised2023 comparative gross/CIP/impairment; original2023 amounts82123503/4500092/1769570. Depreciation from2023 annual. Net difference toDFP1 thousand rounding.
Eletrobras/Axia,2023,own_ppe_ad,43357474,BRL_thousands,consolidated,2025,102,https://api.mziq.com/mzfilemanager/v2/d/abb77a17-3348-4bc7-849a-154998e06ca3/be7c1c6f-b778-8168-194d-166aac47a03d?origin=2,work/empirical/notes_eletrobras_unigel/axia_2025.pdf,verified_note_or_arithmetic,Land not separately quantified; cannot construct land-excluded depreciable gross or physical age. Uses2025 revised2023 comparative gross/CIP/impairment; original2023 amounts82123503/4500092/1769570. Depreciation from2023 annual. Net difference toDFP1 thousand rounding.
Eletrobras/Axia,2023,own_ppe_charge,1882997,BRL_thousands,consolidated,2023,64,https://api.mziq.com/mzfilemanager/v2/d/abb77a17-3348-4bc7-849a-154998e06ca3/261db722-4cdf-2b6f-5dc9-5421f512176c?origin=2,work/empirical/notes_eletrobras_unigel/axia_2023.pdf,verified_note_or_arithmetic,Land not separately quantified; cannot construct land-excluded depreciable gross or physical age. Uses2025 revised2023 comparative gross/CIP/impairment; original2023 amounts82123503/4500092/1769570. Depreciation from2023 annual. Net difference toDFP1 thousand rounding.
Eletrobras/Axia,2023,other_net_deductions,0,BRL_thousands,consolidated,2025,102,https://api.mziq.com/mzfilemanager/v2/d/abb77a17-3348-4bc7-849a-154998e06ca3/be7c1c6f-b778-8168-194d-166aac47a03d?origin=2,work/empirical/notes_eletrobras_unigel/axia_2025.pdf,verified_note_or_arithmetic,Land not separately quantified; cannot construct land-excluded depreciable gross or physical age. Uses2025 revised2023 comparative gross/CIP/impairment; original2023 amounts82123503/4500092/1769570. Depreciation from2023 annual. Net difference toDFP1 thousand rounding.
Eletrobras/Axia,2023,ppe_note_net,35805422,BRL_thousands,consolidated,2025,102,https://api.mziq.com/mzfilemanager/v2/d/abb77a17-3348-4bc7-849a-154998e06ca3/be7c1c6f-b778-8168-194d-166aac47a03d?origin=2,work/empirical/notes_eletrobras_unigel/axia_2025.pdf,verified_note_or_arithmetic,Land not separately quantified; cannot construct land-excluded depreciable gross or physical age. Uses2025 revised2023 comparative gross/CIP/impairment; original2023 amounts82123503/4500092/1769570. Depreciation from2023 annual. Net difference toDFP1 thousand rounding.
Eletrobras/Axia,2023,accounting_ad_to_charge,22.55164118659512,years_accounting_ratio,consolidated,2023,64,https://api.mziq.com/mzfilemanager/v2/d/abb77a17-3348-4bc7-849a-154998e06ca3/261db722-4cdf-2b6f-5dc9-5421f512176c?origin=2,work/empirical/notes_eletrobras_unigel/axia_2023.pdf,verified_note_or_arithmetic,Land not separately quantified; cannot construct land-excluded depreciable gross or physical age. Uses2025 revised2023 comparative gross/CIP/impairment; original2023 amounts82123503/4500092/1769570. Depreciation from2023 annual. Net difference toDFP1 thousand rounding.
Eletrobras/Axia,2024,gross_ppe,83946366,BRL_thousands,consolidated,2025,102,https://api.mziq.com/mzfilemanager/v2/d/abb77a17-3348-4bc7-849a-154998e06ca3/be7c1c6f-b778-8168-194d-166aac47a03d?origin=2,work/empirical/notes_eletrobras_unigel/axia_2025.pdf,verified_note_or_arithmetic,Land not separately quantified; cannot construct land-excluded depreciable gross or physical age.
Eletrobras/Axia,2024,cip,5141851,BRL_thousands,consolidated,2025,102,https://api.mziq.com/mzfilemanager/v2/d/abb77a17-3348-4bc7-849a-154998e06ca3/be7c1c6f-b778-8168-194d-166aac47a03d?origin=2,work/empirical/notes_eletrobras_unigel/axia_2025.pdf,verified_note_or_arithmetic,Land not separately quantified; cannot construct land-excluded depreciable gross or physical age.
Eletrobras/Axia,2024,land,,BRL_thousands,consolidated,2025,102,https://api.mziq.com/mzfilemanager/v2/d/abb77a17-3348-4bc7-849a-154998e06ca3/be7c1c6f-b778-8168-194d-166aac47a03d?origin=2,work/empirical/notes_eletrobras_unigel/axia_2025.pdf,missing_disaggregation,Land not separately quantified; cannot construct land-excluded depreciable gross or physical age.
Eletrobras/Axia,2024,pure_accumulated_depreciation,45916598,BRL_thousands,consolidated,2025,102,https://api.mziq.com/mzfilemanager/v2/d/abb77a17-3348-4bc7-849a-154998e06ca3/be7c1c6f-b778-8168-194d-166aac47a03d?origin=2,work/empirical/notes_eletrobras_unigel/axia_2025.pdf,verified_note_or_arithmetic,Land not separately quantified; cannot construct land-excluded depreciable gross or physical age.
Eletrobras/Axia,2024,impairment,1175712,BRL_thousands,consolidated,2025,102,https://api.mziq.com/mzfilemanager/v2/d/abb77a17-3348-4bc7-849a-154998e06ca3/be7c1c6f-b778-8168-194d-166aac47a03d?origin=2,work/empirical/notes_eletrobras_unigel/axia_2025.pdf,verified_note_or_arithmetic,Land not separately quantified; cannot construct land-excluded depreciable gross or physical age.
Eletrobras/Axia,2024,annual_ppe_depreciation,1907233,BRL_thousands,consolidated,2025,102,https://api.mziq.com/mzfilemanager/v2/d/abb77a17-3348-4bc7-849a-154998e06ca3/be7c1c6f-b778-8168-194d-166aac47a03d?origin=2,work/empirical/notes_eletrobras_unigel/axia_2025.pdf,verified_note_or_arithmetic,Land not separately quantified; cannot construct land-excluded depreciable gross or physical age.
Eletrobras/Axia,2024,rou_gross,1386894,BRL_thousands,consolidated,2025,102,https://api.mziq.com/mzfilemanager/v2/d/abb77a17-3348-4bc7-849a-154998e06ca3/be7c1c6f-b778-8168-194d-166aac47a03d?origin=2,work/empirical/notes_eletrobras_unigel/axia_2025.pdf,verified_note_or_arithmetic,Land not separately quantified; cannot construct land-excluded depreciable gross or physical age.
Eletrobras/Axia,2024,rou_ad,1236369,BRL_thousands,consolidated,2025,102,https://api.mziq.com/mzfilemanager/v2/d/abb77a17-3348-4bc7-849a-154998e06ca3/be7c1c6f-b778-8168-194d-166aac47a03d?origin=2,work/empirical/notes_eletrobras_unigel/axia_2025.pdf,verified_note_or_arithmetic,Land not separately quantified; cannot construct land-excluded depreciable gross or physical age.
Eletrobras/Axia,2024,rou_charge,45331,BRL_thousands,consolidated,2025,102,https://api.mziq.com/mzfilemanager/v2/d/abb77a17-3348-4bc7-849a-154998e06ca3/be7c1c6f-b778-8168-194d-166aac47a03d?origin=2,work/empirical/notes_eletrobras_unigel/axia_2025.pdf,verified_note_or_arithmetic,Land not separately quantified; cannot construct land-excluded depreciable gross or physical age.
Eletrobras/Axia,2024,rou_net,150525,BRL_thousands,consolidated,2025,102,https://api.mziq.com/mzfilemanager/v2/d/abb77a17-3348-4bc7-849a-154998e06ca3/be7c1c6f-b778-8168-194d-166aac47a03d?origin=2,work/empirical/notes_eletrobras_unigel/axia_2025.pdf,verified_note_or_arithmetic,Land not separately quantified; cannot construct land-excluded depreciable gross or physical age.
Eletrobras/Axia,2024,own_ppe_gross,82559472,BRL_thousands,consolidated,2025,102,https://api.mziq.com/mzfilemanager/v2/d/abb77a17-3348-4bc7-849a-154998e06ca3/be7c1c6f-b778-8168-194d-166aac47a03d?origin=2,work/empirical/notes_eletrobras_unigel/axia_2025.pdf,verified_note_or_arithmetic,Land not separately quantified; cannot construct land-excluded depreciable gross or physical age.
Eletrobras/Axia,2024,own_ppe_ad,44680229,BRL_thousands,consolidated,2025,102,https://api.mziq.com/mzfilemanager/v2/d/abb77a17-3348-4bc7-849a-154998e06ca3/be7c1c6f-b778-8168-194d-166aac47a03d?origin=2,work/empirical/notes_eletrobras_unigel/axia_2025.pdf,verified_note_or_arithmetic,Land not separately quantified; cannot construct land-excluded depreciable gross or physical age.
Eletrobras/Axia,2024,own_ppe_charge,1861902,BRL_thousands,consolidated,2025,102,https://api.mziq.com/mzfilemanager/v2/d/abb77a17-3348-4bc7-849a-154998e06ca3/be7c1c6f-b778-8168-194d-166aac47a03d?origin=2,work/empirical/notes_eletrobras_unigel/axia_2025.pdf,verified_note_or_arithmetic,Land not separately quantified; cannot construct land-excluded depreciable gross or physical age.
Eletrobras/Axia,2024,other_net_deductions,0,BRL_thousands,consolidated,2025,102,https://api.mziq.com/mzfilemanager/v2/d/abb77a17-3348-4bc7-849a-154998e06ca3/be7c1c6f-b778-8168-194d-166aac47a03d?origin=2,work/empirical/notes_eletrobras_unigel/axia_2025.pdf,verified_note_or_arithmetic,Land not separately quantified; cannot construct land-excluded depreciable gross or physical age.
Eletrobras/Axia,2024,ppe_note_net,36854056,BRL_thousands,consolidated,2025,102,https://api.mziq.com/mzfilemanager/v2/d/abb77a17-3348-4bc7-849a-154998e06ca3/be7c1c6f-b778-8168-194d-166aac47a03d?origin=2,work/empirical/notes_eletrobras_unigel/axia_2025.pdf,verified_note_or_arithmetic,Land not separately quantified; cannot construct land-excluded depreciable gross or physical age.
Eletrobras/Axia,2024,accounting_ad_to_charge,24.074980875435774,years_accounting_ratio,consolidated,2025,102,https://api.mziq.com/mzfilemanager/v2/d/abb77a17-3348-4bc7-849a-154998e06ca3/be7c1c6f-b778-8168-194d-166aac47a03d?origin=2,work/empirical/notes_eletrobras_unigel/axia_2025.pdf,verified_note_or_arithmetic,Land not separately quantified; cannot construct land-excluded depreciable gross or physical age.
Eletrobras/Axia,2025,gross_ppe,87355821,BRL_thousands,consolidated,2025,102,https://api.mziq.com/mzfilemanager/v2/d/abb77a17-3348-4bc7-849a-154998e06ca3/be7c1c6f-b778-8168-194d-166aac47a03d?origin=2,work/empirical/notes_eletrobras_unigel/axia_2025.pdf,verified_note_or_arithmetic,Land not separately quantified; cannot construct land-excluded depreciable gross or physical age.
Eletrobras/Axia,2025,cip,3507613,BRL_thousands,consolidated,2025,102,https://api.mziq.com/mzfilemanager/v2/d/abb77a17-3348-4bc7-849a-154998e06ca3/be7c1c6f-b778-8168-194d-166aac47a03d?origin=2,work/empirical/notes_eletrobras_unigel/axia_2025.pdf,verified_note_or_arithmetic,Land not separately quantified; cannot construct land-excluded depreciable gross or physical age.
Eletrobras/Axia,2025,land,,BRL_thousands,consolidated,2025,102,https://api.mziq.com/mzfilemanager/v2/d/abb77a17-3348-4bc7-849a-154998e06ca3/be7c1c6f-b778-8168-194d-166aac47a03d?origin=2,work/empirical/notes_eletrobras_unigel/axia_2025.pdf,missing_disaggregation,Land not separately quantified; cannot construct land-excluded depreciable gross or physical age.
Eletrobras/Axia,2025,pure_accumulated_depreciation,46929523,BRL_thousands,consolidated,2025,102,https://api.mziq.com/mzfilemanager/v2/d/abb77a17-3348-4bc7-849a-154998e06ca3/be7c1c6f-b778-8168-194d-166aac47a03d?origin=2,work/empirical/notes_eletrobras_unigel/axia_2025.pdf,verified_note_or_arithmetic,Land not separately quantified; cannot construct land-excluded depreciable gross or physical age.
Eletrobras/Axia,2025,impairment,767121,BRL_thousands,consolidated,2025,102,https://api.mziq.com/mzfilemanager/v2/d/abb77a17-3348-4bc7-849a-154998e06ca3/be7c1c6f-b778-8168-194d-166aac47a03d?origin=2,work/empirical/notes_eletrobras_unigel/axia_2025.pdf,verified_note_or_arithmetic,Land not separately quantified; cannot construct land-excluded depreciable gross or physical age.
Eletrobras/Axia,2025,annual_ppe_depreciation,2160513,BRL_thousands,consolidated,2025,102,https://api.mziq.com/mzfilemanager/v2/d/abb77a17-3348-4bc7-849a-154998e06ca3/be7c1c6f-b778-8168-194d-166aac47a03d?origin=2,work/empirical/notes_eletrobras_unigel/axia_2025.pdf,verified_note_or_arithmetic,Land not separately quantified; cannot construct land-excluded depreciable gross or physical age.
Eletrobras/Axia,2025,rou_gross,1733760,BRL_thousands,consolidated,2025,102,https://api.mziq.com/mzfilemanager/v2/d/abb77a17-3348-4bc7-849a-154998e06ca3/be7c1c6f-b778-8168-194d-166aac47a03d?origin=2,work/empirical/notes_eletrobras_unigel/axia_2025.pdf,verified_note_or_arithmetic,Land not separately quantified; cannot construct land-excluded depreciable gross or physical age.
Eletrobras/Axia,2025,rou_ad,1291896,BRL_thousands,consolidated,2025,102,https://api.mziq.com/mzfilemanager/v2/d/abb77a17-3348-4bc7-849a-154998e06ca3/be7c1c6f-b778-8168-194d-166aac47a03d?origin=2,work/empirical/notes_eletrobras_unigel/axia_2025.pdf,verified_note_or_arithmetic,Land not separately quantified; cannot construct land-excluded depreciable gross or physical age.
Eletrobras/Axia,2025,rou_charge,55527,BRL_thousands,consolidated,2025,102,https://api.mziq.com/mzfilemanager/v2/d/abb77a17-3348-4bc7-849a-154998e06ca3/be7c1c6f-b778-8168-194d-166aac47a03d?origin=2,work/empirical/notes_eletrobras_unigel/axia_2025.pdf,verified_note_or_arithmetic,Land not separately quantified; cannot construct land-excluded depreciable gross or physical age.
Eletrobras/Axia,2025,rou_net,441864,BRL_thousands,consolidated,2025,102,https://api.mziq.com/mzfilemanager/v2/d/abb77a17-3348-4bc7-849a-154998e06ca3/be7c1c6f-b778-8168-194d-166aac47a03d?origin=2,work/empirical/notes_eletrobras_unigel/axia_2025.pdf,verified_note_or_arithmetic,Land not separately quantified; cannot construct land-excluded depreciable gross or physical age.
Eletrobras/Axia,2025,own_ppe_gross,85622061,BRL_thousands,consolidated,2025,102,https://api.mziq.com/mzfilemanager/v2/d/abb77a17-3348-4bc7-849a-154998e06ca3/be7c1c6f-b778-8168-194d-166aac47a03d?origin=2,work/empirical/notes_eletrobras_unigel/axia_2025.pdf,verified_note_or_arithmetic,Land not separately quantified; cannot construct land-excluded depreciable gross or physical age.
Eletrobras/Axia,2025,own_ppe_ad,45637627,BRL_thousands,consolidated,2025,102,https://api.mziq.com/mzfilemanager/v2/d/abb77a17-3348-4bc7-849a-154998e06ca3/be7c1c6f-b778-8168-194d-166aac47a03d?origin=2,work/empirical/notes_eletrobras_unigel/axia_2025.pdf,verified_note_or_arithmetic,Land not separately quantified; cannot construct land-excluded depreciable gross or physical age.
Eletrobras/Axia,2025,own_ppe_charge,2104986,BRL_thousands,consolidated,2025,102,https://api.mziq.com/mzfilemanager/v2/d/abb77a17-3348-4bc7-849a-154998e06ca3/be7c1c6f-b778-8168-194d-166aac47a03d?origin=2,work/empirical/notes_eletrobras_unigel/axia_2025.pdf,verified_note_or_arithmetic,Land not separately quantified; cannot construct land-excluded depreciable gross or physical age.
Eletrobras/Axia,2025,other_net_deductions,0,BRL_thousands,consolidated,2025,102,https://api.mziq.com/mzfilemanager/v2/d/abb77a17-3348-4bc7-849a-154998e06ca3/be7c1c6f-b778-8168-194d-166aac47a03d?origin=2,work/empirical/notes_eletrobras_unigel/axia_2025.pdf,verified_note_or_arithmetic,Land not separately quantified; cannot construct land-excluded depreciable gross or physical age.
Eletrobras/Axia,2025,ppe_note_net,39659177,BRL_thousands,consolidated,2025,102,https://api.mziq.com/mzfilemanager/v2/d/abb77a17-3348-4bc7-849a-154998e06ca3/be7c1c6f-b778-8168-194d-166aac47a03d?origin=2,work/empirical/notes_eletrobras_unigel/axia_2025.pdf,verified_note_or_arithmetic,Land not separately quantified; cannot construct land-excluded depreciable gross or physical age.
Eletrobras/Axia,2025,accounting_ad_to_charge,21.72147216887841,years_accounting_ratio,consolidated,2025,102,https://api.mziq.com/mzfilemanager/v2/d/abb77a17-3348-4bc7-849a-154998e06ca3/be7c1c6f-b778-8168-194d-166aac47a03d?origin=2,work/empirical/notes_eletrobras_unigel/axia_2025.pdf,verified_note_or_arithmetic,Land not separately quantified; cannot construct land-excluded depreciable gross or physical age.
