7447	https://www3.bcb.gov.br/sgspub/consultarmetadados/consultarMetadadosSeries.do?method=consultarMetadadosSeriesInternet&hdOidSerieSelecionada=7447	2026-10-04T13:26:33.595501855Z	2026-10-04T13:26:33.694488675Z
7447	https://www3.bcb.gov.br/sgspub/JSP/consultarmetadados/cmiDadosBasicos.jsp	2026-10-04T13:26:33.695340960Z	2026-10-04T13:26:33.758494448Z
7456	https://www3.bcb.gov.br/sgspub/consultarmetadados/consultarMetadadosSeries.do?method=consultarMetadadosSeriesInternet&hdOidSerieSelecionada=7456	2026-10-04T13:26:33.759400917Z	2026-10-04T13:26:33.835945220Z
7456	https://www3.bcb.gov.br/sgspub/JSP/consultarmetadados/cmiDadosBasicos.jsp	2026-10-04T13:26:33.836865620Z	2026-10-04T13:26:33.896850325Z
189	https://www3.bcb.gov.br/sgspub/consultarmetadados/consultarMetadadosSeries.do?method=consultarMetadadosSeriesInternet&hdOidSerieSelecionada=189	2026-10-04T13:26:33.897929561Z	2026-10-04T13:26:33.997633953Z
189	https://www3.bcb.gov.br/sgspub/JSP/consultarmetadados/cmiDadosBasicos.jsp	2026-10-04T13:26:33.998527515Z	2026-10-04T13:26:34.061888650Z
192	https://www3.bcb.gov.br/sgspub/consultarmetadados/consultarMetadadosSeries.do?method=consultarMetadadosSeriesInternet&hdOidSerieSelecionada=192	2026-10-04T13:26:34.062772946Z	2026-10-04T13:26:34.139905184Z
192	https://www3.bcb.gov.br/sgspub/JSP/consultarmetadados/cmiDadosBasicos.jsp	2026-10-04T13:26:34.140814987Z	2026-10-04T13:26:34.200473185Z
7447	https://www3.bcb.gov.br/sgspub/consultarmetadados/consultarMetadadosSeries.do?method=consultarMetadadosSeriesInternet&hdOidSerieSelecionada=7447	2026-10-04T13:27:09.264120603Z	2026-10-04T13:27:09.351379846Z
7447	https://www3.bcb.gov.br/sgspub/JSP/consultarmetadados/cmiDadosBasicos.jsp	2026-10-04T13:27:09.352252305Z	2026-10-04T13:27:09.416852533Z
7456	https://www3.bcb.gov.br/sgspub/consultarmetadados/consultarMetadadosSeries.do?method=consultarMetadadosSeriesInternet&hdOidSerieSelecionada=7456	2026-10-04T13:27:09.417758694Z	2026-10-04T13:27:09.513530492Z
7456	https://www3.bcb.gov.br/sgspub/JSP/consultarmetadados/cmiDadosBasicos.jsp	2026-10-04T13:27:09.514334796Z	2026-10-04T13:27:09.574108191Z
189	https://www3.bcb.gov.br/sgspub/consultarmetadados/consultarMetadadosSeries.do?method=consultarMetadadosSeriesInternet&hdOidSerieSelecionada=189	2026-10-04T13:27:09.575050969Z	2026-10-04T13:27:09.653115558Z
189	https://www3.bcb.gov.br/sgspub/JSP/consultarmetadados/cmiDadosBasicos.jsp	2026-10-04T13:27:09.653975152Z	2026-10-04T13:27:09.726689386Z
192	https://www3.bcb.gov.br/sgspub/consultarmetadados/consultarMetadadosSeries.do?method=consultarMetadadosSeriesInternet&hdOidSerieSelecionada=192	2026-10-04T13:27:09.727576700Z	2026-10-04T13:27:09.795090420Z
192	https://www3.bcb.gov.br/sgspub/JSP/consultarmetadados/cmiDadosBasicos.jsp	2026-10-04T13:27:09.795928262Z	2026-10-04T13:27:09.853368167Z
7456	https://www3.bcb.gov.br/sgspub/consultarvalores/consultarValoresSeries.do?method=downLoad	2026-10-04T13:27:10.056369782Z	2026-10-04T13:27:10.135268131Z
189	https://www3.bcb.gov.br/sgspub/consultarvalores/consultarValoresSeries.do?method=downLoad	2026-10-04T13:27:10.391066005Z	2026-10-04T13:27:10.472726174Z
