date,index,sgs_code,monthly_pct,number_index,index_base_month
1994-09-01,INCC-M,7456,0.31,100.31000000000002,1994-08
1994-10-01,INCC-M,7456,0.88,101.192728,1994-08
1994-11-01,INCC-M,7456,1.42,102.6296647376,1994-08
1994-12-01,INCC-M,7456,2.44,105.13382855719743,1994-08
1995-01-01,INCC-M,7456,1.37,106.57416200843105,1994-08
1995-02-01,INCC-M,7456,3.54,110.34688734352952,1994-08
1995-03-01,INCC-M,7456,2.41,113.00624732850858,1994-08
1995-04-01,INCC-M,7456,2.74,116.10261850530972,1994-08
1995-05-01,INCC-M,7456,2.43,118.92391213498874,1994-08
1995-06-01,INCC-M,7456,9.38,130.0789750932507,1994-08
1995-07-01,INCC-M,7456,2.71,133.6041153182778,1994-08
1995-08-01,INCC-M,7456,0.93,134.84663359073778,1994-08
1995-09-01,INCC-M,7456,0.46,135.46692810525516,1994-08
1995-10-01,INCC-M,7456,0.72,136.442289987613,1994-08
1995-11-01,INCC-M,7456,0.76,137.4792513915189,1994-08
1995-12-01,INCC-M,7456,1.07,138.95027938140814,1994-08
1996-01-01,INCC-M,7456,0.67,139.88124625326355,1994-08
1996-02-01,INCC-M,7456,1.35,141.76964307768262,1994-08
1996-03-01,INCC-M,7456,0.19,142.03900539953023,1994-08
1996-04-01,INCC-M,7456,0.89,143.30315254758602,1994-08
1996-05-01,INCC-M,7456,0.55,144.09131988659774,1994-08
1996-06-01,INCC-M,7456,2.01,146.98755541631837,1994-08
1996-07-01,INCC-M,7456,1.52,149.22176625864643,1994-08
1996-08-01,INCC-M,7456,0.74,150.32600732896043,1994-08
1996-09-01,INCC-M,7456,0.15,150.55149633995387,1994-08
1996-10-01,INCC-M,7456,0.23,150.89776478153576,1994-08
1996-11-01,INCC-M,7456,0.28,151.32027852292404,1994-08
1996-12-01,INCC-M,7456,0.48,152.04661585983408,1994-08
1997-01-01,INCC-M,7456,0.68,153.08053284768093,1994-08
1997-02-01,INCC-M,7456,0.31,153.55508249950876,1994-08
1997-03-01,INCC-M,7456,0.42,154.2000138460067,1994-08
1997-04-01,INCC-M,7456,0.73,155.32567394708255,1994-08
1997-05-01,INCC-M,7456,0.3,155.7916509689238,1994-08
1997-06-01,INCC-M,7456,1.0,157.34956747861304,1994-08
1997-07-01,INCC-M,7456,0.94,158.82865341291202,1994-08
1997-08-01,INCC-M,7456,0.55,159.70221100668306,1994-08
1997-09-01,INCC-M,7456,1.18,161.58669709656192,1994-08
1997-10-01,INCC-M,7456,0.22,161.94218783017436,1994-08
1997-11-01,INCC-M,7456,0.22,162.29846064340074,1994-08
1997-12-01,INCC-M,7456,0.52,163.14241263874644,1994-08
1998-01-01,INCC-M,7456,0.29,163.6155256353988,1994-08
1998-02-01,INCC-M,7456,0.48,164.4008801584487,1994-08
1998-03-01,INCC-M,7456,0.31,164.9105228869399,1994-08
1998-04-01,INCC-M,7456,-0.46,164.15193448165996,1994-08
1998-05-01,INCC-M,7456,0.47,164.92344857372376,1994-08
1998-06-01,INCC-M,7456,0.86,166.34179023145776,1994-08
1998-07-01,INCC-M,7456,0.42,167.04042575042988,1994-08
1998-08-01,INCC-M,7456,0.29,167.52484298510612,1994-08
1998-09-01,INCC-M,7456,0.09,167.67561534379269,1994-08
1998-10-01,INCC-M,7456,0.05,167.75945315146458,1994-08
1998-11-01,INCC-M,7456,-0.07,167.64202153425856,1994-08
1998-12-01,INCC-M,7456,-0.01,167.62525733210515,1994-08
1999-01-01,INCC-M,7456,0.21,167.97727037250257,1994-08
1999-02-01,INCC-M,7456,0.62,169.01872944881208,1994-08
1999-03-01,INCC-M,7456,0.91,170.55679988679628,1994-08
1999-04-01,INCC-M,7456,0.58,171.54602932613972,1994-08
1999-05-01,INCC-M,7456,0.38,172.19790423757905,1994-08
1999-06-01,INCC-M,7456,0.88,173.71324579486972,1994-08
1999-07-01,INCC-M,7456,0.41,174.42547010262868,1994-08
1999-08-01,INCC-M,7456,0.52,175.33248254716236,1994-08
1999-09-01,INCC-M,7456,0.83,176.7877421523038,1994-08
1999-10-01,INCC-M,7456,0.79,178.184365315307,1994-08
1999-11-01,INCC-M,7456,1.22,180.35821457215374,1994-08
1999-12-01,INCC-M,7456,0.81,181.8191161101882,1994-08
2000-01-01,INCC-M,7456,1.15,183.91003594545538,1994-08
2000-02-01,INCC-M,7456,0.89,185.5468352653699,1994-08
2000-03-01,INCC-M,7456,0.82,187.06831931454593,1994-08
2000-04-01,INCC-M,7456,0.69,188.3590907178163,1994-08
2000-05-01,INCC-M,7456,0.57,189.43273753490786,1994-08
2000-06-01,INCC-M,7456,1.09,191.49755437403834,1994-08
2000-07-01,INCC-M,7456,0.83,193.08698407534285,1994-08
2000-08-01,INCC-M,7456,0.35,193.76278851960657,1994-08
2000-09-01,INCC-M,7456,0.3,194.34407688516538,1994-08
2000-10-01,INCC-M,7456,0.28,194.8882403004438,1994-08
2000-11-01,INCC-M,7456,0.29,195.45341619731508,1994-08
2000-12-01,INCC-M,7456,0.49,196.4111379366819,1994-08
2001-01-01,INCC-M,7456,0.4,197.19678248842865,1994-08
2001-02-01,INCC-M,7456,0.55,198.28136479211503,1994-08
2001-03-01,INCC-M,7456,0.34,198.95552143240823,1994-08
2001-04-01,INCC-M,7456,0.28,199.51259689241897,1994-08
2001-05-01,INCC-M,7456,2.0,203.50284883026734,1994-08
2001-06-01,INCC-M,7456,0.69,204.90701848719615,1994-08
2001-07-01,INCC-M,7456,1.07,207.09952358500914,1994-08
2001-08-01,INCC-M,7456,0.56,208.2592809170852,1994-08
2001-09-01,INCC-M,7456,0.59,209.488010674496,1994-08
2001-10-01,INCC-M,7456,0.92,211.41530037270138,1994-08
2001-11-01,INCC-M,7456,0.6,212.6837921749376,1994-08
2001-12-01,INCC-M,7456,0.7,214.17257872016214,1994-08
2002-01-01,INCC-M,7456,0.4,215.02926903504277,1994-08
2002-02-01,INCC-M,7456,0.31,215.69585976905142,1994-08
2002-03-01,INCC-M,7456,0.84,217.50770499111144,1994-08
2002-04-01,INCC-M,7456,0.32,218.203729647083,1994-08
2002-05-01,INCC-M,7456,2.47,223.59336176936594,1994-08
2002-06-01,INCC-M,7456,0.21,224.0629078290816,1994-08
2002-07-01,INCC-M,7456,0.63,225.4745041484048,1994-08
2002-08-01,INCC-M,7456,0.82,227.3233950824217,1994-08
2002-09-01,INCC-M,7456,0.68,228.86919416898215,1994-08
2002-10-01,INCC-M,7456,0.82,230.7459215611678,1994-08
2002-11-01,INCC-M,7456,2.19,235.79925724335737,1994-08
2002-12-01,INCC-M,7456,2.13,240.8217814226409,1994-08
2003-01-01,INCC-M,7456,1.45,244.31369725326917,1994-08
2003-02-01,INCC-M,7456,1.6,248.2227164093215,1994-08
2003-03-01,INCC-M,7456,1.38,251.64818989577014,1994-08
2003-04-01,INCC-M,7456,0.81,253.68654023392588,1994-08
2003-05-01,INCC-M,7456,2.98,261.2463991328969,1994-08
2003-06-01,INCC-M,7456,0.74,263.17962248648035,1994-08
2003-07-01,INCC-M,7456,0.59,264.7323822591506,1994-08
2003-08-01,INCC-M,7456,2.2,270.55649466885194,1994-08
2003-09-01,INCC-M,7456,0.24,271.2058302560572,1994-08
2003-10-01,INCC-M,7456,0.47,272.4804976582607,1994-08
2003-11-01,INCC-M,7456,0.42,273.62491574842534,1994-08
2003-12-01,INCC-M,7456,0.99,276.33380241433474,1994-08
2004-01-01,INCC-M,7456,0.28,277.10753706109483,1994-08
2004-02-01,INCC-M,7456,0.48,278.43765323898805,1994-08
2004-03-01,INCC-M,7456,1.59,282.86481192548797,1994-08
2004-04-01,INCC-M,7456,0.6,284.5620007970409,1994-08
2004-05-01,INCC-M,7456,1.74,289.51337961090945,1994-08
2004-06-01,INCC-M,7456,0.56,291.1346545367306,1994-08
2004-07-01,INCC-M,7456,1.12,294.395362667542,1994-08
2004-08-01,INCC-M,7456,0.9,297.0449209315498,1994-08
2004-09-01,INCC-M,7456,0.67,299.0351219017912,1994-08
2004-10-01,INCC-M,7456,0.95,301.8759555598582,1994-08
2004-11-01,INCC-M,7456,0.94,304.71358954212087,1994-08
2004-12-01,INCC-M,7456,0.61,306.5723424383278,1994-08
2005-01-01,INCC-M,7456,0.7,308.71834883539606,1994-08
2005-02-01,INCC-M,7456,0.42,310.0149659005047,1994-08
2005-03-01,INCC-M,7456,0.71,312.21607215839833,1994-08
2005-04-01,INCC-M,7456,0.38,313.40249323260025,1994-08
2005-05-01,INCC-M,7456,0.54,315.09486669605633,1994-08
2005-06-01,INCC-M,7456,2.2,322.0269537633696,1994-08
2005-07-01,INCC-M,7456,0.65,324.1201289628315,1994-08
2005-08-01,INCC-M,7456,0.05,324.2821890273129,1994-08
2005-09-01,INCC-M,7456,0.06,324.47675834072925,1994-08
2005-10-01,INCC-M,7456,0.28,325.38529326408326,1994-08
2005-11-01,INCC-M,7456,0.29,326.32891061454905,1994-08
2005-12-01,INCC-M,7456,0.38,327.56896047488436,1994-08
2006-01-01,INCC-M,7456,0.24,328.35512598002407,1994-08
2006-02-01,INCC-M,7456,0.28,329.27452033276813,1994-08
2006-03-01,INCC-M,7456,0.23,330.0318517295335,1994-08
2006-04-01,INCC-M,7456,0.21,330.72491861816553,1994-08
2006-05-01,INCC-M,7456,0.81,333.40379045897265,1994-08
2006-06-01,INCC-M,7456,1.45,338.23814542062775,1994-08
2006-07-01,INCC-M,7456,0.57,340.1661028495253,1994-08
2006-08-01,INCC-M,7456,0.35,341.35668420949867,1994-08
2006-09-01,INCC-M,7456,0.09,341.6639052252872,1994-08
2006-10-01,INCC-M,7456,0.18,342.2789002546927,1994-08
2006-11-01,INCC-M,7456,0.23,343.0661417252785,1994-08
2006-12-01,INCC-M,7456,0.3,344.0953401504543,1994-08
2007-01-01,INCC-M,7456,0.45,345.64376918113135,1994-08
2007-02-01,INCC-M,7456,0.26,346.54244298100224,1994-08
2007-03-01,INCC-M,7456,0.17,347.13156513406994,1994-08
2007-04-01,INCC-M,7456,0.43,348.62423086414645,1994-08
2007-05-01,INCC-M,7456,0.55,350.5416641338993,1994-08
2007-06-01,INCC-M,7456,1.67,356.3957099249354,1994-08
2007-07-01,INCC-M,7456,0.21,357.1441409157777,1994-08
2007-08-01,INCC-M,7456,0.35,358.394145408983,1994-08
2007-09-01,INCC-M,7456,0.39,359.791882576078,1994-08
2007-10-01,INCC-M,7456,0.49,361.5548628007008,1994-08
2007-11-01,INCC-M,7456,0.48,363.2903261421441,1994-08
2007-12-01,INCC-M,7456,0.43,364.8524745445553,1994-08
2008-01-01,INCC-M,7456,0.41,366.348369690188,1994-08
2008-02-01,INCC-M,7456,0.43,367.9236676798558,1994-08
2008-03-01,INCC-M,7456,0.59,370.09441731916695,1994-08
2008-04-01,INCC-M,7456,0.82,373.1291915411841,1994-08
2008-05-01,INCC-M,7456,1.1,377.2336126481371,1994-08
2008-06-01,INCC-M,7456,2.67,387.3057501058424,1994-08
2008-07-01,INCC-M,7456,1.42,392.80549175734535,1994-08
2008-08-01,INCC-M,7456,1.27,397.7941215026636,1994-08
2008-09-01,INCC-M,7456,0.95,401.5731656569389,1994-08
2008-10-01,INCC-M,7456,0.85,404.98653756502284,1994-08
2008-11-01,INCC-M,7456,0.65,407.61895005919547,1994-08
2008-12-01,INCC-M,7456,0.22,408.5157117493257,1994-08
2009-01-01,INCC-M,7456,0.26,409.57785259987395,1994-08
2009-02-01,INCC-M,7456,0.35,411.0113750839735,1994-08
2009-03-01,INCC-M,7456,-0.17,410.31265574633073,1994-08
2009-04-01,INCC-M,7456,-0.01,410.2716244807561,1994-08
2009-05-01,INCC-M,7456,0.25,411.29730354195794,1994-08
2009-06-01,INCC-M,7456,1.53,417.59015228614993,1994-08
2009-07-01,INCC-M,7456,0.37,419.1352358496087,1994-08
2009-08-01,INCC-M,7456,0.01,419.1771493731937,1994-08
2009-09-01,INCC-M,7456,0.07,419.4705733777549,1994-08
2009-10-01,INCC-M,7456,0.13,420.015885123146,1994-08
2009-11-01,INCC-M,7456,0.18,420.7719137163677,1994-08
2009-12-01,INCC-M,7456,0.2,421.61345754380045,1994-08
2010-01-01,INCC-M,7456,0.52,423.80584752302826,1994-08
2010-02-01,INCC-M,7456,0.35,425.2891679893589,1994-08
2010-03-01,INCC-M,7456,0.45,427.20296924531095,1994-08
2010-04-01,INCC-M,7456,1.17,432.2012439854811,1994-08
2010-05-01,INCC-M,7456,0.93,436.2207155545461,1994-08
2010-06-01,INCC-M,7456,1.77,443.94182221986154,1994-08
2010-07-01,INCC-M,7456,0.62,446.6942615176247,1994-08
2010-08-01,INCC-M,7456,0.22,447.67698889296344,1994-08
2010-09-01,INCC-M,7456,0.2,448.57234287074937,1994-08
2010-10-01,INCC-M,7456,0.15,449.2452013850555,1994-08
2010-11-01,INCC-M,7456,0.36,450.86248411004175,1994-08
2010-12-01,INCC-M,7456,0.59,453.522572766291,1994-08
2011-01-01,INCC-M,7456,0.37,455.20060628552625,1994-08
2011-02-01,INCC-M,7456,0.39,456.9758886500398,1994-08
2011-03-01,INCC-M,7456,0.44,458.9865825601,1994-08
2011-04-01,INCC-M,7456,0.75,462.42898192930073,1994-08
2011-05-01,INCC-M,7456,2.03,471.81629026246554,1994-08
2011-06-01,INCC-M,7456,1.43,478.5632632132188,1994-08
2011-07-01,INCC-M,7456,0.59,481.38678646617683,1994-08
2011-08-01,INCC-M,7456,0.16,482.15700532452274,1994-08
2011-09-01,INCC-M,7456,0.14,482.8320251319771,1994-08
2011-10-01,INCC-M,7456,0.2,483.7976891822411,1994-08
2011-11-01,INCC-M,7456,0.5,486.21667762815224,1994-08
2011-12-01,INCC-M,7456,0.35,487.91843599985083,1994-08
2012-01-01,INCC-M,7456,0.67,491.18748952104977,1994-08
2012-02-01,INCC-M,7456,0.42,493.25047697703815,1994-08
2012-03-01,INCC-M,7456,0.37,495.0755037418532,1994-08
2012-04-01,INCC-M,7456,0.83,499.1846304229106,1994-08
2012-05-01,INCC-M,7456,1.3,505.6740306184084,1994-08
2012-06-01,INCC-M,7456,1.31,512.2983604195095,1994-08
2012-07-01,INCC-M,7456,0.85,516.6528964830753,1994-08
2012-08-01,INCC-M,7456,0.32,518.3061857518212,1994-08
2012-09-01,INCC-M,7456,0.21,519.3946287419001,1994-08
2012-10-01,INCC-M,7456,0.24,520.6411758508806,1994-08
2012-11-01,INCC-M,7456,0.23,521.8386505553376,1994-08
2012-12-01,INCC-M,7456,0.29,523.351982641948,1994-08
2013-01-01,INCC-M,7456,0.39,525.3930553742516,1994-08
2013-02-01,INCC-M,7456,0.8,529.5961998172456,1994-08
2013-03-01,INCC-M,7456,0.28,531.0790691767339,1994-08
2013-04-01,INCC-M,7456,0.84,535.5401333578185,1994-08
2013-05-01,INCC-M,7456,1.24,542.1808310114554,1994-08
2013-06-01,INCC-M,7456,1.96,552.80757529928,1994-08
2013-07-01,INCC-M,7456,0.73,556.8430705989648,1994-08
2013-08-01,INCC-M,7456,0.31,558.5692841178217,1994-08
2013-09-01,INCC-M,7456,0.43,560.9711320395282,1994-08
2013-10-01,INCC-M,7456,0.33,562.8223367752587,1994-08
2013-11-01,INCC-M,7456,0.27,564.3419570845518,1994-08
2013-12-01,INCC-M,7456,0.22,565.5835093901378,1994-08
2014-01-01,INCC-M,7456,0.7,569.5425939558687,1994-08
2014-02-01,INCC-M,7456,0.44,572.0485813692745,1994-08
2014-03-01,INCC-M,7456,0.22,573.307088248287,1994-08
2014-04-01,INCC-M,7456,0.67,577.1482457395505,1994-08
2014-05-01,INCC-M,7456,1.37,585.0551767061824,1994-08
2014-06-01,INCC-M,7456,1.25,592.3683664150096,1994-08
2014-07-01,INCC-M,7456,0.8,597.1073133463298,1994-08
2014-08-01,INCC-M,7456,0.19,598.2418172416878,1994-08
2014-09-01,INCC-M,7456,0.16,599.1990041492745,1994-08
2014-10-01,INCC-M,7456,0.2,600.3974021575731,1994-08
2014-11-01,INCC-M,7456,0.3,602.1985943640458,1994-08
2014-12-01,INCC-M,7456,0.25,603.7040908499558,1994-08
2015-01-01,INCC-M,7456,0.7,607.9300194859054,1994-08
2015-02-01,INCC-M,7456,0.5,610.9696695833348,1994-08
2015-03-01,INCC-M,7456,0.36,613.1691603938349,1994-08
2015-04-01,INCC-M,7456,0.65,617.1547599363948,1994-08
2015-05-01,INCC-M,7456,0.45,619.9319563561086,1994-08
2015-06-01,INCC-M,7456,1.87,631.5246839399678,1994-08
2015-07-01,INCC-M,7456,0.66,635.6927468539715,1994-08
2015-08-01,INCC-M,7456,0.8,640.7782888288033,1994-08
2015-09-01,INCC-M,7456,0.22,642.1880010642267,1994-08
2015-10-01,INCC-M,7456,0.27,643.9219086671001,1994-08
2015-11-01,INCC-M,7456,0.4,646.4975963017685,1994-08
2015-12-01,INCC-M,7456,0.12,647.2733934173307,1994-08
2016-01-01,INCC-M,7456,0.32,649.3446682762662,1994-08
2016-02-01,INCC-M,7456,0.52,652.7212605513029,1994-08
2016-03-01,INCC-M,7456,0.79,657.8777585096582,1994-08
2016-04-01,INCC-M,7456,0.41,660.5750573195478,1994-08
2016-05-01,INCC-M,7456,0.19,661.830149928455,1994-08
2016-06-01,INCC-M,7456,1.52,671.8899682073675,1994-08
2016-07-01,INCC-M,7456,1.09,679.2135688608278,1994-08
2016-08-01,INCC-M,7456,0.26,680.9795241398658,1994-08
2016-09-01,INCC-M,7456,0.37,683.4991483791833,1994-08
2016-10-01,INCC-M,7456,0.17,684.661096931428,1994-08
2016-11-01,INCC-M,7456,0.17,685.8250207962114,1994-08
2016-12-01,INCC-M,7456,0.36,688.2939908710779,1994-08
2017-01-01,INCC-M,7456,0.29,690.290043444604,1994-08
2017-02-01,INCC-M,7456,0.53,693.9485806748604,1994-08
2017-03-01,INCC-M,7456,0.36,696.4467955652899,1994-08
2017-04-01,INCC-M,7456,-0.08,695.8896381288376,1994-08
2017-05-01,INCC-M,7456,0.13,696.7942946584052,1994-08
2017-06-01,INCC-M,7456,1.36,706.2706970657596,1994-08
2017-07-01,INCC-M,7456,0.22,707.8244925993042,1994-08
2017-08-01,INCC-M,7456,0.4,710.6557905697015,1994-08
2017-09-01,INCC-M,7456,0.14,711.6507086764991,1994-08
2017-10-01,INCC-M,7456,0.19,713.0028450229845,1994-08
2017-11-01,INCC-M,7456,0.28,714.9992529890488,1994-08
2017-12-01,INCC-M,7456,0.14,716.0002519432336,1994-08
2018-01-01,INCC-M,7456,0.28,718.0050526486746,1994-08
2018-02-01,INCC-M,7456,0.14,719.0102597223828,1994-08
2018-03-01,INCC-M,7456,0.23,720.6639833197443,1994-08
2018-04-01,INCC-M,7456,0.28,722.6818424730395,1994-08
2018-05-01,INCC-M,7456,0.3,724.8498880004586,1994-08
2018-06-01,INCC-M,7456,0.76,730.3587471492621,1994-08
2018-07-01,INCC-M,7456,0.72,735.6173301287369,1994-08
2018-08-01,INCC-M,7456,0.3,737.824182119123,1994-08
2018-09-01,INCC-M,7456,0.17,739.0784832287255,1994-08
2018-10-01,INCC-M,7456,0.33,741.5174422233804,1994-08
2018-11-01,INCC-M,7456,0.26,743.4453875731612,1994-08
2018-12-01,INCC-M,7456,0.13,744.4118665770063,1994-08
2019-01-01,INCC-M,7456,0.4,747.3895140433143,1994-08
2019-02-01,INCC-M,7456,0.19,748.8095541199966,1994-08
2019-03-01,INCC-M,7456,0.19,750.2322922728246,1994-08
2019-04-01,INCC-M,7456,0.49,753.9084305049613,1994-08
2019-05-01,INCC-M,7456,0.09,754.5869480924157,1994-08
2019-06-01,INCC-M,7456,0.44,757.9071306640222,1994-08
2019-07-01,INCC-M,7456,0.91,764.804085553065,1994-08
2019-08-01,INCC-M,7456,0.34,767.4044194439455,1994-08
2019-09-01,INCC-M,7456,0.6,772.0088459606092,1994-08
2019-10-01,INCC-M,7456,0.12,772.935256575762,1994-08
2019-11-01,INCC-M,7456,0.15,774.0946594606256,1994-08
2019-12-01,INCC-M,7456,0.14,775.1783919838706,1994-08
2020-01-01,INCC-M,7456,0.26,777.1938558030286,1994-08
2020-02-01,INCC-M,7456,0.35,779.9140342983392,1994-08
2020-03-01,INCC-M,7456,0.38,782.8777076286729,1994-08
2020-04-01,INCC-M,7456,0.18,784.2868875024045,1994-08
2020-05-01,INCC-M,7456,0.21,785.9338899661595,1994-08
2020-06-01,INCC-M,7456,0.32,788.4488784140514,1994-08
2020-07-01,INCC-M,7456,0.84,795.0718489927293,1994-08
2020-08-01,INCC-M,7456,0.82,801.5914381544696,1994-08
2020-09-01,INCC-M,7456,1.15,810.8097396932461,1994-08
2020-10-01,INCC-M,7456,1.69,824.5124242940619,1994-08
2020-11-01,INCC-M,7456,1.29,835.1486345674552,1994-08
2020-12-01,INCC-M,7456,0.88,842.4979425516487,1994-08
2021-01-01,INCC-M,7456,0.93,850.3331734173792,1994-08
2021-02-01,INCC-M,7456,1.07,859.431738372945,1994-08
2021-03-01,INCC-M,7456,2.0,876.6203731404039,1994-08
2021-04-01,INCC-M,7456,0.95,884.9482666852377,1994-08
2021-05-01,INCC-M,7456,1.8,900.8773354855721,1994-08
2021-06-01,INCC-M,7456,2.3,921.5975142017402,1994-08
2021-07-01,INCC-M,7456,1.24,933.0253233778417,1994-08
2021-08-01,INCC-M,7456,0.56,938.2502651887577,1994-08
2021-09-01,INCC-M,7456,0.56,943.5044666738148,1994-08
2021-10-01,INCC-M,7456,0.8,951.0525024072053,1994-08
2021-11-01,INCC-M,7456,0.71,957.8049751742966,1994-08
2021-12-01,INCC-M,7456,0.3,960.6783900998194,1994-08
2022-01-01,INCC-M,7456,0.64,966.8267317964581,1994-08
2022-02-01,INCC-M,7456,0.48,971.467500109081,1994-08
2022-03-01,INCC-M,7456,0.73,978.5592128598773,1994-08
2022-04-01,INCC-M,7456,0.87,987.0726780117582,1994-08
2022-05-01,INCC-M,7456,1.49,1001.7800609141333,1994-08
2022-06-01,INCC-M,7456,2.81,1029.9300806258204,1994-08
2022-07-01,INCC-M,7456,1.16,1041.87726956108,1994-08
2022-08-01,INCC-M,7456,0.33,1045.3154645506318,1994-08
2022-09-01,INCC-M,7456,0.1,1046.3607800151822,1994-08
2022-10-01,INCC-M,7456,0.04,1046.7793243271883,1994-08
2022-11-01,INCC-M,7456,0.14,1048.2448153812466,1994-08
2022-12-01,INCC-M,7456,0.27,1051.075076382776,1994-08
2023-01-01,INCC-M,7456,0.32,1054.438516627201,1994-08
2023-02-01,INCC-M,7456,0.21,1056.652837512118,1994-08
2023-03-01,INCC-M,7456,0.18,1058.5548126196397,1994-08
2023-04-01,INCC-M,7456,0.23,1060.9894886886648,1994-08
2023-05-01,INCC-M,7456,0.4,1065.2334466434195,1994-08
2023-06-01,INCC-M,7456,0.85,1074.2879309398886,1994-08
2023-07-01,INCC-M,7456,0.06,1074.9325036984524,1994-08
2023-08-01,INCC-M,7456,0.24,1077.5123417073287,1994-08
2023-09-01,INCC-M,7456,0.24,1080.0983713274263,1994-08
2023-10-01,INCC-M,7456,0.2,1082.258568070081,1994-08
2023-11-01,INCC-M,7456,0.1,1083.3408266381512,1994-08
2023-12-01,INCC-M,7456,0.26,1086.1575127874103,1994-08
2024-01-01,INCC-M,7456,0.23,1088.6556750668212,1994-08
2024-02-01,INCC-M,7456,0.2,1090.8329864169548,1994-08
2024-03-01,INCC-M,7456,0.24,1093.4509855843555,1994-08
2024-04-01,INCC-M,7456,0.41,1097.9341346252513,1994-08
2024-05-01,INCC-M,7456,0.59,1104.4119460195402,1994-08
2024-06-01,INCC-M,7456,0.93,1114.6829771175221,1994-08
2024-07-01,INCC-M,7456,0.69,1122.374289659633,1994-08
2024-08-01,INCC-M,7456,0.64,1129.5574851134545,1994-08
2024-09-01,INCC-M,7456,0.61,1136.4477857726465,1994-08
2024-10-01,INCC-M,7456,0.67,1144.0619859373232,1994-08
2024-11-01,INCC-M,7456,0.44,1149.0958586754475,1994-08
2024-12-01,INCC-M,7456,0.51,1154.9562475546925,1994-08
2025-01-01,INCC-M,7456,0.71,1163.156436912331,1994-08
2025-02-01,INCC-M,7456,0.51,1169.088534740584,1994-08
2025-03-01,INCC-M,7456,0.38,1173.5310711725983,1994-08
2025-04-01,INCC-M,7456,0.59,1180.4549044925168,1994-08
2025-05-01,INCC-M,7456,0.26,1183.5240872441973,1994-08
2025-06-01,INCC-M,7456,0.96,1194.8859184817416,1994-08
2025-07-01,INCC-M,7456,0.91,1205.7593803399254,1994-08
2025-08-01,INCC-M,7456,0.7,1214.1996960023048,1994-08
2025-09-01,INCC-M,7456,0.21,1216.7495153639097,1994-08
2025-10-01,INCC-M,7456,0.21,1219.304689346174,1994-08
2025-11-01,INCC-M,7456,0.28,1222.718742476343,1994-08
2025-12-01,INCC-M,7456,0.21,1225.2864518355434,1994-08
1994-06-01,IGP-M,189,45.21,145.21,1994-05
1994-07-01,IGP-M,189,4.33,151.497593,1994-05
1994-08-01,IGP-M,189,3.94,157.4665981642,1994-05
1994-09-01,IGP-M,189,1.75,160.22226363207352,1994-05
1994-10-01,IGP-M,189,1.82,163.13830883017727,1994-05
1994-11-01,IGP-M,189,2.85,167.78775063183733,1994-05
1994-12-01,IGP-M,189,0.84,169.19716773714475,1994-05
1995-01-01,IGP-M,189,0.92,170.7537816803265,1994-05
1995-02-01,IGP-M,189,1.39,173.12725924568306,1994-05
1995-03-01,IGP-M,189,1.12,175.06628454923472,1994-05
1995-04-01,IGP-M,189,2.1,178.74267652476863,1994-05
1995-05-01,IGP-M,189,0.58,179.7793840486123,1994-05
1995-06-01,IGP-M,189,2.46,184.20195689620815,1994-05
1995-07-01,IGP-M,189,1.82,187.55443251171914,1994-05
1995-08-01,IGP-M,189,2.2,191.68063002697696,1994-05
1995-09-01,IGP-M,189,-0.71,190.31969755378543,1994-05
1995-10-01,IGP-M,189,0.52,191.30935998106514,1994-05
1995-11-01,IGP-M,189,1.2,193.60507230083792,1994-05
1995-12-01,IGP-M,189,0.71,194.9796683141739,1994-05
1996-01-01,IGP-M,189,1.73,198.35281657600913,1994-05
1996-02-01,IGP-M,189,0.97,200.27683889679642,1994-05
1996-03-01,IGP-M,189,0.4,201.0779462523836,1994-05
1996-04-01,IGP-M,189,0.32,201.72139568039125,1994-05
1996-05-01,IGP-M,189,1.55,204.84807731343733,1994-05
1996-06-01,IGP-M,189,1.02,206.9375277020344,1994-05
1996-07-01,IGP-M,189,1.35,209.73118432601188,1994-05
1996-08-01,IGP-M,189,0.28,210.3184316421247,1994-05
1996-09-01,IGP-M,189,0.1,210.5287500737668,1994-05
1996-10-01,IGP-M,189,0.19,210.92875469890694,1994-05
1996-11-01,IGP-M,189,0.2,211.35061220830477,1994-05
1996-12-01,IGP-M,189,0.73,212.8934716774254,1994-05
1997-01-01,IGP-M,189,1.77,216.66168612611582,1994-05
1997-02-01,IGP-M,189,0.43,217.5933313764581,1994-05
1997-03-01,IGP-M,189,1.15,220.09565468728738,1994-05
1997-04-01,IGP-M,189,0.68,221.5923051391609,1994-05
1997-05-01,IGP-M,189,0.21,222.05764897995314,1994-05
1997-06-01,IGP-M,189,0.74,223.70087558240482,1994-05
1997-07-01,IGP-M,189,0.09,223.90220637042896,1994-05
1997-08-01,IGP-M,189,0.09,224.10371835616232,1994-05
1997-09-01,IGP-M,189,0.48,225.1794162042719,1994-05
1997-10-01,IGP-M,189,0.37,226.0125800442277,1994-05
1997-11-01,IGP-M,189,0.64,227.45906055651074,1994-05
1997-12-01,IGP-M,189,0.84,229.36971666518542,1994-05
1998-01-01,IGP-M,189,0.96,231.57166594517122,1994-05
1998-02-01,IGP-M,189,0.18,231.98849494387252,1994-05
1998-03-01,IGP-M,189,0.19,232.42927308426587,1994-05
1998-04-01,IGP-M,189,0.13,232.73143113927543,1994-05
1998-05-01,IGP-M,189,0.14,233.05725514287042,1994-05
1998-06-01,IGP-M,189,0.38,233.94287271241333,1994-05
1998-07-01,IGP-M,189,-0.17,233.54516982880222,1994-05
1998-08-01,IGP-M,189,-0.16,233.17149755707612,1994-05
1998-09-01,IGP-M,189,-0.08,232.98496035903045,1994-05
1998-10-01,IGP-M,189,0.08,233.17134832731765,1994-05
1998-11-01,IGP-M,189,-0.32,232.42520001267025,1994-05
1998-12-01,IGP-M,189,0.45,233.47111341272725,1994-05
1999-01-01,IGP-M,189,0.84,235.43227076539415,1994-05
1999-02-01,IGP-M,189,3.61,243.9313757400249,1994-05
1999-03-01,IGP-M,189,2.83,250.83463367346758,1994-05
1999-04-01,IGP-M,189,0.71,252.61555957254922,1994-05
1999-05-01,IGP-M,189,-0.29,251.88297444978883,1994-05
1999-06-01,IGP-M,189,0.36,252.7897531578081,1994-05
1999-07-01,IGP-M,189,1.55,256.70799433175415,1994-05
1999-08-01,IGP-M,189,1.56,260.71263904332955,1994-05
1999-09-01,IGP-M,189,1.45,264.4929723094578,1994-05
1999-10-01,IGP-M,189,1.7,268.98935283871856,1994-05
1999-11-01,IGP-M,189,2.39,275.41819837156396,1994-05
1999-12-01,IGP-M,189,1.81,280.4032677620893,1994-05
2000-01-01,IGP-M,189,1.24,283.88026828233916,1994-05
2000-02-01,IGP-M,189,0.35,284.87384922132736,1994-05
2000-03-01,IGP-M,189,0.15,285.30115999515937,1994-05
2000-04-01,IGP-M,189,0.23,285.95735266314824,1994-05
2000-05-01,IGP-M,189,0.31,286.84382045640405,1994-05
2000-06-01,IGP-M,189,0.85,289.2819929302835,1994-05
2000-07-01,IGP-M,189,1.57,293.82372021928893,1994-05
2000-08-01,IGP-M,189,2.39,300.84610713252994,1994-05
2000-09-01,IGP-M,189,1.16,304.3359219752673,1994-05
2000-10-01,IGP-M,189,0.38,305.49239847877334,1994-05
2000-11-01,IGP-M,189,0.29,306.3783264343617,1994-05
2000-12-01,IGP-M,189,0.63,308.3085098908982,1994-05
2001-01-01,IGP-M,189,0.62,310.22002265222176,1994-05
2001-02-01,IGP-M,189,0.23,310.9335287043219,1994-05
2001-03-01,IGP-M,189,0.56,312.6747564650661,1994-05
2001-04-01,IGP-M,189,1.0,315.80150402971674,1994-05
2001-05-01,IGP-M,189,0.86,318.51739696437227,1994-05
2001-06-01,IGP-M,189,0.98,321.63886745462315,1994-05
2001-07-01,IGP-M,189,1.48,326.39912269295155,1994-05
2001-08-01,IGP-M,189,1.38,330.90343058611427,1994-05
2001-09-01,IGP-M,189,0.31,331.92923122093123,1994-05
2001-10-01,IGP-M,189,1.18,335.84599614933825,1994-05
2001-11-01,IGP-M,189,1.1,339.54030210698096,1994-05
2001-12-01,IGP-M,189,0.22,340.2872907716163,1994-05
2002-01-01,IGP-M,189,0.36,341.51232501839416,1994-05
2002-02-01,IGP-M,189,0.06,341.71723241340516,1994-05
2002-03-01,IGP-M,189,0.09,342.0247779225772,1994-05
2002-04-01,IGP-M,189,0.56,343.94011667894364,1994-05
2002-05-01,IGP-M,189,0.83,346.79481964737886,1994-05
2002-06-01,IGP-M,189,1.54,352.13545986994853,1994-05
2002-07-01,IGP-M,189,1.95,359.00210133741257,1994-05
2002-08-01,IGP-M,189,2.32,367.3309500884406,1994-05
2002-09-01,IGP-M,189,2.4,376.1468928905632,1994-05
2002-10-01,IGP-M,189,3.87,390.703777645428,1994-05
2002-11-01,IGP-M,189,5.19,410.9813037052257,1994-05
2002-12-01,IGP-M,189,3.75,426.3931025941717,1994-05
2003-01-01,IGP-M,189,2.33,436.3280618846159,1994-05
2003-02-01,IGP-M,189,2.28,446.27634169558513,1994-05
2003-03-01,IGP-M,189,1.53,453.1043697235276,1994-05
2003-04-01,IGP-M,189,0.92,457.2729299249841,1994-05
2003-05-01,IGP-M,189,-0.26,456.0840203071791,1994-05
2003-06-01,IGP-M,189,-1.0,451.5231801041073,1994-05
2003-07-01,IGP-M,189,-0.42,449.62678274767006,1994-05
2003-08-01,IGP-M,189,0.38,451.3353645221112,1994-05
2003-09-01,IGP-M,189,1.18,456.6611218234721,1994-05
2003-10-01,IGP-M,189,0.38,458.3964340864013,1994-05
2003-11-01,IGP-M,189,0.49,460.64257661342464,1994-05
2003-12-01,IGP-M,189,0.61,463.4524963307665,1994-05
2004-01-01,IGP-M,189,0.88,467.5308782984772,1994-05
2004-02-01,IGP-M,189,0.69,470.75684135873666,1994-05
2004-03-01,IGP-M,189,1.13,476.07639366609044,1994-05
2004-04-01,IGP-M,189,1.21,481.83691802945015,1994-05
2004-05-01,IGP-M,189,1.31,488.148981655636,1994-05
2004-06-01,IGP-M,189,1.38,494.8854376024838,1994-05
2004-07-01,IGP-M,189,1.31,501.3684368350764,1994-05
2004-08-01,IGP-M,189,1.22,507.4851317644643,1994-05
2004-09-01,IGP-M,189,0.69,510.9867791736391,1994-05
2004-10-01,IGP-M,189,0.39,512.9796276124163,1994-05
2004-11-01,IGP-M,189,0.82,517.1860605588381,1994-05
2004-12-01,IGP-M,189,0.74,521.0132374069735,1994-05
2005-01-01,IGP-M,189,0.39,523.0451890328608,1994-05
2005-02-01,IGP-M,189,0.3,524.6143245999593,1994-05
2005-03-01,IGP-M,189,0.85,529.0735463590589,1994-05
2005-04-01,IGP-M,189,0.86,533.6235788577468,1994-05
2005-05-01,IGP-M,189,-0.22,532.4496069842597,1994-05
2005-06-01,IGP-M,189,-0.44,530.106828713529,1994-05
2005-07-01,IGP-M,189,-0.34,528.3044654959031,1994-05
2005-08-01,IGP-M,189,-0.65,524.8704864701797,1994-05
2005-09-01,IGP-M,189,-0.53,522.0886728918878,1994-05
2005-10-01,IGP-M,189,0.6,525.2212049292391,1994-05
2005-11-01,IGP-M,189,0.4,527.322089748956,1994-05
2005-12-01,IGP-M,189,-0.01,527.2693575399811,1994-05
2006-01-01,IGP-M,189,0.92,532.1202356293489,1994-05
2006-02-01,IGP-M,189,0.01,532.1734476529118,1994-05
2006-03-01,IGP-M,189,-0.23,530.9494487233102,1994-05
2006-04-01,IGP-M,189,-0.42,528.7194610386723,1994-05
2006-05-01,IGP-M,189,0.38,530.7285949906193,1994-05
2006-06-01,IGP-M,189,0.75,534.709059453049,1994-05
2006-07-01,IGP-M,189,0.18,535.6715357600646,1994-05
2006-08-01,IGP-M,189,0.37,537.6535204423768,1994-05
2006-09-01,IGP-M,189,0.29,539.2127156516597,1994-05
2006-10-01,IGP-M,189,0.47,541.7470154152224,1994-05
2006-11-01,IGP-M,189,0.75,545.8101180308366,1994-05
2006-12-01,IGP-M,189,0.32,547.5567104085353,1994-05
2007-01-01,IGP-M,189,0.5,550.2944939605779,1994-05
2007-02-01,IGP-M,189,0.27,551.7802890942714,1994-05
2007-03-01,IGP-M,189,0.34,553.656342077192,1994-05
2007-04-01,IGP-M,189,0.04,553.8778046140228,1994-05
2007-05-01,IGP-M,189,0.04,554.0993557358684,1994-05
2007-06-01,IGP-M,189,0.26,555.5400140607816,1994-05
2007-07-01,IGP-M,189,0.28,557.0955261001517,1994-05
2007-08-01,IGP-M,189,0.98,562.5550622559332,1994-05
2007-09-01,IGP-M,189,1.29,569.8120225590346,1994-05
2007-10-01,IGP-M,189,1.05,575.7950487959044,1994-05
2007-11-01,IGP-M,189,0.69,579.7680346325961,1994-05
2007-12-01,IGP-M,189,1.76,589.9719520421298,1994-05
2008-01-01,IGP-M,189,1.09,596.402646319389,1994-05
2008-02-01,IGP-M,189,0.53,599.5635803448818,1994-05
2008-03-01,IGP-M,189,0.74,604.000350839434,1994-05
2008-04-01,IGP-M,189,0.69,608.167953260226,1994-05
2008-05-01,IGP-M,189,1.61,617.9594573077156,1994-05
2008-06-01,IGP-M,189,1.98,630.1950545624085,1994-05
2008-07-01,IGP-M,189,1.76,641.2864875227069,1994-05
2008-08-01,IGP-M,189,-0.32,639.2343707626343,1994-05
2008-09-01,IGP-M,189,0.11,639.9375285704732,1994-05
2008-10-01,IGP-M,189,0.98,646.2089163504638,1994-05
2008-11-01,IGP-M,189,0.38,648.6645102325956,1994-05
2008-12-01,IGP-M,189,-0.13,647.8212463692932,1994-05
2009-01-01,IGP-M,189,-0.44,644.9708328852684,1994-05
2009-02-01,IGP-M,189,0.26,646.64775705077,1994-05
2009-03-01,IGP-M,189,-0.74,641.8625636485943,1994-05
2009-04-01,IGP-M,189,-0.15,640.8997698031214,1994-05
2009-05-01,IGP-M,189,-0.07,640.4511399642593,1994-05
2009-06-01,IGP-M,189,-0.1,639.810688824295,1994-05
2009-07-01,IGP-M,189,-0.43,637.0595028623505,1994-05
2009-08-01,IGP-M,189,-0.36,634.766088652046,1994-05
2009-09-01,IGP-M,189,0.42,637.4321062243846,1994-05
2009-10-01,IGP-M,189,0.05,637.7508222774968,1994-05
2009-11-01,IGP-M,189,0.1,638.3885730997742,1994-05
2009-12-01,IGP-M,189,-0.26,636.7287628097148,1994-05
2010-01-01,IGP-M,189,0.63,640.740154015416,1994-05
2010-02-01,IGP-M,189,1.18,648.3008878327979,1994-05
2010-03-01,IGP-M,189,0.94,654.3949161784262,1994-05
2010-04-01,IGP-M,189,0.77,659.4337570330001,1994-05
2010-05-01,IGP-M,189,1.19,667.2810187416928,1994-05
2010-06-01,IGP-M,189,0.85,672.9529074009972,1994-05
2010-07-01,IGP-M,189,0.15,673.9623367620987,1994-05
2010-08-01,IGP-M,189,0.77,679.151846755167,1994-05
2010-09-01,IGP-M,189,1.15,686.9620929928515,1994-05
2010-10-01,IGP-M,189,1.01,693.9004101320793,1994-05
2010-11-01,IGP-M,189,1.45,703.9619660789944,1994-05
2010-12-01,IGP-M,189,0.69,708.8193036449394,1994-05
2011-01-01,IGP-M,189,0.79,714.4189761437344,1994-05
2011-02-01,IGP-M,189,1.0,721.5631659051718,1994-05
2011-03-01,IGP-M,189,0.62,726.0368575337839,1994-05
2011-04-01,IGP-M,189,0.45,729.3040233926858,1994-05
2011-05-01,IGP-M,189,0.43,732.4400306932744,1994-05
2011-06-01,IGP-M,189,-0.18,731.1216386380264,1994-05
2011-07-01,IGP-M,189,-0.12,730.2442926716608,1994-05
2011-08-01,IGP-M,189,0.44,733.4573675594161,1994-05
2011-09-01,IGP-M,189,0.65,738.2248404485522,1994-05
2011-10-01,IGP-M,189,0.53,742.1374321029296,1994-05
2011-11-01,IGP-M,189,0.5,745.8481192634441,1994-05
2011-12-01,IGP-M,189,-0.12,744.953101520328,1994-05
2012-01-01,IGP-M,189,0.25,746.8154842741288,1994-05
2012-02-01,IGP-M,189,-0.06,746.3673949835643,1994-05
2012-03-01,IGP-M,189,0.43,749.5767747819935,1994-05
2012-04-01,IGP-M,189,0.85,755.9481773676405,1994-05
2012-05-01,IGP-M,189,1.02,763.6588487767904,1994-05
2012-06-01,IGP-M,189,0.66,768.6989971787171,1994-05
2012-07-01,IGP-M,189,1.34,778.999563740912,1994-05
2012-08-01,IGP-M,189,1.43,790.139257502407,1994-05
2012-09-01,IGP-M,189,0.97,797.8036083001804,1994-05
2012-10-01,IGP-M,189,0.02,797.9631690218404,1994-05
2012-11-01,IGP-M,189,-0.03,797.7237800711339,1994-05
2012-12-01,IGP-M,189,0.68,803.1483017756175,1994-05
2013-01-01,IGP-M,189,0.34,805.8790060016546,1994-05
2013-02-01,IGP-M,189,0.29,808.2160551190593,1994-05
2013-03-01,IGP-M,189,0.21,809.9133088348093,1994-05
2013-04-01,IGP-M,189,0.15,811.1281787980615,1994-05
2013-05-01,IGP-M,189,0.0,811.1281787980615,1994-05
2013-06-01,IGP-M,189,0.75,817.2116401390471,1994-05
2013-07-01,IGP-M,189,0.26,819.3363904034086,1994-05
2013-08-01,IGP-M,189,0.15,820.5653949890137,1994-05
2013-09-01,IGP-M,189,1.5,832.8738759138489,1994-05
2013-10-01,IGP-M,189,0.86,840.036591246708,1994-05
2013-11-01,IGP-M,189,0.29,842.4726973613234,1994-05
2013-12-01,IGP-M,189,0.6,847.5275335454913,1994-05
2014-01-01,IGP-M,189,0.48,851.5956657065096,1994-05
2014-02-01,IGP-M,189,0.38,854.8317292361944,1994-05
2014-03-01,IGP-M,189,1.67,869.1074191144388,1994-05
2014-04-01,IGP-M,189,0.78,875.8864569835315,1994-05
2014-05-01,IGP-M,189,-0.13,874.7478045894529,1994-05
2014-06-01,IGP-M,189,-0.74,868.274670835491,1994-05
2014-07-01,IGP-M,189,-0.61,862.9781953433944,1994-05
2014-08-01,IGP-M,189,-0.27,860.6481542159672,1994-05
2014-09-01,IGP-M,189,0.2,862.3694505243992,1994-05
2014-10-01,IGP-M,189,0.28,864.7840849858675,1994-05
2014-11-01,IGP-M,189,0.98,873.258969018729,1994-05
2014-12-01,IGP-M,189,0.62,878.673174626645,1994-05
2015-01-01,IGP-M,189,0.76,885.3510907538076,1994-05
2015-02-01,IGP-M,189,0.27,887.7415386988429,1994-05
2015-03-01,IGP-M,189,0.98,896.4414057780915,1994-05
2015-04-01,IGP-M,189,1.17,906.9297702256952,1994-05
2015-05-01,IGP-M,189,0.41,910.6481822836205,1994-05
2015-06-01,IGP-M,189,0.67,916.7495251049206,1994-05
2015-07-01,IGP-M,189,0.69,923.0750968281445,1994-05
2015-08-01,IGP-M,189,0.28,925.6597070992633,1994-05
2015-09-01,IGP-M,189,0.95,934.4534743167063,1994-05
2015-10-01,IGP-M,189,1.89,952.114644981292,1994-05
2015-11-01,IGP-M,189,1.52,966.5867875850078,1994-05
2015-12-01,IGP-M,189,0.49,971.3230628441742,1994-05
2016-01-01,IGP-M,189,1.14,982.3961457605978,1994-05
2016-02-01,IGP-M,189,1.29,995.0690560409095,1994-05
2016-03-01,IGP-M,189,0.51,1000.1439082267182,1994-05
2016-04-01,IGP-M,189,0.33,1003.4443831238664,1994-05
2016-05-01,IGP-M,189,0.82,1011.6726270654821,1994-05
2016-06-01,IGP-M,189,1.69,1028.7698944628887,1994-05
2016-07-01,IGP-M,189,0.18,1030.621680272922,1994-05
2016-08-01,IGP-M,189,0.15,1032.1676127933315,1994-05
2016-09-01,IGP-M,189,0.2,1034.2319480189183,1994-05
2016-10-01,IGP-M,189,0.16,1035.8867191357485,1994-05
2016-11-01,IGP-M,189,-0.03,1035.5759531200079,1994-05
2016-12-01,IGP-M,189,0.54,1041.168063266856,1994-05
2017-01-01,IGP-M,189,0.64,1047.831538871764,1994-05
2017-02-01,IGP-M,189,0.08,1048.6698041028612,1994-05
2017-03-01,IGP-M,189,0.01,1048.7746710832714,1994-05
2017-04-01,IGP-M,189,-1.1,1037.2381497013555,1994-05
2017-05-01,IGP-M,189,-0.93,1027.591834909133,1994-05
2017-06-01,IGP-M,189,-0.67,1020.7069696152417,1994-05
2017-07-01,IGP-M,189,-0.72,1013.357879434012,1994-05
2017-08-01,IGP-M,189,0.1,1014.3712373134459,1994-05
2017-09-01,IGP-M,189,0.47,1019.138782128819,1994-05
2017-10-01,IGP-M,189,0.2,1021.1770596930767,1994-05
2017-11-01,IGP-M,189,0.52,1026.4871804034808,1994-05
2017-12-01,IGP-M,189,0.89,1035.6229163090718,1994-05
2018-01-01,IGP-M,189,0.76,1043.4936504730208,1994-05
2018-02-01,IGP-M,189,0.07,1044.2240960283518,1994-05
2018-03-01,IGP-M,189,0.64,1050.9071302429331,1994-05
2018-04-01,IGP-M,189,0.57,1056.897300885318,1994-05
2018-05-01,IGP-M,189,1.38,1071.4824836375353,1994-05
2018-06-01,IGP-M,189,1.87,1091.519206081557,1994-05
2018-07-01,IGP-M,189,0.51,1097.0859540325732,1994-05
2018-08-01,IGP-M,189,0.7,1104.7655557108012,1994-05
2018-09-01,IGP-M,189,1.52,1121.5579921576054,1994-05
2018-10-01,IGP-M,189,0.89,1131.539858287808,1994-05
2018-11-01,IGP-M,189,-0.49,1125.995312982198,1994-05
2018-12-01,IGP-M,189,-1.08,1113.83456360199,1994-05
2019-01-01,IGP-M,189,0.01,1113.9459470583504,1994-05
2019-02-01,IGP-M,189,0.88,1123.7486713924638,1994-05
2019-03-01,IGP-M,189,1.26,1137.907904652009,1994-05
2019-04-01,IGP-M,189,0.92,1148.3766573748076,1994-05
2019-05-01,IGP-M,189,0.45,1153.544352332994,1994-05
2019-06-01,IGP-M,189,0.8,1162.772707151658,1994-05
2019-07-01,IGP-M,189,0.4,1167.4237979802647,1994-05
2019-08-01,IGP-M,189,-0.67,1159.602058533797,1994-05
2019-09-01,IGP-M,189,-0.01,1159.4860983279436,1994-05
2019-10-01,IGP-M,189,0.68,1167.3706037965735,1994-05
2019-11-01,IGP-M,189,0.3,1170.872715607963,1994-05
2019-12-01,IGP-M,189,2.09,1195.3439553641695,1994-05
2020-01-01,IGP-M,189,0.48,1201.0816063499174,1994-05
2020-02-01,IGP-M,189,-0.04,1200.6011737073775,1994-05
2020-03-01,IGP-M,189,1.24,1215.4886282613488,1994-05
2020-04-01,IGP-M,189,0.8,1225.2125372874395,1994-05
2020-05-01,IGP-M,189,0.28,1228.6431323918443,1994-05
2020-06-01,IGP-M,189,1.56,1247.8099652571573,1994-05
2020-07-01,IGP-M,189,2.23,1275.6361274823919,1994-05
2020-08-01,IGP-M,189,2.74,1310.5885573754094,1994-05
2020-09-01,IGP-M,189,4.34,1367.4681007655024,1994-05
2020-10-01,IGP-M,189,3.23,1411.6373204202282,1994-05
2020-11-01,IGP-M,189,3.28,1457.9390245300117,1994-05
2020-12-01,IGP-M,189,0.96,1471.9352391655,1994-05
2021-01-01,IGP-M,189,2.58,1509.91116833597,1994-05
2021-02-01,IGP-M,189,2.53,1548.11192089487,1994-05
2021-03-01,IGP-M,189,2.94,1593.6264113691793,1994-05
2021-04-01,IGP-M,189,1.51,1617.6901701808538,1994-05
2021-05-01,IGP-M,189,4.1,1684.0154671582686,1994-05
2021-06-01,IGP-M,189,0.6,1694.1195599612183,1994-05
2021-07-01,IGP-M,189,0.78,1707.333692528916,1994-05
2021-08-01,IGP-M,189,0.66,1718.6020948996065,1994-05
2021-09-01,IGP-M,189,-0.64,1707.603041492249,1994-05
2021-10-01,IGP-M,189,0.64,1718.5317009577993,1994-05
2021-11-01,IGP-M,189,0.02,1718.875407297991,1994-05
2021-12-01,IGP-M,189,0.87,1733.8296233414833,1994-05
2022-01-01,IGP-M,189,1.82,1765.3853224862983,1994-05
2022-02-01,IGP-M,189,1.83,1797.6918738877976,1994-05
2022-03-01,IGP-M,189,1.74,1828.9717124934455,1994-05
2022-04-01,IGP-M,189,1.41,1854.760213639603,1994-05
2022-05-01,IGP-M,189,0.52,1864.4049667505292,1994-05
2022-06-01,IGP-M,189,0.59,1875.4049560543574,1994-05
2022-07-01,IGP-M,189,0.21,1879.3433064620715,1994-05
2022-08-01,IGP-M,189,-0.7,1866.187903316837,1994-05
2022-09-01,IGP-M,189,-0.95,1848.4591182353272,1994-05
2022-10-01,IGP-M,189,-0.97,1830.5290647884444,1994-05
2022-11-01,IGP-M,189,-0.56,1820.278102025629,1994-05
2022-12-01,IGP-M,189,0.45,1828.4693534847443,1994-05
2023-01-01,IGP-M,189,0.21,1832.3091391270623,1994-05
2023-02-01,IGP-M,189,-0.06,1831.209753643586,1994-05
2023-03-01,IGP-M,189,0.05,1832.1253585204076,1994-05
2023-04-01,IGP-M,189,-0.95,1814.720167614464,1994-05
2023-05-01,IGP-M,189,-1.84,1781.3293165303578,1994-05
2023-06-01,IGP-M,189,-1.93,1746.9496607213218,1994-05
2023-07-01,IGP-M,189,-0.72,1734.3716231641283,1994-05
2023-08-01,IGP-M,189,-0.14,1731.9435028916987,1994-05
2023-09-01,IGP-M,189,0.37,1738.351693852398,1994-05
2023-10-01,IGP-M,189,0.5,1747.04345232166,1994-05
2023-11-01,IGP-M,189,0.59,1757.3510086903577,1994-05
2023-12-01,IGP-M,189,0.74,1770.3554061546665,1994-05
2024-01-01,IGP-M,189,0.07,1771.5946549389746,1994-05
2024-02-01,IGP-M,189,-0.52,1762.382362733292,1994-05
2024-03-01,IGP-M,189,-0.47,1754.0991656284455,1994-05
2024-04-01,IGP-M,189,0.31,1759.5368730418938,1994-05
2024-05-01,IGP-M,189,0.89,1775.1967512119666,1994-05
2024-06-01,IGP-M,189,0.81,1789.5758448967836,1994-05
2024-07-01,IGP-M,189,0.61,1800.492257550654,1994-05
2024-08-01,IGP-M,189,0.29,1805.7136850975505,1994-05
2024-09-01,IGP-M,189,0.62,1816.9091099451553,1994-05
2024-10-01,IGP-M,189,1.52,1844.5261284163219,1994-05
2024-11-01,IGP-M,189,1.3,1868.504968085734,1994-05
2024-12-01,IGP-M,189,0.94,1886.06891478574,1994-05
2025-01-01,IGP-M,189,0.27,1891.1613008556612,1994-05
2025-02-01,IGP-M,189,1.06,1911.2076106447312,1994-05
2025-03-01,IGP-M,189,-0.34,1904.709504768539,1994-05
2025-04-01,IGP-M,189,0.24,1909.2808075799835,1994-05
2025-05-01,IGP-M,189,-0.49,1899.9253316228414,1994-05
2025-06-01,IGP-M,189,-1.67,1868.1965785847399,1994-05
2025-07-01,IGP-M,189,-0.77,1853.8114649296374,1994-05
2025-08-01,IGP-M,189,0.36,1860.4851862033843,1994-05
2025-09-01,IGP-M,189,0.42,1868.2992239854384,1994-05
2025-10-01,IGP-M,189,-0.36,1861.5733467790908,1994-05
2025-11-01,IGP-M,189,0.27,1866.5995948153943,1994-05
2025-12-01,IGP-M,189,-0.01,1866.4129348559127,1994-05
