cnpj,year,unit,ppe_net,ppe_net_version,ppe_net_account,ppe_net_source_archive,ppe_net_period_status,ebit,ebit_version,ebit_account,ebit_source_archive,ebit_period_status,ebt,ebt_version,ebt_account,ebt_source_archive,ebt_period_status,income_tax_signed,income_tax_signed_version,income_tax_signed_account,income_tax_signed_source_archive,income_tax_signed_period_status,net_income,net_income_version,net_income_account,net_income_source_archive,net_income_period_status,company,additional_income_source_url,additional_income_source_pdf_page
33.592.510/0001-54,2016,BRL millions,180615.914,1,1.02.03,dfp_cia_aberta_2016.zip,ÚLTIMO,25072.734,1,3.05,dfp_cia_aberta_2016.zip,ÚLTIMO,27021.956000000002,1,3.07,dfp_cia_aberta_2016.zip,ÚLTIMO,-9566.08,1,3.08,dfp_cia_aberta_2016.zip,ÚLTIMO,13296.496000000001,1,3.11,dfp_cia_aberta_2016.zip,ÚLTIMO,Vale,,
33.000.167/0001-01,2016,BRL millions,571876.0,2,1.02.03,dfp_cia_aberta_2016.zip,ÚLTIMO,16482.0,2,3.05,dfp_cia_aberta_2016.zip,ÚLTIMO,-10703.0,2,3.07,dfp_cia_aberta_2016.zip,ÚLTIMO,-2342.0,2,3.08,dfp_cia_aberta_2016.zip,ÚLTIMO,-13045.0,2,3.11,dfp_cia_aberta_2016.zip,ÚLTIMO,Petrobras,,
33.611.500/0001-19,2016,BRL millions,19351.891,1,1.02.03,dfp_cia_aberta_2016.zip,ÚLTIMO,-1636.3600000000001,1,3.05,dfp_cia_aberta_2016.zip,ÚLTIMO,-2581.6150000000002,1,3.07,dfp_cia_aberta_2016.zip,ÚLTIMO,-304.314,1,3.08,dfp_cia_aberta_2016.zip,ÚLTIMO,-2885.929,1,3.11,dfp_cia_aberta_2016.zip,ÚLTIMO,Gerdau,,
33.042.730/0001-04,2016,BRL millions,18135.879,1,1.02.03,dfp_cia_aberta_2016.zip,ÚLTIMO,1945.476,1,3.05,dfp_cia_aberta_2016.zip,ÚLTIMO,-576.951,1,3.07,dfp_cia_aberta_2016.zip,ÚLTIMO,-266.546,1,3.08,dfp_cia_aberta_2016.zip,ÚLTIMO,-853.058,1,3.11,dfp_cia_aberta_2016.zip,ÚLTIMO,CSN,,
16.404.287/0001-55,2016,BRL millions,16235.28,1,1.02.03,dfp_cia_aberta_2016.zip,ÚLTIMO,1317.093,1,3.05,dfp_cia_aberta_2016.zip,ÚLTIMO,2418.193,1,3.07,dfp_cia_aberta_2016.zip,ÚLTIMO,-726.195,1,3.08,dfp_cia_aberta_2016.zip,ÚLTIMO,1691.998,1,3.11,dfp_cia_aberta_2016.zip,ÚLTIMO,Suzano,,
89.637.490/0001-45,2016,BRL millions,12995.407000000001,3,1.02.03,dfp_cia_aberta_2016.zip,ÚLTIMO,1398.146,3,3.05,dfp_cia_aberta_2016.zip,ÚLTIMO,3214.935,3,3.07,dfp_cia_aberta_2016.zip,ÚLTIMO,-732.989,3,3.08,dfp_cia_aberta_2016.zip,ÚLTIMO,2481.946,3,3.11,dfp_cia_aberta_2016.zip,ÚLTIMO,Klabin,,
00.001.180/0001-26,2016,BRL millions,26812.925,1,1.02.03,dfp_cia_aberta_2016.zip,ÚLTIMO,17953.406,1,3.05,dfp_cia_aberta_2016.zip,ÚLTIMO,12024.095,1,3.07,dfp_cia_aberta_2016.zip,ÚLTIMO,-8510.819,1,3.08,dfp_cia_aberta_2016.zip,ÚLTIMO,3513.2760000000003,1,3.11,dfp_cia_aberta_2016.zip,ÚLTIMO,Eletrobras,,
05.303.439/0001-07,2016,BRL millions,,,1.02.03,,,,,3.05,,,,,3.07,,,,,3.08,,,,,3.11,,,Unigel,,
33.592.510/0001-54,2017,BRL millions,181534.815,1,1.02.03,dfp_cia_aberta_2017.zip,ÚLTIMO,34533.678,1,3.05,dfp_cia_aberta_2017.zip,ÚLTIMO,24884.148,1,3.07,dfp_cia_aberta_2017.zip,ÚLTIMO,-4606.567,1,3.08,dfp_cia_aberta_2017.zip,ÚLTIMO,17669.992000000002,1,3.11,dfp_cia_aberta_2017.zip,ÚLTIMO,Vale,,
33.000.167/0001-01,2017,BRL millions,584357.0,2,1.02.03,dfp_cia_aberta_2017.zip,ÚLTIMO,37773.0,2,3.05,dfp_cia_aberta_2017.zip,ÚLTIMO,6174.0,2,3.07,dfp_cia_aberta_2017.zip,ÚLTIMO,-5797.0,2,3.08,dfp_cia_aberta_2017.zip,ÚLTIMO,377.0,2,3.11,dfp_cia_aberta_2017.zip,ÚLTIMO,Petrobras,,
33.611.500/0001-19,2017,BRL millions,16443.742000000002,2,1.02.03,dfp_cia_aberta_2017.zip,ÚLTIMO,1100.0720000000001,2,3.05,dfp_cia_aberta_2017.zip,ÚLTIMO,-43.276,2,3.07,dfp_cia_aberta_2017.zip,ÚLTIMO,-295.391,2,3.08,dfp_cia_aberta_2017.zip,ÚLTIMO,-338.66700000000003,2,3.11,dfp_cia_aberta_2017.zip,ÚLTIMO,Gerdau,,
33.042.730/0001-04,2017,BRL millions,17964.839,2,1.02.03,dfp_cia_aberta_2017.zip,ÚLTIMO,2983.965,2,3.05,dfp_cia_aberta_2017.zip,ÚLTIMO,520.338,2,3.07,dfp_cia_aberta_2017.zip,ÚLTIMO,-409.109,2,3.08,dfp_cia_aberta_2017.zip,ÚLTIMO,111.229,2,3.11,dfp_cia_aberta_2017.zip,ÚLTIMO,CSN,,
16.404.287/0001-55,2017,BRL millions,16211.228000000001,2,1.02.03,dfp_cia_aberta_2017.zip,ÚLTIMO,3257.905,2,3.05,dfp_cia_aberta_2017.zip,ÚLTIMO,2239.065,2,3.07,dfp_cia_aberta_2017.zip,ÚLTIMO,-431.632,2,3.08,dfp_cia_aberta_2017.zip,ÚLTIMO,1807.433,2,3.11,dfp_cia_aberta_2017.zip,ÚLTIMO,Suzano,,
89.637.490/0001-45,2017,BRL millions,12619.495,2,1.02.03,dfp_cia_aberta_2017.zip,ÚLTIMO,1552.0520000000001,2,3.05,dfp_cia_aberta_2017.zip,ÚLTIMO,838.668,2,3.07,dfp_cia_aberta_2017.zip,ÚLTIMO,-306.499,2,3.08,dfp_cia_aberta_2017.zip,ÚLTIMO,532.169,2,3.11,dfp_cia_aberta_2017.zip,ÚLTIMO,Klabin,,
00.001.180/0001-26,2017,BRL millions,27965.837,1,1.02.03,dfp_cia_aberta_2017.zip,ÚLTIMO,4992.898,1,3.05,dfp_cia_aberta_2017.zip,ÚLTIMO,-200.398,1,3.07,dfp_cia_aberta_2017.zip,ÚLTIMO,-1525.2930000000001,1,3.08,dfp_cia_aberta_2017.zip,ÚLTIMO,-1725.691,1,3.11,dfp_cia_aberta_2017.zip,ÚLTIMO,Eletrobras,,
05.303.439/0001-07,2017,BRL millions,,,1.02.03,,,242.485,1,3.05,unigel_cvm_2018_v1.pdf,2017 (fourth numeric column),-110.051,1,3.07,unigel_cvm_2018_v1.pdf,2017 (fourth numeric column),-1.113,1,3.08,unigel_cvm_2018_v1.pdf,2017 (fourth numeric column),-60.42,1,3.11,unigel_cvm_2018_v1.pdf,2017 (fourth numeric column),Unigel,https://www.rad.cvm.gov.br/ENET/frmDownloadDocumento.aspx?Tela=ext&descTipo=IPE&CodigoInstituicao=1&numProtocolo=892164&numSequencia=416898&numVersao=1,34.0
33.592.510/0001-54,2018,BRL millions,187481.499,2,1.02.03,dfp_cia_aberta_2018.zip,ÚLTIMO,43175.744,2,3.05,dfp_cia_aberta_2018.zip,ÚLTIMO,25118.225000000002,2,3.07,dfp_cia_aberta_2018.zip,ÚLTIMO,965.98,2,3.08,dfp_cia_aberta_2018.zip,ÚLTIMO,25773.768,2,3.11,dfp_cia_aberta_2018.zip,ÚLTIMO,Vale,,
33.000.167/0001-01,2018,BRL millions,609829.0,1,1.02.03,dfp_cia_aberta_2018.zip,ÚLTIMO,64876.0,1,3.05,dfp_cia_aberta_2018.zip,ÚLTIMO,43776.0,1,3.07,dfp_cia_aberta_2018.zip,ÚLTIMO,-17078.0,1,3.08,dfp_cia_aberta_2018.zip,ÚLTIMO,26698.0,1,3.11,dfp_cia_aberta_2018.zip,ÚLTIMO,Petrobras,,
33.611.500/0001-19,2018,BRL millions,15546.481,1,1.02.03,dfp_cia_aberta_2018.zip,ÚLTIMO,4047.226,1,3.05,dfp_cia_aberta_2018.zip,ÚLTIMO,2157.431,1,3.07,dfp_cia_aberta_2018.zip,ÚLTIMO,168.951,1,3.08,dfp_cia_aberta_2018.zip,ÚLTIMO,2326.382,1,3.11,dfp_cia_aberta_2018.zip,ÚLTIMO,Gerdau,,
33.042.730/0001-04,2018,BRL millions,18046.864,1,1.02.03,dfp_cia_aberta_2018.zip,ÚLTIMO,6946.56,1,3.05,dfp_cia_aberta_2018.zip,ÚLTIMO,5450.917,1,3.07,dfp_cia_aberta_2018.zip,ÚLTIMO,-250.334,1,3.08,dfp_cia_aberta_2018.zip,ÚLTIMO,5200.5830000000005,1,3.11,dfp_cia_aberta_2018.zip,ÚLTIMO,CSN,,
16.404.287/0001-55,2018,BRL millions,17020.259000000002,1,1.02.03,dfp_cia_aberta_2018.zip,ÚLTIMO,5005.759,1,3.05,dfp_cia_aberta_2018.zip,ÚLTIMO,163.246,1,3.07,dfp_cia_aberta_2018.zip,ÚLTIMO,155.214,1,3.08,dfp_cia_aberta_2018.zip,ÚLTIMO,318.46,1,3.11,dfp_cia_aberta_2018.zip,ÚLTIMO,Suzano,,
89.637.490/0001-45,2018,BRL millions,12262.472,1,1.02.03,dfp_cia_aberta_2018.zip,ÚLTIMO,2983.605,1,3.05,dfp_cia_aberta_2018.zip,ÚLTIMO,-68.581,1,3.07,dfp_cia_aberta_2018.zip,ÚLTIMO,255.399,1,3.08,dfp_cia_aberta_2018.zip,ÚLTIMO,186.818,1,3.11,dfp_cia_aberta_2018.zip,ÚLTIMO,Klabin,,
00.001.180/0001-26,2018,BRL millions,32370.392,1,1.02.03,dfp_cia_aberta_2018.zip,ÚLTIMO,18288.411,1,3.05,dfp_cia_aberta_2018.zip,ÚLTIMO,17710.338,1,3.07,dfp_cia_aberta_2018.zip,ÚLTIMO,-2483.718,1,3.08,dfp_cia_aberta_2018.zip,ÚLTIMO,13347.577000000001,1,3.11,dfp_cia_aberta_2018.zip,ÚLTIMO,Eletrobras,,
05.303.439/0001-07,2018,BRL millions,,,1.02.03,,,282.888,1,3.05,unigel_cvm_2018_v1.pdf,2018 (third numeric column),-15.985,1,3.07,unigel_cvm_2018_v1.pdf,2018 (third numeric column),-15.774,1,3.08,unigel_cvm_2018_v1.pdf,2018 (third numeric column),-31.759,1,3.11,unigel_cvm_2018_v1.pdf,2018 (third numeric column),Unigel,https://www.rad.cvm.gov.br/ENET/frmDownloadDocumento.aspx?Tela=ext&descTipo=IPE&CodigoInstituicao=1&numProtocolo=892164&numSequencia=416898&numVersao=1,34.0
33.592.510/0001-54,2019,BRL millions,187733.155,2,1.02.03,dfp_cia_aberta_2019.zip,ÚLTIMO,2239.775,2,3.05,dfp_cia_aberta_2019.zip,ÚLTIMO,-11205.011,2,3.07,dfp_cia_aberta_2019.zip,ÚLTIMO,2508.971,2,3.08,dfp_cia_aberta_2019.zip,ÚLTIMO,-8696.04,2,3.11,dfp_cia_aberta_2019.zip,ÚLTIMO,Vale,,
33.000.167/0001-01,2019,BRL millions,641949.0,1,1.02.03,dfp_cia_aberta_2019.zip,ÚLTIMO,81701.0,1,3.05,dfp_cia_aberta_2019.zip,ÚLTIMO,47242.0,1,3.07,dfp_cia_aberta_2019.zip,ÚLTIMO,-16400.0,1,3.08,dfp_cia_aberta_2019.zip,ÚLTIMO,40970.0,1,3.11,dfp_cia_aberta_2019.zip,ÚLTIMO,Petrobras,,
33.611.500/0001-19,2019,BRL millions,16678.807,1,1.02.03,dfp_cia_aberta_2019.zip,ÚLTIMO,3183.934,1,3.05,dfp_cia_aberta_2019.zip,ÚLTIMO,1674.72,1,3.07,dfp_cia_aberta_2019.zip,ÚLTIMO,-457.833,1,3.08,dfp_cia_aberta_2019.zip,ÚLTIMO,1216.887,1,3.11,dfp_cia_aberta_2019.zip,ÚLTIMO,Gerdau,,
33.042.730/0001-04,2019,BRL millions,19700.944,1,1.02.03,dfp_cia_aberta_2019.zip,ÚLTIMO,3541.917,1,3.05,dfp_cia_aberta_2019.zip,ÚLTIMO,1410.733,1,3.07,dfp_cia_aberta_2019.zip,ÚLTIMO,833.778,1,3.08,dfp_cia_aberta_2019.zip,ÚLTIMO,2244.511,1,3.11,dfp_cia_aberta_2019.zip,ÚLTIMO,CSN,,
16.404.287/0001-55,2019,BRL millions,44971.182,1,1.02.03,dfp_cia_aberta_2019.zip,ÚLTIMO,2628.578,1,3.05,dfp_cia_aberta_2019.zip,ÚLTIMO,-4097.203,1,3.07,dfp_cia_aberta_2019.zip,ÚLTIMO,1282.461,1,3.08,dfp_cia_aberta_2019.zip,ÚLTIMO,-2814.742,1,3.11,dfp_cia_aberta_2019.zip,ÚLTIMO,Suzano,,
89.637.490/0001-45,2019,BRL millions,13735.58,1,1.02.03,dfp_cia_aberta_2019.zip,ÚLTIMO,2526.3740000000003,1,3.05,dfp_cia_aberta_2019.zip,ÚLTIMO,864.5260000000001,1,3.07,dfp_cia_aberta_2019.zip,ÚLTIMO,-149.90800000000002,1,3.08,dfp_cia_aberta_2019.zip,ÚLTIMO,714.618,1,3.11,dfp_cia_aberta_2019.zip,ÚLTIMO,Klabin,,
00.001.180/0001-26,2019,BRL millions,33315.874,1,1.02.03,dfp_cia_aberta_2019.zip,ÚLTIMO,8449.632,1,3.05,dfp_cia_aberta_2019.zip,ÚLTIMO,6368.606,1,3.07,dfp_cia_aberta_2019.zip,ÚLTIMO,1090.262,1,3.08,dfp_cia_aberta_2019.zip,ÚLTIMO,10743.843,1,3.11,dfp_cia_aberta_2019.zip,ÚLTIMO,Eletrobras,,
05.303.439/0001-07,2019,BRL millions,,,1.02.03,,,246.982,1,3.05,unigel_cvm_2019_v1.pdf,2019 consolidated (third numeric column; printed page40),-51.693,1,3.07,unigel_cvm_2019_v1.pdf,2019 consolidated (third numeric column; printed page40),78.954,1,3.08,unigel_cvm_2019_v1.pdf,2019 consolidated (third numeric column; printed page40),27.261,1,3.11,unigel_cvm_2019_v1.pdf,2019 consolidated (third numeric column; printed page40),Unigel,https://www.rad.cvm.gov.br/ENETWeb/frmDownloadDocumento.aspx?Tela=ext&descTipo=IPE&CodigoInstituicao=1&numProtocolo=892165&numSequencia=416899&numVersao=1,41.0
33.592.510/0001-54,2020,BRL millions,213835.752,1,1.02.03,dfp_cia_aberta_2020.zip,ÚLTIMO,52067.618,1,3.05,dfp_cia_aberta_2020.zip,ÚLTIMO,27926.988,1,3.07,dfp_cia_aberta_2020.zip,ÚLTIMO,-3024.647,1,3.08,dfp_cia_aberta_2020.zip,ÚLTIMO,24902.341,1,3.11,dfp_cia_aberta_2020.zip,ÚLTIMO,Vale,,
33.000.167/0001-01,2020,BRL millions,645434.0,2,1.02.03,dfp_cia_aberta_2020.zip,ÚLTIMO,49621.0,2,3.05,dfp_cia_aberta_2020.zip,ÚLTIMO,37.0,2,3.07,dfp_cia_aberta_2020.zip,ÚLTIMO,6209.0,2,3.08,dfp_cia_aberta_2020.zip,ÚLTIMO,6246.0,2,3.11,dfp_cia_aberta_2020.zip,ÚLTIMO,Petrobras,,
33.611.500/0001-19,2020,BRL millions,18068.226,1,1.02.03,dfp_cia_aberta_2020.zip,ÚLTIMO,5194.385,1,3.05,dfp_cia_aberta_2020.zip,ÚLTIMO,3495.678,1,3.07,dfp_cia_aberta_2020.zip,ÚLTIMO,-1107.624,1,3.08,dfp_cia_aberta_2020.zip,ÚLTIMO,2388.054,1,3.11,dfp_cia_aberta_2020.zip,ÚLTIMO,Gerdau,,
33.042.730/0001-04,2020,BRL millions,19716.223,1,1.02.03,dfp_cia_aberta_2020.zip,ÚLTIMO,5714.437,1,3.05,dfp_cia_aberta_2020.zip,ÚLTIMO,4918.126,1,3.07,dfp_cia_aberta_2020.zip,ÚLTIMO,-625.508,1,3.08,dfp_cia_aberta_2020.zip,ÚLTIMO,4292.618,1,3.11,dfp_cia_aberta_2020.zip,ÚLTIMO,CSN,,
16.404.287/0001-55,2020,BRL millions,43500.968,1,1.02.03,dfp_cia_aberta_2020.zip,ÚLTIMO,8443.394,1,3.05,dfp_cia_aberta_2020.zip,ÚLTIMO,-17642.129,1,3.07,dfp_cia_aberta_2020.zip,ÚLTIMO,6927.194,1,3.08,dfp_cia_aberta_2020.zip,ÚLTIMO,-10714.935,1,3.11,dfp_cia_aberta_2020.zip,ÚLTIMO,Suzano,,
89.637.490/0001-45,2020,BRL millions,17654.257,1,1.02.03,dfp_cia_aberta_2020.zip,ÚLTIMO,3214.766,1,3.05,dfp_cia_aberta_2020.zip,ÚLTIMO,-3814.3650000000002,1,3.07,dfp_cia_aberta_2020.zip,ÚLTIMO,1424.875,1,3.08,dfp_cia_aberta_2020.zip,ÚLTIMO,-2389.4900000000002,1,3.11,dfp_cia_aberta_2020.zip,ÚLTIMO,Klabin,,
00.001.180/0001-26,2020,BRL millions,32662.912,1,1.02.03,dfp_cia_aberta_2020.zip,ÚLTIMO,8624.292,1,3.05,dfp_cia_aberta_2020.zip,ÚLTIMO,6952.646,1,3.07,dfp_cia_aberta_2020.zip,ÚLTIMO,-565.333,1,3.08,dfp_cia_aberta_2020.zip,ÚLTIMO,6387.313,1,3.11,dfp_cia_aberta_2020.zip,ÚLTIMO,Eletrobras,,
05.303.439/0001-07,2020,BRL millions,1705.31,1,1.02.03,dfp_cia_aberta_2020.zip,ÚLTIMO,349.408,1,3.05,dfp_cia_aberta_2020.zip,ÚLTIMO,-25.585,1,3.07,dfp_cia_aberta_2020.zip,ÚLTIMO,18.6,1,3.08,dfp_cia_aberta_2020.zip,ÚLTIMO,-6.985,1,3.11,dfp_cia_aberta_2020.zip,ÚLTIMO,Unigel,,
33.592.510/0001-54,2021,BRL millions,233995.0,1,1.02.03,dfp_cia_aberta_2021.zip,ÚLTIMO,141335.0,1,3.05,dfp_cia_aberta_2021.zip,ÚLTIMO,159147.0,1,3.07,dfp_cia_aberta_2021.zip,ÚLTIMO,-25320.0,1,3.08,dfp_cia_aberta_2021.zip,ÚLTIMO,121343.0,1,3.11,dfp_cia_aberta_2021.zip,ÚLTIMO,Vale,,
33.000.167/0001-01,2021,BRL millions,699406.0,1,1.02.03,dfp_cia_aberta_2021.zip,ÚLTIMO,210831.0,1,3.05,dfp_cia_aberta_2021.zip,ÚLTIMO,151575.0,1,3.07,dfp_cia_aberta_2021.zip,ÚLTIMO,-44311.0,1,3.08,dfp_cia_aberta_2021.zip,ÚLTIMO,107264.0,1,3.11,dfp_cia_aberta_2021.zip,ÚLTIMO,Petrobras,,
33.611.500/0001-19,2021,BRL millions,19603.53,1,1.02.03,dfp_cia_aberta_2021.zip,ÚLTIMO,21023.022,1,3.05,dfp_cia_aberta_2021.zip,ÚLTIMO,20272.568,1,3.07,dfp_cia_aberta_2021.zip,ÚLTIMO,-4713.63,1,3.08,dfp_cia_aberta_2021.zip,ÚLTIMO,15558.938,1,3.11,dfp_cia_aberta_2021.zip,ÚLTIMO,Gerdau,,
33.042.730/0001-04,2021,BRL millions,21531.134000000002,1,1.02.03,dfp_cia_aberta_2021.zip,ÚLTIMO,20539.962,1,3.05,dfp_cia_aberta_2021.zip,ÚLTIMO,18595.778000000002,1,3.07,dfp_cia_aberta_2021.zip,ÚLTIMO,-5000.157,1,3.08,dfp_cia_aberta_2021.zip,ÚLTIMO,13595.621000000001,1,3.11,dfp_cia_aberta_2021.zip,ÚLTIMO,CSN,,
16.404.287/0001-55,2021,BRL millions,42963.726,1,1.02.03,dfp_cia_aberta_2021.zip,ÚLTIMO,18180.191,1,3.05,dfp_cia_aberta_2021.zip,ÚLTIMO,8832.957,1,3.07,dfp_cia_aberta_2021.zip,ÚLTIMO,-197.425,1,3.08,dfp_cia_aberta_2021.zip,ÚLTIMO,8635.532000000001,1,3.11,dfp_cia_aberta_2021.zip,ÚLTIMO,Suzano,,
89.637.490/0001-45,2021,BRL millions,20616.716,3,1.02.03,dfp_cia_aberta_2021.zip,ÚLTIMO,5506.874,3,3.05,dfp_cia_aberta_2021.zip,ÚLTIMO,4416.411,3,3.07,dfp_cia_aberta_2021.zip,ÚLTIMO,-1011.537,3,3.08,dfp_cia_aberta_2021.zip,ÚLTIMO,3404.8740000000003,3,3.11,dfp_cia_aberta_2021.zip,ÚLTIMO,Klabin,,
00.001.180/0001-26,2021,BRL millions,33367.981,1,1.02.03,dfp_cia_aberta_2021.zip,ÚLTIMO,13050.695,1,3.05,dfp_cia_aberta_2021.zip,ÚLTIMO,10994.356,1,3.07,dfp_cia_aberta_2021.zip,ÚLTIMO,-5280.723,1,3.08,dfp_cia_aberta_2021.zip,ÚLTIMO,5713.633,1,3.11,dfp_cia_aberta_2021.zip,ÚLTIMO,Eletrobras,,
05.303.439/0001-07,2021,BRL millions,2324.993,1,1.02.03,dfp_cia_aberta_2021.zip,ÚLTIMO,1695.939,1,3.05,dfp_cia_aberta_2021.zip,ÚLTIMO,1243.65,1,3.07,dfp_cia_aberta_2021.zip,ÚLTIMO,-361.47700000000003,1,3.08,dfp_cia_aberta_2021.zip,ÚLTIMO,882.173,1,3.11,dfp_cia_aberta_2021.zip,ÚLTIMO,Unigel,,
33.592.510/0001-54,2022,BRL millions,234472.0,2,1.02.03,dfp_cia_aberta_2022.zip,ÚLTIMO,90326.0,2,3.05,dfp_cia_aberta_2022.zip,ÚLTIMO,101704.0,2,3.07,dfp_cia_aberta_2022.zip,ÚLTIMO,-15185.0,2,3.08,dfp_cia_aberta_2022.zip,ÚLTIMO,96337.0,2,3.11,dfp_cia_aberta_2022.zip,ÚLTIMO,Vale,,
33.000.167/0001-01,2022,BRL millions,679182.0,1,1.02.03,dfp_cia_aberta_2022.zip,ÚLTIMO,294255.0,1,3.05,dfp_cia_aberta_2022.zip,ÚLTIMO,274998.0,1,3.07,dfp_cia_aberta_2022.zip,ÚLTIMO,-85993.0,1,3.08,dfp_cia_aberta_2022.zip,ÚLTIMO,189005.0,1,3.11,dfp_cia_aberta_2022.zip,ÚLTIMO,Petrobras,,
33.611.500/0001-19,2022,BRL millions,21383.61,1,1.02.03,dfp_cia_aberta_2022.zip,ÚLTIMO,17751.453,1,3.05,dfp_cia_aberta_2022.zip,ÚLTIMO,15859.027,1,3.07,dfp_cia_aberta_2022.zip,ÚLTIMO,-4379.475,1,3.08,dfp_cia_aberta_2022.zip,ÚLTIMO,11479.552,1,3.11,dfp_cia_aberta_2022.zip,ÚLTIMO,Gerdau,,
33.042.730/0001-04,2022,BRL millions,26370.445,2,1.02.03,dfp_cia_aberta_2022.zip,ÚLTIMO,7641.462,2,3.05,dfp_cia_aberta_2022.zip,ÚLTIMO,4126.437,2,3.07,dfp_cia_aberta_2022.zip,ÚLTIMO,-1958.739,2,3.08,dfp_cia_aberta_2022.zip,ÚLTIMO,2167.698,2,3.11,dfp_cia_aberta_2022.zip,ÚLTIMO,CSN,,
16.404.287/0001-55,2022,BRL millions,55765.86,1,1.02.03,dfp_cia_aberta_2022.zip,ÚLTIMO,22222.781,1,3.05,dfp_cia_aberta_2022.zip,ÚLTIMO,28655.581000000002,1,3.07,dfp_cia_aberta_2022.zip,ÚLTIMO,-5260.694,1,3.08,dfp_cia_aberta_2022.zip,ÚLTIMO,23394.887,1,3.11,dfp_cia_aberta_2022.zip,ÚLTIMO,Suzano,,
89.637.490/0001-45,2022,BRL millions,25770.584,1,1.02.03,dfp_cia_aberta_2022.zip,ÚLTIMO,6690.594,1,3.05,dfp_cia_aberta_2022.zip,ÚLTIMO,6599.155,1,3.07,dfp_cia_aberta_2022.zip,ÚLTIMO,-1910.252,1,3.08,dfp_cia_aberta_2022.zip,ÚLTIMO,4688.903,1,3.11,dfp_cia_aberta_2022.zip,ÚLTIMO,Klabin,,
00.001.180/0001-26,2022,BRL millions,34739.705,1,1.02.03,dfp_cia_aberta_2022.zip,ÚLTIMO,7720.805,1,3.05,dfp_cia_aberta_2022.zip,ÚLTIMO,3347.21,1,3.07,dfp_cia_aberta_2022.zip,ÚLTIMO,-695.613,1,3.08,dfp_cia_aberta_2022.zip,ÚLTIMO,3638.382,1,3.11,dfp_cia_aberta_2022.zip,ÚLTIMO,Eletrobras,,
05.303.439/0001-07,2022,BRL millions,2998.771,1,1.02.03,dfp_cia_aberta_2022.zip,ÚLTIMO,1490.959,1,3.05,dfp_cia_aberta_2022.zip,ÚLTIMO,367.415,1,3.07,dfp_cia_aberta_2022.zip,ÚLTIMO,21.302,1,3.08,dfp_cia_aberta_2022.zip,ÚLTIMO,388.717,1,3.11,dfp_cia_aberta_2022.zip,ÚLTIMO,Unigel,,
33.592.510/0001-54,2023,BRL millions,234302.0,1,1.02.03,dfp_cia_aberta_2023.zip,ÚLTIMO,65272.0,1,3.05,dfp_cia_aberta_2023.zip,ÚLTIMO,55554.0,1,3.07,dfp_cia_aberta_2023.zip,ÚLTIMO,-15000.0,1,3.08,dfp_cia_aberta_2023.zip,ÚLTIMO,40554.0,1,3.11,dfp_cia_aberta_2023.zip,ÚLTIMO,Vale,,
33.000.167/0001-01,2023,BRL millions,742774.0,2,1.02.03,dfp_cia_aberta_2023.zip,ÚLTIMO,189342.0,2,3.05,dfp_cia_aberta_2023.zip,ÚLTIMO,177481.0,2,3.07,dfp_cia_aberta_2023.zip,ÚLTIMO,-52315.0,2,3.08,dfp_cia_aberta_2023.zip,ÚLTIMO,125166.0,2,3.11,dfp_cia_aberta_2023.zip,ÚLTIMO,Petrobras,,
33.611.500/0001-19,2023,BRL millions,24063.184,1,1.02.03,dfp_cia_aberta_2023.zip,ÚLTIMO,10452.727,1,3.05,dfp_cia_aberta_2023.zip,ÚLTIMO,9346.605,1,3.07,dfp_cia_aberta_2023.zip,ÚLTIMO,-1809.622,1,3.08,dfp_cia_aberta_2023.zip,ÚLTIMO,7536.983,1,3.11,dfp_cia_aberta_2023.zip,ÚLTIMO,Gerdau,,
33.042.730/0001-04,2023,BRL millions,27927.458000000002,1,1.02.03,dfp_cia_aberta_2023.zip,ÚLTIMO,5186.749,1,3.05,dfp_cia_aberta_2023.zip,ÚLTIMO,1035.367,1,3.07,dfp_cia_aberta_2023.zip,ÚLTIMO,-632.718,1,3.08,dfp_cia_aberta_2023.zip,ÚLTIMO,402.649,1,3.11,dfp_cia_aberta_2023.zip,ÚLTIMO,CSN,,
16.404.287/0001-55,2023,BRL millions,64485.700000000004,1,1.02.03,dfp_cia_aberta_2023.zip,ÚLTIMO,12216.288,1,3.05,dfp_cia_aberta_2023.zip,ÚLTIMO,17997.216,1,3.07,dfp_cia_aberta_2023.zip,ÚLTIMO,-3890.835,1,3.08,dfp_cia_aberta_2023.zip,ÚLTIMO,14106.381,1,3.11,dfp_cia_aberta_2023.zip,ÚLTIMO,Suzano,,
89.637.490/0001-45,2023,BRL millions,27288.202,1,1.02.03,dfp_cia_aberta_2023.zip,ÚLTIMO,4249.21,1,3.05,dfp_cia_aberta_2023.zip,ÚLTIMO,3814.0570000000002,1,3.07,dfp_cia_aberta_2023.zip,ÚLTIMO,-966.669,1,3.08,dfp_cia_aberta_2023.zip,ÚLTIMO,2847.388,1,3.11,dfp_cia_aberta_2023.zip,ÚLTIMO,Klabin,,
00.001.180/0001-26,2023,BRL millions,35805.421,2,1.02.03,dfp_cia_aberta_2023.zip,ÚLTIMO,13730.498,2,3.05,dfp_cia_aberta_2023.zip,ÚLTIMO,1728.377,2,3.07,dfp_cia_aberta_2023.zip,ÚLTIMO,2998.498,2,3.08,dfp_cia_aberta_2023.zip,ÚLTIMO,4394.861,2,3.11,dfp_cia_aberta_2023.zip,ÚLTIMO,Eletrobras,,
05.303.439/0001-07,2023,BRL millions,2344.038,1,1.02.03,dfp_cia_aberta_2023.zip,ÚLTIMO,-1624.635,1,3.05,dfp_cia_aberta_2023.zip,ÚLTIMO,-2640.283,1,3.07,dfp_cia_aberta_2023.zip,ÚLTIMO,305.851,1,3.08,dfp_cia_aberta_2023.zip,ÚLTIMO,-2334.4320000000002,1,3.11,dfp_cia_aberta_2023.zip,ÚLTIMO,Unigel,,
33.592.510/0001-54,2024,BRL millions,247594.0,3,1.02.03,dfp_cia_aberta_2024.zip,ÚLTIMO,55459.0,3,3.05,dfp_cia_aberta_2024.zip,ÚLTIMO,34224.0,3,3.07,dfp_cia_aberta_2024.zip,ÚLTIMO,-3793.0,3,3.08,dfp_cia_aberta_2024.zip,ÚLTIMO,30431.0,3,3.11,dfp_cia_aberta_2024.zip,ÚLTIMO,Vale,,
33.000.167/0001-01,2024,BRL millions,843917.0,1,1.02.03,dfp_cia_aberta_2024.zip,ÚLTIMO,137201.0,1,3.05,dfp_cia_aberta_2024.zip,ÚLTIMO,54730.0,1,3.07,dfp_cia_aberta_2024.zip,ÚLTIMO,-17721.0,1,3.08,dfp_cia_aberta_2024.zip,ÚLTIMO,37009.0,1,3.11,dfp_cia_aberta_2024.zip,ÚLTIMO,Petrobras,,
33.611.500/0001-19,2024,BRL millions,30760.008,2,1.02.03,dfp_cia_aberta_2024.zip,ÚLTIMO,7487.202,2,3.05,dfp_cia_aberta_2024.zip,ÚLTIMO,5463.715,2,3.07,dfp_cia_aberta_2024.zip,ÚLTIMO,-864.653,2,3.08,dfp_cia_aberta_2024.zip,ÚLTIMO,4599.062,2,3.11,dfp_cia_aberta_2024.zip,ÚLTIMO,Gerdau,,
33.042.730/0001-04,2024,BRL millions,30426.023,1,1.02.03,dfp_cia_aberta_2024.zip,ÚLTIMO,4270.022,1,3.05,dfp_cia_aberta_2024.zip,ÚLTIMO,-1543.349,1,3.07,dfp_cia_aberta_2024.zip,ÚLTIMO,5.208,1,3.08,dfp_cia_aberta_2024.zip,ÚLTIMO,-1538.141,1,3.11,dfp_cia_aberta_2024.zip,ÚLTIMO,CSN,,
16.404.287/0001-55,2024,BRL millions,70166.731,1,1.02.03,dfp_cia_aberta_2024.zip,ÚLTIMO,15691.092,1,3.05,dfp_cia_aberta_2024.zip,ÚLTIMO,-13111.053,1,3.07,dfp_cia_aberta_2024.zip,ÚLTIMO,6066.347,1,3.08,dfp_cia_aberta_2024.zip,ÚLTIMO,-7044.706,1,3.11,dfp_cia_aberta_2024.zip,ÚLTIMO,Suzano,,
89.637.490/0001-45,2024,BRL millions,30753.351000000002,1,1.02.03,dfp_cia_aberta_2024.zip,ÚLTIMO,4497.439,1,3.05,dfp_cia_aberta_2024.zip,ÚLTIMO,2269.68,1,3.07,dfp_cia_aberta_2024.zip,ÚLTIMO,-222.735,1,3.08,dfp_cia_aberta_2024.zip,ÚLTIMO,2046.945,1,3.11,dfp_cia_aberta_2024.zip,ÚLTIMO,Klabin,,
00.001.180/0001-26,2024,BRL millions,36854.056000000004,2,1.02.03,dfp_cia_aberta_2024.zip,ÚLTIMO,22248.904000000002,2,3.05,dfp_cia_aberta_2024.zip,ÚLTIMO,10620.783,2,3.07,dfp_cia_aberta_2024.zip,ÚLTIMO,-240.03,2,3.08,dfp_cia_aberta_2024.zip,ÚLTIMO,10380.753,2,3.11,dfp_cia_aberta_2024.zip,ÚLTIMO,Eletrobras,,
05.303.439/0001-07,2024,BRL millions,2396.799,2,1.02.03,dfp_cia_aberta_2024.zip,ÚLTIMO,-90.893,2,3.05,dfp_cia_aberta_2024.zip,ÚLTIMO,-1922.255,2,3.07,dfp_cia_aberta_2024.zip,ÚLTIMO,59.691,2,3.08,dfp_cia_aberta_2024.zip,ÚLTIMO,-1862.564,2,3.11,dfp_cia_aberta_2024.zip,ÚLTIMO,Unigel,,
33.592.510/0001-54,2025,BRL millions,240040.0,2,1.02.03,dfp_cia_aberta_2025.zip,ÚLTIMO,31969.0,2,3.05,dfp_cia_aberta_2025.zip,ÚLTIMO,26693.0,2,3.07,dfp_cia_aberta_2025.zip,ÚLTIMO,-14882.0,2,3.08,dfp_cia_aberta_2025.zip,ÚLTIMO,11811.0,2,3.11,dfp_cia_aberta_2025.zip,ÚLTIMO,Vale,,
33.000.167/0001-01,2025,BRL millions,924624.0,1,1.02.03,dfp_cia_aberta_2025.zip,ÚLTIMO,145628.0,1,3.05,dfp_cia_aberta_2025.zip,ÚLTIMO,150599.0,1,3.07,dfp_cia_aberta_2025.zip,ÚLTIMO,-39994.0,1,3.08,dfp_cia_aberta_2025.zip,ÚLTIMO,110605.0,1,3.11,dfp_cia_aberta_2025.zip,ÚLTIMO,Petrobras,,
33.611.500/0001-19,2025,BRL millions,31912.295000000002,1,1.02.03,dfp_cia_aberta_2025.zip,ÚLTIMO,3739.068,1,3.05,dfp_cia_aberta_2025.zip,ÚLTIMO,2524.447,1,3.07,dfp_cia_aberta_2025.zip,ÚLTIMO,-1106.009,1,3.08,dfp_cia_aberta_2025.zip,ÚLTIMO,1418.438,1,3.11,dfp_cia_aberta_2025.zip,ÚLTIMO,Gerdau,,
33.042.730/0001-04,2025,BRL millions,33919.169,1,1.02.03,dfp_cia_aberta_2025.zip,ÚLTIMO,4816.674,1,3.05,dfp_cia_aberta_2025.zip,ÚLTIMO,-1679.518,1,3.07,dfp_cia_aberta_2025.zip,ÚLTIMO,172.792,1,3.08,dfp_cia_aberta_2025.zip,ÚLTIMO,-1506.726,1,3.11,dfp_cia_aberta_2025.zip,ÚLTIMO,CSN,,
16.404.287/0001-55,2025,BRL millions,69627.976,1,1.02.03,dfp_cia_aberta_2025.zip,ÚLTIMO,10649.009,1,3.05,dfp_cia_aberta_2025.zip,ÚLTIMO,20411.174,1,3.07,dfp_cia_aberta_2025.zip,ÚLTIMO,-6973.487,1,3.08,dfp_cia_aberta_2025.zip,ÚLTIMO,13437.687,1,3.11,dfp_cia_aberta_2025.zip,ÚLTIMO,Suzano,,
89.637.490/0001-45,2025,BRL millions,30308.124,1,1.02.03,dfp_cia_aberta_2025.zip,ÚLTIMO,4480.349,1,3.05,dfp_cia_aberta_2025.zip,ÚLTIMO,2379.4030000000002,1,3.07,dfp_cia_aberta_2025.zip,ÚLTIMO,-701.192,1,3.08,dfp_cia_aberta_2025.zip,ÚLTIMO,1678.211,1,3.11,dfp_cia_aberta_2025.zip,ÚLTIMO,Klabin,,
00.001.180/0001-26,2025,BRL millions,39659.177,1,1.02.03,dfp_cia_aberta_2025.zip,ÚLTIMO,3946.582,1,3.05,dfp_cia_aberta_2025.zip,ÚLTIMO,-6979.948,1,3.07,dfp_cia_aberta_2025.zip,ÚLTIMO,13539.607,1,3.08,dfp_cia_aberta_2025.zip,ÚLTIMO,6559.659000000001,1,3.11,dfp_cia_aberta_2025.zip,ÚLTIMO,Eletrobras,,
05.303.439/0001-07,2025,BRL millions,,,1.02.03,,,,,3.05,,,,,3.07,,,,,3.08,,,,,3.11,,,Unigel,,
