CNPJ_CIA;ANO;DENOM_CIA;CD_CVM;IMOBILIZADO_LIQUIDO;IMOBILIZADO_BRUTO;IMOBILIZADO_ANDAMENTO;IMOBILIZADO_DEPRECIAVEL_BRUTO;DEPRECIACAO_ACUMULADA;DEPRECIACAO_EXERCICIO;TAXA_DEPRECIACAO_ANUAL;VIDA_UTIL_MEDIA_ANOS;IDADE_MEDIA_ANOS;GRAU_DEPRECIACAO_PCT;EBT_CONTABIL;IRPJ_CSLL_CONTABIL;LUCRO_LIQUIDO_CONTABIL;METODO_EXTRACAO;INCC_INFLACAO_ACUM_PCT;INCC_FATOR;INCC_MESES_LOOKBACK;IGPM_INFLACAO_ACUM_PCT;IGPM_FATOR;INCC_VALOR_REPOSICAO_BRUTO;INCC_VALOR_REPOSICAO_DEPRECIAVEL;INCC_DEPRECIACAO_AJUSTADA;INCC_DELTA_DEPRECIACAO_EROSAO;INCC_EBT_REAL;INCC_TRIBUTO_INFLACIONARIO_OCULTO;INCC_LUCRO_LIQUIDO_REAL;INCC_EROSAO_LUCRO_PCT;INCC_ALIQUOTA_EFETIVA_REAL_PCT;IGPM_VALOR_REPOSICAO_BRUTO;IGPM_VALOR_REPOSICAO_DEPRECIAVEL;IGPM_DEPRECIACAO_AJUSTADA;IGPM_DELTA_DEPRECIACAO_EROSAO;IGPM_EBT_REAL;IGPM_TRIBUTO_INFLACIONARIO_OCULTO;IGPM_LUCRO_LIQUIDO_REAL;IGPM_EROSAO_LUCRO_PCT;IGPM_ALIQUOTA_EFETIVA_REAL_PCT
00.001.180/0001-26;2016;CENTRAIS ELETRICAS BRASILEIRAS S.A. - ELETROBRAS;002437;152667668.16909298;182713811.41308329;15779399.24150922;166934412.17157406;30046143.243990313;5564480.405719135;0.03333333333333333;30.0;5.399631421670403;16.444374408052465;15962981.063372476;-5427413.561546642;10535567.501825832;PADRAO_CVM;51.0609716691244;1.510609716691244;65;43.417635151392076;1.4341763515139208;276009258.8942951;252172745.07652083;8405758.169217361;2841277.763498226;13121703.29987425;966034.4395893969;7694289.738327606;26.96843585317856;41.36211159109698;262043827.42361835;239413386.19034913;7980446.206344971;2415965.8006258365;13547015.26274664;821428.3722127845;8119601.701199995;22.931520302130338;40.063537659632345
00.001.180/0001-26;2017;CENTRAIS ELETRICAS BRASILEIRAS S.A. - ELETROBRAS;002437;158452816.03415763;187966055.8867183;27924932.347569577;160041123.53914872;29513239.85256068;5334704.117971624;0.03333333333333333;30.0;5.532310546171825;15.701366777811977;15539052.707025837;-5283277.920388785;10255774.786637053;PADRAO_CVM;47.71404313054821;1.4771404313054821;66;42.67186344860483;1.4267186344860483;277652260.8632974;236403214.2512321;7880107.141707736;2545403.023736112;12993649.683289725;865437.0280702781;7710371.762900941;24.81921723800615;40.66046144974387;268174674.58442697;228333653.2373872;7611121.774579573;2276417.656607949;13262635.050417889;773982.0032467027;7979357.130029104;22.196447406138915;39.8358086481639
00.001.180/0001-26;2018;CENTRAIS ELETRICAS BRASILEIRAS S.A. - ELETROBRAS;002437;157770673.35327786;193785766.01822254;28951430.344592843;164834335.6736297;36015092.664944686;5494477.855787656;0.03333333333333333;30.0;6.554779837179228;18.58500415430823;17819725.63727694;-6058706.71667416;11761018.920602782;PADRAO_CVM;57.047422376122704;1.570474223761227;79;53.429321952629614;1.5342932195262962;304335550.4634428;258868075.36624113;8628935.845541371;3134457.9897537148;14685267.647523224;1065715.716516263;8626560.930849068;26.651245193244407;41.257039790459686;297324186.8424682;252904203.56917152;8430140.118972383;2935662.263184727;14884063.374092214;998125.1694828073;8825356.657418054;24.960951793403527;40.705999191189846
00.001.180/0001-26;2019;CENTRAIS ELETRICAS BRASILEIRAS S.A. - ELETROBRAS;002437;170205150.62431392;209092214.86663926;31081402.499128297;178010812.36751097;38887064.24232536;5933693.745583699;0.03333333333333333;30.0;6.55360150180788;18.598045014314785;18441089.608400382;-6269970.46685613;12171119.141544253;PADRAO_CVM;52.45774038924904;1.5245774038924904;79;55.311002316199584;1.5531100231619959;318777266.11551166;271391262.1840531;9046375.406135105;3112681.6605514055;15328407.947848976;1058311.764587478;9058437.480992846;25.574325781815283;40.90425103629885;324743214.6745191;276470376.91919065;9215679.230639689;3281985.4850559896;15159104.123344392;1115875.0649190366;8889133.656488262;26.965355008755402;41.36108846432842
00.001.180/0001-26;2020;CENTRAIS ELETRICAS BRASILEIRAS S.A. - ELETROBRAS;002437;162743617.1071771;208297063.98630017;20597765.338473603;187699298.64782655;45553446.87912304;6256643.2882608855;0.03333333333333333;30.0;7.280812534828913;21.869461819259786;18992604.058224272;-6457485.379796253;12535118.67842802;PADRAO_CVM;63.633303112936225;1.6363330311293622;87;80.42449835110206;1.8042449835110206;340843366.0880493;307138562.29725343;10237952.076575113;3981308.788314228;15011295.269910045;1353644.9880268376;8553809.890113793;31.76123729219855;43.017509573209196;375818932.77735615;338655517.99387795;11288517.266462598;5031873.9782017125;13960730.080022559;1710837.1525885824;7503244.700226308;40.14221250941311;46.25463956957914
00.001.180/0001-26;2021;CENTRAIS ELETRICAS BRASILEIRAS S.A. - ELETROBRAS;002437;166745232.04964465;220826541.4089425;20214921.79071905;200611619.61822343;54081309.359297834;6687053.987274114;0.03333333333333333;30.0;8.087464145230168;24.49040274517825;18555045.65709767;-6308715.523413208;12246330.133684464;PADRAO_CVM;88.20119969479731;1.8820119969479732;97;112.50397415792798;2.12503974157928;415598200.17615813;377553474.8486599;12585115.828288663;5898061.841014549;12656983.816083122;2005341.0259449468;6348268.292669915;48.16187197821395;49.84375120553427;469265176.4895053;426307664.3113103;14210255.477043677;7523201.489769563;11031844.167328108;2557888.5065216515;4723128.643914901;61.432293655684035;57.18640897862834
00.001.180/0001-26;2022;CENTRAIS ELETRICAS BRASILEIRAS S.A. - ELETROBRAS;002437;174137376.4956391;230788312.09172878;29213006.496202532;201575305.59552625;56650935.596089676;6719176.853184208;0.03333333333333333;30.0;8.431231508550468;24.546709095724605;22652320.756671786;-7701789.057268408;14950531.69940338;PADRAO_CVM;95.54284872262035;1.9554284872262035;101;111.40135919767458;2.1140135919767458;451290039.98301816;394166094.8828196;13138869.82942732;6419692.976243112;16232627.780428674;2182695.6119226585;8530838.723160267;42.93956298891563;47.446347944688824;487889628.6312858;426132935.83580863;14204431.194526954;7485254.341342745;15167066.415329041;2544986.4760565334;7465277.358060634;50.066810276998076;50.77968834819876
00.001.180/0001-26;2023;CENTRAIS ELETRICAS BRASILEIRAS S.A. - ELETROBRAS;002437;170501226.86232927;236292397.8576831;22247645.032459103;214044752.82522398;65791170.995353796;7134825.094174132;0.033333333333333326;30.000000000000007;9.221132981812673;27.843117930090695;20811599.963508062;-7075943.987592743;13735655.975915324;PADRAO_CVM;102.12755862027505;2.0212755862027505;111;104.67879597518852;2.046787959751885;477612054.99504197;432643433.24042743;14421447.77468091;7286622.680506779;13524977.283001283;2477451.711372305;6449033.295408545;53.04896026286221;52.31760349413721;483640434.91600794;438104222.9307368;14603474.097691223;7468649.003517091;13342950.95999097;2539340.6611958113;6267006.972398233;54.37417052824367;53.03132724395122
00.001.180/0001-26;2024;CENTRAIS ELETRICAS BRASILEIRAS S.A. - ELETROBRAS;002437;177907629.75274646;251601970.85952908;31561913.580051914;220040057.27947718;73694341.10678266;7334668.5759825725;0.03333333333333333;30.0;10.04739891698656;29.290049221405607;21127306.012463607;-7183284.044237627;13944021.96822598;PADRAO_CVM;113.57348546334953;2.1357348546334953;121;117.98291771357579;2.179829177135758;537355098.6591773;469947219.7473302;15664907.324911006;8330238.748928433;12797067.263535174;2832281.1746356674;5613783.219297547;59.74057390264025;56.132267622802615;548449317.1044621;479649736.9964278;15988324.566547593;8653655.99056502;12473650.021898586;2942243.0367921074;5290365.97766096;62.0599710060983;57.58766705516622
00.001.180/0001-26;2025;CENTRAIS ELETRICAS BRASILEIRAS S.A. - ELETROBRAS;002437;174684105.10967988;252311397.048278;35075706.665556096;217235690.3827219;77627291.93859813;7241189.679424063;0.03333333333333333;30.0;10.72024009523975;30.76646273087089;22227858.97915142;-7557472.052911484;14670386.926239938;PADRAO_CVM;121.63654691011216;2.2163654691011216;129;128.44609776382745;2.2844609776382745;559214267.878466;481473682.8206074;16049122.760686914;8807933.08126285;13419925.897888571;2994697.247629369;5862453.844977088;60.03886008970009;56.31530390268803;576395540.770188;496266457.6296384;16542215.254321279;9301025.574897215;12926833.404254206;3162348.6954650534;5369361.351342723;63.40000179723341;58.463444345343916
33.042.730/0001-04;2016;CIA SIDERURGICA NACIONAL - CSN;004030;43472103.51567076;57126845.934766114;6247272.159871006;50879573.77489511;13654742.419095349;2677872.3039418478;0.05263157894736842;19.0;5.0991014018836776;23.902496620744433;3320338.7436183644;-1128915.172830244;2191423.5707881204;PADRAO_CVM;48.56453160426628;1.4856453160426628;61;43.417635151392076;1.4341763515139208;84870231.08327611;75589000.46092002;3978368.44531158;1300496.141369732;2019842.6022486323;442168.68806570896;890927.4294183883;59.344809406335976;55.89124477191715;81929971.47622073;72970281.48306243;3840541.130687496;1162668.8267456484;2157669.916872716;395307.40109352046;1028754.744042472;53.05541303124288;52.32103223955921
33.042.730/0001-04;2017;CIA SIDERURGICA NACIONAL - CSN;004030;44910166.59291529;59476482.85590674;8550646.643512048;50925836.21239469;14566316.26299145;2680307.169073405;0.052631578947368425;19.0;5.43456975046151;24.49088373009743;3683796.6602662336;-1252490.8644905197;2431305.7957757143;PADRAO_CVM;46.716371802292485;1.467163718022925;65;34.5960975930234;1.345960975930234;87261737.72179888;74716539.2008035;3932449.431621237;1252142.262547832;2431654.3977184016;425728.3692662629;1179163.5332278823;51.500813460954745;51.50776630370336;80053024.90963407;68544188.20849802;3607588.853078843;927281.6840054379;2756514.9762607957;315275.7725618489;1504024.1117702764;38.139245405351666;45.43747722312468
33.042.730/0001-04;2018;CIA SIDERURGICA NACIONAL - CSN;004030;44784921.61994202;64854394.215618014;5548089.301295626;59306304.91432239;20069472.595676;3121384.469174863;0.052631578947368425;19.0;6.4296701652332375;30.945432207649766;4205844.036677174;-1429986.9724702393;2775857.064206935;PADRAO_CVM;53.90894201239429;1.539089420123943;77;44.74464335153736;1.4474464335153736;99816711.98580512;91277706.44027819;4804089.81264622;1682705.3434713576;2523138.6932058167;572119.8167802616;1093151.7207355774;60.61930800288192;56.67492541416125;93873261.60519637;85842699.53321122;4518036.817537433;1396652.3483625697;2809191.6883146046;474861.79844327376;1379204.7158443653;50.3142746927279;50.90385887223562
33.042.730/0001-04;2019;CIA SIDERURGICA NACIONAL - CSN;004030;46284240.501606375;66642574.76108892;6444524.0036483165;60198050.757440604;20358334.25948255;3168318.4609179264;0.05263157894736842;19.0;6.4255959464328365;30.548540977695417;4028490.575149864;-1369686.7955509536;2658803.77959891;PADRAO_CVM;49.13092765511884;1.4913092765511884;77;46.51981350584866;1.4651981350584866;99384689.95446801;89773911.52487047;4724942.7118352875;1556624.2509173611;2471866.324232503;529252.2453119028;1102179.5286815488;58.54603723905431;55.41103829618423;97644576.25544326;88202071.7039581;4642214.300208321;1473895.8392903944;2554594.7358594695;501124.5853587341;1184907.9403085154;55.43454731784445;53.61659821514254
33.042.730/0001-04;2020;CIA SIDERURGICA NACIONAL - CSN;004030;43988565.588888474;68087066.61123541;9174713.438349236;58912353.17288618;24098501.022346936;3100650.166994009;0.05263157894736842;19.0;7.7720799588654454;35.39365436308915;4298667.8395298105;-1461547.0654401358;2837120.7740896745;PADRAO_CVM;73.63445410652429;1.736344541065243;93;91.24996825216817;1.9124996825216818;118222606.42756417;102292142.83304855;5383796.991213081;2283146.8242190722;2015521.0153107382;776269.9202344846;553973.9498706022;80.47407939310051;72.51460313921882;130216493.27782032;112669856.73975001;5929992.459986843;2829342.292992834;1469325.5465369765;961976.3796175637;7778.481096840464;99.7258318656055;99.47060873506395
33.042.730/0001-04;2021;CIA SIDERURGICA NACIONAL - CSN;004030;45442616.21508106;73142416.49089344;6068465.884293962;67073950.60659948;27699800.27581238;3530207.9266631305;0.05263157894736842;19.0;7.846506735934716;37.87104884518155;4797471.879587507;-1631140.4390597525;3166331.4405277544;PADRAO_CVM;85.96088787787592;1.8596088787787592;94;112.50397415792798;2.12503974157928;136016287.12179938;124731314.08280034;6564806.004357913;3034598.077694782;1762873.8018927248;1031763.346416226;131733.3628329723;95.83955864042409;92.52735149325291;155430541.83829224;142534810.66374955;7501832.140197344;3971624.2135342136;825847.6660532933;1350352.2326016328;-805292.7730064592;125.43299045384319;197.51105513864738
33.042.730/0001-04;2022;CIA SIDERURGICA NACIONAL - CSN;004030;46026585.559878916;73473776.41660485;9363082.262560403;64110694.15404444;27447190.85672593;3374247.060739181;0.05263157894736842;19.0;8.134315704408793;37.356444973097844;4530838.426126843;-1540485.0648831269;2990353.3612437164;PADRAO_CVM;93.15734256180868;1.9315734256180868;98;111.40135919767458;2.1140135919767458;141919994.0061188;123834513.12588108;6517605.9539937405;3143358.8932545595;1387479.5328722838;1068742.0237065502;-153005.53201084305;105.1166371838814;111.0275883993834;155324561.9985631;135530878.83271405;7133204.149090213;3758957.0883510318;771881.3377758116;1278045.4100393509;-768603.7271073153;125.70277269130648;199.57537376432228
33.042.730/0001-04;2023;CIA SIDERURGICA NACIONAL - CSN;004030;44869380.39471693;75797283.53255391;10100219.14155231;65697064.3910016;30927903.13783698;3457740.231105347;0.05263157894736842;19.0;8.944542120201481;40.80344531681517;4436380.2068740865;-1508369.2703371895;2928010.936536897;PADRAO_CVM;99.16399098337905;1.9916399098337905;107;104.67879597518852;2.046787959751885;150960894.9404219;130844895.40003915;6886573.442107324;3428833.2110019764;1007546.9958721101;1165803.291740672;-500822.2744650794;117.10452198848091;149.7070882566206;155140967.31633118;134467960.38654637;7077261.0729761245;3619520.8418707773;816859.3650033092;1230637.0862360643;-691509.9053338803;123.61705336223106;184.65470740255012
33.042.730/0001-04;2024;CIA SIDERURGICA NACIONAL - CSN;004030;41992758.00538936;80042780.42121568;7147054.439534571;72895725.98168111;38050022.41582632;3836617.156930584;0.05263157894736841;19.000000000000004;9.917596898374805;47.53710730136131;4710484.071606558;-1601564.5843462297;3108919.487260328;PADRAO_CVM;111.81218244147577;2.1181218244147577;119;117.98291771357579;2.179829177135758;169540360.0970152;154402028.10835665;8126422.5320187695;4289805.375088185;420678.69651837274;1458533.8275299831;-1180885.887827857;137.98380410515193;380.70969545192617;174479588.18123674;158900230.3833616;8363170.020176925;4526552.86324634;183931.2083602175;1539027.9735037559;-1417633.3759860122;145.5989092607629;870.7410768539442
33.042.730/0001-04;2025;CIA SIDERURGICA NACIONAL - CSN;004030;40904752.45035748;80679402.03081317;7576544.202243831;73102857.82856934;39774649.5804557;3847518.833082597;0.052631578947368425;19.0;10.337740062103506;49.29963358586237;5404137.242123761;-1837406.6623220788;3566730.5798016824;PADRAO_CVM;109.99500143333853;2.0999500143333854;124;115.51518656964848;2.1551518656964848;169422711.45101508;153512347.3449156;8079597.228679769;4232078.395597172;1172058.8465265892;1438906.6545030386;-665347.8157954896;118.6542773811776;156.7674411372139;173876363.80998376;157547760.4369861;8291987.391420321;4444468.558337724;959668.6837860374;1511119.3098348263;-877737.9785360415;124.60903505038065;191.4626051017142
33.611.500/0001-19;2016;GERDAU S.A.;003336;48251457.00999828;65570218.546828285;5565592.313922226;60004626.23290606;17318761.536830004;3333590.346272559;0.05555555555555556;18.0;5.195227888812107;26.412542036079174;4073569.1716322736;-1385013.5183549738;2688555.653277301;PADRAO_CVM;49.039938105399926;1.4903993810539993;62;43.417635151392076;1.4341763515139208;97725813.13776834;89430857.79789975;4968380.988772209;1634790.64249965;2438778.5291326237;555828.818449881;1053765.0107776513;60.80553476759424;56.79127898700863;94039256.80346061;86057215.9246657;4780956.440259206;1447366.0939866472;2626203.0776456264;492104.4719554601;1241189.559290654;53.83433637396845;52.73824900078288
33.611.500/0001-19;2017;GERDAU S.A.;003336;47350041.37449031;68059808.59462778;5575647.211779821;62484161.382847965;20709767.220137477;3471342.299047109;0.05555555555555556;18.0;5.965924831389389;30.42877675940478;4185788.682730403;-1423168.152128337;2762620.530602066;PADRAO_CVM;55.473353092827395;1.554733530928274;72;42.67186344860483;1.4267186344860483;105814866.53062814;97146220.85384731;5397012.269658184;1925669.9706110745;2260118.7121193283;654727.7900077654;836950.5599909914;69.70446897357299;62.96873454022345;97102197.18150917;89147317.40514272;4952628.744730151;1481286.445683042;2704502.2370473607;503637.3915322343;1281334.0849190238;53.61888935793223;52.62218432039754
33.611.500/0001-19;2018;GERDAU S.A.;003336;49859330.11418604;71581637.44398521;9551123.599735212;62030513.84424999;21722307.32979918;3446139.6580138886;0.05555555555555556;18.0;6.303374060678197;30.34620065348119;4429480.290691553;-1506023.2988351278;2923456.9918564246;PADRAO_CVM;53.06707311028782;1.5306707311028782;76;44.74464335153736;1.4474464335153736;109567917.31992601;94948291.97666535;5274905.109814742;1828765.451800853;2600714.8388906997;621780.25361229;1094691.5400555716;62.554895005982914;57.908051906125245;103610585.82348691;89785846.03298566;4988102.557388092;1541962.8993742038;2887517.391317349;524267.3857872293;1381494.0924822208;52.74450432038139;52.1563369060107
33.611.500/0001-19;2019;GERDAU S.A.;003336;49276121.82678247;72788596.21715777;6405535.739648377;66383060.47750939;23512474.39037532;3687947.804306078;0.055555555555555566;17.999999999999996;6.375490011795168;32.30241495553523;4429409.401515067;-1505999.1965151224;2923410.204999944;PADRAO_CVM;49.13092765511884;1.4913092765511884;77;46.51981350584866;1.4651981350584866;108550308.76578611;98997673.8959683;5499870.77199824;1811922.967692162;2617486.4338229047;616053.809015335;1111487.2373077823;61.97977158981001;57.53608412462993;106649715.43090478;97264336.41112149;5403574.245062306;1715626.4407562278;2713782.960758839;583312.9898571175;1207783.7642437164;58.68579229223361;55.49445988466258
33.611.500/0001-19;2020;GERDAU S.A.;003336;50347573.65378117;76725485.9068425;9437808.880312571;67287677.02652992;26377912.25306133;3738204.279251663;0.055555555555555566;17.999999999999996;7.05630572397232;34.379596220594166;5501496.611345801;-1870508.8478575724;3630987.7634882284;PADRAO_CVM;62.44529195925062;1.6244529195925062;85;80.42449835110206;1.8042449835110206;124636939.58852398;109305663.39834413;6072536.855463564;2334332.5762119014;3167164.035133899;793673.0759120465;1296655.187276327;64.2891887349504;59.059424365384736;138431573.05486608;121403453.72722636;6744636.318179243;3006432.03892758;2495064.5724182203;1022186.8932353774;624555.7245606482;82.799288644238;74.9683542676682
33.611.500/0001-19;2021;GERDAU S.A.;003336;48390458.46128452;79160214.5284938;10256887.024580488;68903327.50391331;30769756.067209292;3827962.639106295;0.05555555555555555;18.0;8.03815474917828;38.870228245950095;5013862.136018477;-1704713.1262462824;3309149.009772195;PADRAO_CVM;87.63828484027634;1.8763828484027634;96;112.50397415792798;2.12503974157928;148534868.817149;129289021.92622133;7182723.440345629;3354760.801239334;1659101.3347791433;1140618.6724213737;-45611.79146713903;101.37835411256621;102.74918659342835;168218601.82499084;146422309.27286842;8134572.737381579;4306610.098275284;707252.0377431931;1464247.4334135968;-997461.0885030893;130.14252563294983;241.0333283288853
33.611.500/0001-19;2022;GERDAU S.A.;003336;47574527.95408393;83480822.76642855;12104221.388724433;71376601.37770411;35906294.81234462;3965366.7432057844;0.05555555555555556;18.0;9.054974517518732;43.011428999456605;5754382.492618562;-1956490.047490311;3797892.445128251;PADRAO_CVM;107.67480413734955;2.0767480413734956;109;124.08544074953505;2.2408544074953505;173368635.1724284;148231217.11104375;8235067.6172802085;4269700.874074424;1484681.618544138;1451698.297185304;-471808.4289461728;112.42290127387324;131.7784246166409;187068369.63748962;159944571.78926697;8885809.543848164;4920442.8006423805;833939.6919761812;1672950.5522184095;-1122550.3555141296;129.55719183027634;234.60809772155466
33.611.500/0001-19;2023;GERDAU S.A.;003336;44911676.77136513;86782232.81208053;8154540.829023734;78627691.9830568;41870556.040715404;4368205.110169822;0.05555555555555556;18.0;9.585299908018195;48.24784369328511;5546604.699470815;-1885845.5978200773;3660759.101650738;PADRAO_CVM;107.69779324413524;2.0769779324413524;115;116.95952373369983;2.169595237336998;180244782.47867912;163307981.1276048;9072665.618200267;4704460.508030444;842144.1914403709;1599516.5727303512;-1043701.4063797062;128.51051864923514;223.93381287764984;188282318.9945605;170590266.0492405;9477237.002735583;5109031.892565761;437572.8069050545;1737070.8434723588;-1448272.7909150226;139.56208946559624;430.9787007009493
33.611.500/0001-19;2024;GERDAU S.A.;003336;45387978.218158305;87662022.40532483;10785126.628596779;76876895.77672805;42274044.187166534;4270938.654262669;0.05555555555555555;18.0;9.898068693862962;48.223897906100206;5819196.736108698;-1978526.8902769575;3840669.845831741;PADRAO_CVM;111.81218244147577;2.1181218244147577;119;117.98291771357579;2.179829177135758;185678842.829054;162834630.7379464;9046368.374330355;4775429.7200676855;1043767.0160410125;1623646.104823013;-934759.8742359444;124.33845948123957;189.55637224305772;191088234.1658556;167578500.46173653;9309916.692318697;5038978.038056027;780218.6980526708;1713252.5329390494;-1198308.192224286;131.20049992125212;253.58619259127158
33.611.500/0001-19;2025;GERDAU S.A.;003336;46075623.588919364;91768487.62022488;8988167.26124025;82780320.35898463;45692864.03130552;4598906.686610257;0.05555555555555555;18.0;9.935592771286391;49.7914537072912;6682348.79041774;-2271998.588742032;4410350.201675708;PADRAO_CVM;106.00924356445725;2.0600924356445725;119;115.51518656964848;2.1551518656964848;189051567.17696786;170535111.79177865;9474172.877321037;4875266.190710779;1807082.5997069608;1657590.504841665;-464915.9890350709;110.54147556941003;125.7274343248318;197775027.3068724;178404161.86461845;9911342.325812137;5312435.6392018795;1369913.1512158606;1806228.1173286391;-902085.4375261711;120.45382784304577;165.8498268102273
89.637.490/0001-45;2016;KLABIN S.A.;012653;39581984.664525665;47387544.86209104;6880209.981864072;40507334.88022697;7805560.197565377;1687805.620009457;0.041666666666666664;24.0;4.624679586931131;16.47175480451963;3439903.4550969223;-1169567.1747329538;2270336.2803639686;PADRAO_CVM;42.64188855545192;1.4264188855545192;55;43.417635151392076;1.4341763515139208;67594488.93134868;57780427.47663706;2407517.811526544;719712.1915170869;2720191.263579835;244702.14511580957;1550624.0888468816;31.70068671067999;42.99576983398499;67962096.19751596;58094661.7480765;2420610.906169854;732805.2861603971;2707098.1689365255;249153.79729453503;1537530.9942035715;32.2773895875424;43.20372227921141
89.637.490/0001-45;2017;KLABIN S.A.;012653;40041385.974231005;51040926.526488036;7167155.473062537;43873771.0534255;10999540.552257031;1828073.793892729;0.041666666666666664;24.0;6.017011232809391;21.55043276212618;3929229.821832763;-1335938.1394231396;2593291.682409624;PADRAO_CVM;55.473353092827395;1.554733530928274;72;42.67186344860483;1.4267186344860483;79355039.92037734;68212022.98503092;2842167.624376288;1014093.830483559;2915135.991349204;344791.9023644101;1579197.851926065;39.10450325978324;45.82764383505935;72821040.99677373;62595526.72709674;2608146.946962364;780073.1530696349;3149156.668763128;265224.8720436759;1813218.5293399892;30.08042474978402;42.42209200559865
89.637.490/0001-45;2018;KLABIN S.A.;012653;41514393.39185854;52928838.785626546;7854428.877188889;45074409.908437654;11414445.393768007;1878100.412851569;0.04166666666666667;23.999999999999996;6.077654483040742;21.565644846279408;3792405.0412763464;-1289417.714033958;2502987.327242389;PADRAO_CVM;51.3504935890835;1.513504935890835;73;44.74464335153736;1.4474464335153736;80108058.75301604;68220341.87878715;2842514.2449494647;964413.8320978957;2827991.2091784505;327900.70291328453;1538573.4951444932;38.53051198466983;45.59482751746396;76611658.93036532;65242793.8647781;2718449.7443657545;840349.3315141855;2952055.7097621607;285718.7727148231;1662637.9957282033;33.573854824108196;43.67863755992067
89.637.490/0001-45;2019;KLABIN S.A.;012653;42092262.21302883;55660466.249815546;7719284.318628215;47941181.93118733;13568204.036786709;1997549.2471328052;0.04166666666666666;24.000000000000007;6.792425296278385;24.376734423836545;3700153.529190717;-1258052.1999248439;2442101.329265873;PADRAO_CVM;57.536788238083304;1.575367882380833;82;55.311002316199584;1.5531100231619959;87685710.84830174;75524998.25776884;3146874.927407034;1149325.680274229;2550827.848916488;390770.7312932379;1292775.648991644;47.06298082314754;49.31936902206965;86446828.02645852;74457930.17955981;3102413.757481658;1104864.5103488527;2595289.018841864;375653.93351860996;1337236.8189170202;45.24236963914143;48.47445470586717
89.637.490/0001-45;2020;KLABIN S.A.;012653;41366824.70479621;57904070.14642636;7062532.058148035;50841538.08827832;16537245.44163014;2118397.42034493;0.041666666666666664;24.0;7.806488661101866;28.55972887538159;4350353.927778165;-1479120.335444576;2871233.5923335887;PADRAO_CVM;74.6415339403423;1.746415339403423;94;91.24996825216817;1.9124996825216818;101124556.3176108;88790441.99623264;3699601.749843027;1581204.3294980968;2769149.598280068;537609.4720293529;1290029.262835492;55.07055691045244;53.414244443971704;110741515.7717536;97234425.45274629;4051434.3938644286;1933036.9735194985;2417316.9542586664;657232.5709966295;938196.6188140903;67.32426712618764;61.18851451559802
89.637.490/0001-45;2021;KLABIN S.A.;012653;43068982.33106825;59567016.21764183;7451406.9661980895;52115609.25144374;16498033.886573587;2171483.718810156;0.041666666666666664;24.0;7.597585809030854;27.696592735641172;4176549.013085879;-1420026.6644491989;2756522.3486366803;PADRAO_CVM;80.49847143610573;1.8049847143610573;91;112.50397415792798;2.12503974157928;107517553.75294071;94067878.07846966;3919494.919936236;1748011.20112608;2428537.811959799;594323.8083828673;1008511.1475106003;63.41364153969623;58.472495567332984;126582276.74978636;110747740.81593475;4614489.2006639475;2443005.4818537915;1733543.5312320874;830621.8638302892;313516.86678288877;88.62636223726074;81.91468162555678
89.637.490/0001-45;2022;KLABIN S.A.;012653;43935573.912395775;62756129.488153175;9290793.326415984;53465336.16173719;18820555.575757388;2227722.3400723827;0.041666666666666664;24.0;8.448339919752241;29.989987797622618;4664948.5070721125;-1586082.4924045184;3078866.014667594;PADRAO_CVM;95.54284872262035;1.9554284872262035;101;111.40135919767458;2.1140135919767458;122715123.3491911;104547641.40978618;4356151.725407758;2128429.385335375;2536519.1217367374;723665.9910140276;950436.6293322188;69.13030236442972;62.52988510169553;132667310.71780847;113026447.34551823;4709435.30606326;2481712.9659908772;2183235.5410812353;843782.4084368984;597153.0486767166;80.60477312647242;72.64825359241907
89.637.490/0001-45;2023;KLABIN S.A.;012653;41302784.778764285;63361641.51478634;8571781.055767419;54789860.45901892;22058856.73602206;2282910.852459122;0.04166666666666667;23.999999999999996;9.662601021963054;34.81421284023128;4978208.65956642;-1692590.944252583;3285617.715313837;PADRAO_CVM;111.22865572928534;2.1122865572928533;116;116.95952373369983;2.169595237336998;133837943.61969197;115731885.72353691;4822161.905147372;2539251.05268825;2438957.6068781703;863345.357914005;746366.6626255871;77.28382522571421;69.39812891701197;137469115.66033468;118871820.30624618;4952992.512760258;2670081.6603011363;2308126.999265284;907827.7645023864;615536.0550127006;81.26574335949776;73.33179434196488
89.637.490/0001-45;2024;KLABIN S.A.;012653;43081822.11642438;66560262.51288076;7851345.864055187;58708916.64882557;23478440.396456372;2446204.860367732;0.041666666666666664;24.0;9.597904401566316;35.273960032703926;5163531.624662413;-1755600.7523852207;3407930.872277193;PADRAO_CVM;104.00172929664593;2.0400172929664593;115;117.98291771357579;2.179829177135758;135784086.5506639;119767205.21493064;4990300.217288776;2544095.356921044;2619436.267741369;864992.421353155;863835.5153561486;74.652199597613;67.02208311023357;145090002.2633929;127975409.46914124;5332308.727880885;2886103.867513153;2277427.7571492605;981275.314954472;521827.00476404;84.68786415214599;77.08700075662424
89.637.490/0001-45;2025;KLABIN S.A.;012653;39787664.762413286;67626950.8953714;5806064.644573084;61820886.25079832;27839286.132958125;2575870.26044993;0.041666666666666664;24.0;10.80772062180469;41.165963812311304;4952960.943395873;-1684006.7207545969;3268954.2226412757;PADRAO_CVM;123.07718446502776;2.2307718446502776;130;128.44609776382745;2.2844609776382745;150860297.99694142;137908292.45960835;5746178.852483681;3170308.5920337513;1782652.3513621213;1077904.9212914754;98645.63060752442;96.982348974963;94.46635623978227;154491130.35713574;141227402.24296328;5884475.093456804;3308604.8330068737;1644356.1103889989;1124925.6432223371;-39650.610365598;101.21294480329432;102.41131529326807
33.000.167/0001-01;2016;PETROLEO BRASILEIRO S.A. PETROBRAS;009512;728841745.7813766;953904208.2865496;94965863.84601444;858938344.4405351;225062462.5051729;42946917.22202676;0.05;20.0;5.240480040549735;23.593822162651044;86713687.58194593;-29482653.777861618;57231033.804084316;PADRAO_CVM;49.606289870200484;1.4960628987020048;63;43.417635151392076;1.4341763515139208;1427100694.9332163;1285025789.390008;64251289.4695004;21304372.247473642;65409315.33447228;7243486.564141039;35926661.55661067;37.22520952601287;45.074090176760414;1368066857.1341789;1231869061.0051339;61593453.05025669;18646535.828229934;68067151.75371599;6339822.181598178;38584497.97585438;32.5811619829576;43.31407002975127
33.000.167/0001-01;2017;PETROLEO BRASILEIRO S.A. PETROBRAS;009512;762134640.2572086;986594422.4640626;134813987.5768369;851780434.8872256;224459782.20685402;42589021.74436128;0.05;20.0;5.2703671747654575;22.75096808739866;102262519.35855684;-34769256.58190933;67493262.77664751;PADRAO_CVM;45.21680498727194;1.4521680498727194;63;34.5960975930234;1.345960975930234;1432700898.4849396;1236928333.0499194;61846416.652495965;19257394.908134684;83005124.45042215;6547514.268765793;48235867.868512824;28.53232176945177;41.888084394929784;1327917591.7070553;1146463225.4190893;57323161.27095447;14734139.526593186;87528379.83196366;5009607.439041683;52759123.25005432;21.83053377542619;39.72340930868262
33.000.167/0001-01;2018;PETROLEO BRASILEIRO S.A. PETROBRAS;009512;751801564.897466;1043322585.8146186;133366242.34191108;909956343.4727075;291521020.9171526;45497817.17363538;0.05;20.0;6.407362792913949;27.941599739215377;110927727.48790209;-37715427.34588671;73212300.14201537;PADRAO_CVM;53.90894201239429;1.539089420123943;77;44.74464335153736;1.4474464335153736;1605766753.6036339;1400504181.0135128;70025209.05067565;24527391.877040267;86400335.61086182;8339313.238193692;48684908.2649751;33.50173649709496;43.651945422704244;1510153555.843407;1317113064.0142608;65855653.20071304;20357836.02707766;90569891.46082443;6921664.249206405;52854464.11493771;27.806578932212272;41.6423457482008
33.000.167/0001-01;2019;PETROLEO BRASILEIRO S.A. PETROBRAS;009512;732464053.5317032;1099267854.0639355;93417196.94890906;1005850657.1150265;366803800.5322321;50292532.85575131;0.04999999999999999;20.000000000000004;7.293404799958996;33.368009368797395;117125681.6581725;-39822731.76377866;77302949.89439385;PADRAO_CVM;61.130554824816976;1.6113055482481697;88;55.311002316199584;1.5531100231619959;1771256392.2640786;1620732744.5185096;81036637.22592546;30744104.370174147;86381577.28799835;10452995.485859212;46558845.5242197;39.77093294909793;46.100954641067354;1707283922.2864764;1562196737.3694274;78109836.86847135;27817304.01272004;89308377.64545247;9457883.364324814;49485645.881673805;35.98478977933209;44.590141276411835
33.000.167/0001-01;2020;PETROLEO BRASILEIRO S.A. PETROBRAS;009512;761195787.2868251;1139426929.0957267;104381057.49930237;1035045871.5964243;378231141.80890167;51752293.579821214;0.049999999999999996;20.0;7.308490419376855;33.19485718220421;114662718.36798953;-38985324.245116435;75677394.12287307;PADRAO_CVM;64.3696529769444;1.643696529769444;88;80.42449835110206;1.8042449835110206;1872872089.2805002;1701301307.295232;85065065.3647616;33312771.78494039;81349946.58304913;11326342.406879734;42364622.337932676;44.019448834155604;47.922986901185986;2055805320.8983324;1867476321.5316405;93373816.07658203;41621522.496760815;73041195.87122871;14151317.648898678;34055871.62611225;54.99862010203776;53.37443312654325
33.000.167/0001-01;2021;PETROLEO BRASILEIRO S.A. PETROBRAS;009512;748988065.2515073;1166411827.6875322;95272045.85237655;1071139781.8351556;417423762.4360249;53556989.09175778;0.05;20.0;7.794011006124032;35.78699671312384;112462561.01047449;-38237270.74356133;74225290.26691316;PADRAO_CVM;85.96088787787592;1.8596088787787592;94;112.50397415792798;2.12503974157928;2169069791.080295;1991901048.7137985;99595052.43568993;46038063.343932144;66424497.666542344;15652941.53693693;28187226.922981016;62.024767001085316;57.565013040092936;2478671488.884129;2276214605.1862655;113810730.25931327;60253741.16755549;52208819.842919;20486271.99696887;13971549.099357672;81.17683467573362;73.23910185789688
33.000.167/0001-01;2022;PETROLEO BRASILEIRO S.A. PETROBRAS;009512;748197238.5965762;1228775843.013463;113406437.40775149;1115369405.6057115;480578604.41688687;55768470.280285574;0.05;20.0;8.617389037238372;39.110355818707404;124557147.49656616;-42349430.14883249;82207717.34773365;PADRAO_CVM;99.1750571376431;1.991750571376431;103;124.08544074953505;2.2408544074953505;2447414987.415621;2221537650.910966;111076882.54554829;55308412.265262716;69248735.23130345;18804860.170189325;26899305.08247093;67.27885659604377;61.15552870009488;2753507763.6405334;2499380448.537028;124969022.42685139;69200552.14656582;55356595.35000034;23528187.72983238;13007165.201167822;84.17768353043023;76.50295304664584
33.000.167/0001-01;2023;PETROLEO BRASILEIRO S.A. PETROBRAS;009512;718948872.8221133;1228116350.0812063;165387508.78592277;1062728841.2952836;509167477.2590931;53136442.06476418;0.05;20.0;9.582265155023093;41.459221451243245;123475259.07055494;-41981588.08398868;81493670.98656626;PADRAO_CVM;107.69779324413524;2.0769779324413524;115;116.95952373369983;2.169595237336998;2550770557.589084;2207264351.5392723;110363217.57696362;57226775.51219944;66248483.5583555;19457103.67414781;24266895.47436682;70.22235569880381;63.36988536048356;2664515384.031883;2305691432.654914;115284571.6327457;62148129.56798152;61327129.50257342;21130364.053113718;19345541.41858474;76.26129589649516;68.45516564121436
33.000.167/0001-01;2024;PETROLEO BRASILEIRO S.A. PETROBRAS;009512;725066933.9403825;1297481781.9462743;167143191.55553985;1130338590.3907344;572414848.0058918;56516929.519536726;0.05;20.0;10.128201458786254;44.117370738512165;138450497.4308883;-47073169.12650202;91377328.30438627;PADRAO_CVM;114.21420591973965;2.1421420591973965;122;117.98291771357579;2.179829177135758;2779390296.1494994;2421345835.6098905;121067291.78049453;64550362.2609578;73900135.16993049;21947123.168725654;26826966.043428473;70.64155131121214;63.69835321445502;2828288645.088584;2463945039.376227;123197251.96881135;66680322.44927462;71770174.98161367;22671309.632753372;24697005.85511165;72.97250169884191;65.5887618200198
33.000.167/0001-01;2025;PETROLEO BRASILEIRO S.A. PETROBRAS;009512;713549444.6714166;1340213984.6475425;173489824.87453893;1166724159.7730036;626664539.9761258;58336207.98865018;0.05;20.0;10.742291307279501;46.75854357249748;131254588.72826749;-44626560.16761095;86628028.56065655;PADRAO_CVM;121.63654691011216;2.2163654691011216;129;128.44609776382745;2.2844609776382745;2970403996.779234;2585887139.686905;129294356.98434524;70958148.99569505;60296439.73257244;24125770.65853632;15669879.564961493;81.91130535310576;74.01193232227186;3061666549.6124125;2665335814.66923;133266790.7334615;74930582.74481133;56324005.983456165;25476398.133235853;11697445.815845221;86.49692713755488;79.23186461687214
16.404.287/0001-55;2016;SUZANO S.A.;013986;74772040.82130605;90510218.93426389;10081412.988832416;80428805.94543147;15738178.112957839;3217152.237817259;0.04;25.0;4.891959394385302;17.388288635549788;6765669.9279224025;-2300327.775493617;4465342.152428785;PADRAO_CVM;47.51537569952369;1.4751537569952369;59;43.417635151392076;1.4341763515139208;133516489.50734079;118644855.26104409;4745794.2104417635;1528641.9726245045;5237027.9552978985;519738.27069233154;2936700.179804281;34.23347910289577;43.92429819219415;129807615.56586877;115349091.46744004;4613963.658697601;1396811.4208803424;5368858.50704206;474915.88309931644;3068530.731548443;31.281173383781795;42.84575152197424
16.404.287/0001-55;2017;SUZANO S.A.;013986;76226326.85126239;95090249.83556491;10730964.329164665;84359285.50640024;18863922.98430252;3374371.42025601;0.04;25.0;5.590351693670798;19.837915051146688;7304207.476700715;-2483430.542078243;4820776.934622472;PADRAO_CVM;49.70818271281057;1.4970818271281057;67;42.67186344860483;1.4267186344860483;142357884.96589556;126292753.2811432;5051710.131245729;1677338.7109897188;5626868.765710996;570295.1617365044;3143438.2236327534;34.793949891006015;44.135213481639525;135667031.39833435;120356964.62391004;4814278.584956402;1439907.1647003922;5864300.312000323;489568.4359981334;3380869.76992208;29.868778087595853;42.34828385231759
16.404.287/0001-55;2018;SUZANO S.A.;013986;81135408.35779963;101100382.0044517;14173928.830805164;86926453.17364654;19964973.64665208;3477058.1269458616;0.04;25.0;5.741915411747426;19.747673797882356;8062263.916819574;-2741169.7317186557;5321094.185100919;PADRAO_CVM;48.79016698196133;1.4879016698196132;69;44.74464335153736;1.4474464335153736;150427427.20382446;129338014.8285651;5173520.593142604;1696462.4661967428;6365801.4506228315;576797.2385068926;3624631.718904176;31.881834960689915;43.06087384253021;146337387.3593855;125821384.62433581;5032855.384973433;1555797.2580275713;6506466.658792003;528971.0677293743;3765296.9270733474;29.238295807351218;42.12992820019436
16.404.287/0001-55;2019;SUZANO S.A.;013986;78648377.27842374;104439807.82512234;12796961.585831776;91642846.23929057;25791430.5466986;3665713.849571623;0.04;25.0;7.035854844401616;24.695019153888783;8055197.202058807;-2738767.0486999946;5316430.153358812;PADRAO_CVM;58.87868660029532;1.5887868660029532;84;55.311002316199584;1.5531100231619959;165932594.96042684;145600950.46811298;5824038.018724519;2158324.169152896;5896873.032905911;733830.2175119846;3158105.9842059165;40.59724489729844;46.4443957571588;162206512.35031015;142331423.0453358;5693256.921813432;2027543.0722418092;6027654.129816998;689364.6445622152;3288887.081117003;38.137302922353804;45.43669875071522
16.404.287/0001-55;2020;SUZANO S.A.;013986;83873571.74729961;111167733.89978863;15688574.548478812;95479159.35130982;27294162.15248901;3819166.374052393;0.04;25.0;7.146628211309911;24.55223399362727;8303896.985430707;-2823324.9750464405;5480572.010384265;PADRAO_CVM;63.01385048110806;1.6301385048110806;86;80.42449835110206;1.8042449835110206;181218803.52263752;155644254.06556308;6225770.1626225235;2406603.7885701307;5897293.196860576;818245.2881138445;3073968.2218141346;43.911543977713265;47.874929748268876;200573826.21698168;172267794.2894501;6890711.771578005;3071545.397525612;5232351.587905096;1044325.4351587081;2409026.6128586535;56.044248514677456;53.959007295548155
16.404.287/0001-55;2021;SUZANO S.A.;013986;80709357.36219618;113553520.69336948;9652156.03688892;103901364.65648055;32844163.331173282;4156054.5862592226;0.04000000000000001;24.999999999999996;7.902726648433081;28.923949808533845;9940687.104371507;-3379833.6154863127;6560853.488885194;PADRAO_CVM;86.74192360696318;1.8674192360696318;95;112.50397415792798;2.12503974157928;212052028.86622915;194027407.01339716;7761096.280535887;3605041.6942766644;6335645.410094842;1225714.176054066;2955811.7946085297;54.94775489780408;53.346319068000334;241305744.2696553;220794529.09934196;8831781.16397368;4675726.577714457;5264960.52665705;1589747.0364229155;1885126.911170737;71.26704758208137;64.19485195328359
16.404.287/0001-55;2022;SUZANO S.A.;013986;84093413.31788617;119742045.57652591;16279943.78647035;103462101.79005556;35648632.258639745;4138484.0716022225;0.04;25.0;8.613934871286892;29.77119030078459;9263672.528402515;-3149648.6596568553;6114023.86874566;PADRAO_CVM;99.1750571376431;1.991750571376431;103;124.08544074953505;2.2408544074953505;238496287.69482812;206070700.3561496;8242828.014245984;4104343.9426437616;5159328.585758753;1395476.940498879;2009679.9261018988;67.129995413083;61.04764616758083;268324490.59266722;231843506.80497858;9273740.272199143;5135256.20059692;4128416.3278055945;1745987.108202953;978767.6681487402;83.99143200679814;76.29193399036403
16.404.287/0001-55;2023;SUZANO S.A.;013986;81396780.63425937;123270756.94569124;13660798.98109807;109609957.96459317;41873976.31143185;4384398.318583726;0.039999999999999994;25.000000000000004;9.550677942271957;33.96910779892432;9985135.47467484;-3394946.061389446;6590189.413285393;PADRAO_CVM;107.69779324413524;2.0769779324413524;115;116.95952373369983;2.169595237336998;256030641.8915423;227657463.86828429;9106298.55473137;4721900.236147645;5263235.238527195;1605446.0802901995;1868289.1771377483;71.6504479617627;64.50302727376194;267447647.1722984;237809242.76468992;9512369.710587595;5127971.392003869;4857164.082670971;1743510.2732813156;1462218.0212815246;77.81220038480551;69.89564288144356
16.404.287/0001-55;2024;SUZANO S.A.;013986;78611137.41032633;123269341.6972062;14156420.536680022;109112921.16052617;44658204.28687986;4364516.846421047;0.04;25.0;10.232107208728062;36.22815184377025;10239116.804101951;-3481299.713394664;6757817.090707287;PADRAO_CVM;114.96395564045861;2.149639556404586;123;117.98291771357579;2.179829177135758;264984653.00426766;234553451.44152206;9382138.057660883;5017621.211239836;5221495.592862115;1705991.2118215444;1740195.879467451;74.24914205120461;66.67246292716722;268706107.67788756;237847529.1482286;9513901.165929144;5149384.319508097;5089732.484593854;1750790.6686327532;1608432.77119919;76.19893007446214;68.39848113692094
16.404.287/0001-55;2025;SUZANO S.A.;013986;82545443.78340554;131807916.8938694;11221954.004220495;120585962.8896489;49262473.11046385;4823438.515585956;0.04;25.0;10.213144202270275;37.37444174171235;11511512.59351519;-3913914.2817951646;7597598.311720025;PADRAO_CVM;109.05425727559842;2.090542572755984;123;115.51518656964848;2.1551518656964848;275550061.6929167;252090089.09758422;10083603.563903369;5260165.048317413;6251347.5451977765;1788456.1164279205;2337433.263402612;69.23457693470189;62.60912952762953;284066078.00738984;259881062.8984339;10395242.515937356;5571804.0003514;5939708.593163789;1894413.3601194762;2025794.3113686247;73.33638568067434;65.89404548061196
08.629.832/0001-00;2016;UNIGEL PARTICIPACOES S.A.;021024;9109538.999884976;12776766.199730963;1639000.5774038758;11137765.622327087;3667227.199845988;696110.351395443;0.0625;16.0;5.2681693247264;28.70231123054602;475549.4796638713;-161686.82308571626;313862.656578155;PADRAO_CVM;49.606289870200484;1.4960628987020048;63;43.417635151392076;1.4341763515139208;19114845.876807302;16662797.922002202;1041424.8701251376;345314.51872969465;130234.96093417663;117406.93636809618;-31451.86215153965;110.02089974463331;124.15009143929949;18324135.932476535;15973520.064246235;998345.0040153897;302234.65261994675;173314.82704392454;102759.7818907819;11628.003958208254;96.29519354580727;93.29081985855642
08.629.832/0001-00;2017;UNIGEL PARTICIPACOES S.A.;021024;9045844.520827712;13076147.713385168;1871992.77942402;11204154.93396115;4030303.1925574527;700259.6833725717;0.06249999999999999;16.000000000000004;5.755440857521335;30.821793091492104;507371.41078740824;-172506.27966771877;334865.13111968944;PADRAO_CVM;53.50023109765301;1.53500231097653;69;42.67186344860483;1.4267186344860483;20071916.9587167;17198403.716169454;1074900.2322605907;374640.54888801894;132730.8618993893;127377.78662192645;-39775.4177683295;111.8780410594953;129.96697015233687;18655983.60997875;15985176.627951171;999073.539246948;298813.85587437626;208557.55491303199;101596.71099728794;36051.27524531318;89.23409101306892;82.71399218295088
08.629.832/0001-00;2018;UNIGEL PARTICIPACOES S.A.;021024;8629881.440335609;13468980.499728495;1846412.8326528096;11622567.667075686;4839099.059392886;726410.4791922304;0.0625;16.0;6.661659210607716;35.927730829296486;448871.52992423647;-152616.32017424042;296255.2097499961;PADRAO_CVM;59.87427597889301;1.59874275978893;80;53.429321952629614;1.5342932195262962;21533435.055679217;18581495.907894168;1161343.4942433855;434933.0150511551;13938.514873081353;147877.22511739275;-138677.80530115904;146.81025033051282;1094.9252597131383;20665365.454665333;17832426.76507979;1114526.6728174868;388116.1936252564;60755.33629898005;131959.5058325872;-91860.98387526034;131.00738176141442;251.19821479253753
08.629.832/0001-00;2019;UNIGEL PARTICIPACOES S.A.;021024;8785538.202524962;14241813.052567955;1615632.898255532;12626180.154312422;5456274.850042993;789136.2596445264;0.0625;16.0;6.914236652236487;38.31165898543492;463356.4597393032;-157541.1963113631;305815.2634279401;PADRAO_CVM;58.166935391035764;1.5816693539103577;83;55.311002316199584;1.5531100231619959;22525839.249367256;19970442.20702711;1248152.6379391945;459016.37829466804;4340.081444635172;156065.56862018714;-153201.11486672796;150.09596746397423;3629.913362711239;22119102.599942632;19609846.9519117;1225615.4344944812;436479.1748499548;26877.284889348433;148402.91944898464;-130663.9114220147;142.72641919745232;586.1499662631371
08.629.832/0001-00;2020;UNIGEL PARTICIPACOES S.A.;021024;9107095.58304797;15155682.328210704;1243642.2338876082;13912040.094323095;6048586.745162737;869502.5058951934;0.0625;16.0;6.956376438427206;39.90969600823534;564715.230855428;-192003.1784908456;372712.0523645825;PADRAO_CVM;61.185722251290244;1.6118572225129024;83;80.42449835110206;1.8042449835110206;24428796.022837583;22424222.30592376;1401513.894120235;532011.3882250416;32703.84263038647;180883.87199651415;-159299.33586045908;142.7405915236233;587.0966927673743;27344563.812360786;25100728.55058663;1568795.5344116644;699293.0285164709;-134577.7976610429;237759.62969560013;-326580.97615188843;187.62286437478303;
08.629.832/0001-00;2021;UNIGEL PARTICIPACOES S.A.;021024;8373468.360373974;15239404.569557657;1643901.543614958;13595503.0259427;6865936.209183684;849718.9391214187;0.0625;16.0;8.080243823072644;45.053835127516244;513718.6238400392;-174664.33210561334;339054.2917344258;PADRAO_CVM;88.20119969479731;1.8820119969479732;97;112.50397415792798;2.12503974157928;28680742.226251274;25586899.799366634;1599181.2374604146;749462.2983389959;-235743.6744989567;254817.18143525862;-410408.0066045701;221.0449230726842;;32384340.3483149;28890984.236889593;1805686.5148055996;955967.5756841808;-442248.95184414164;325028.9757326215;-616913.283949755;281.95117979304933;
08.629.832/0001-00;2022;UNIGEL PARTICIPACOES S.A.;021024;9019104.912777146;16105556.662393045;2276195.732299895;13829360.93009315;7086451.749615898;864335.0581308219;0.0625;16.0;8.19873228900467;44.00004233422726;576303.1644592402;-195943.07591614168;380360.0885430985;PADRAO_CVM;93.15734256180868;1.9315734256180868;98;111.40135919767458;2.1140135919767458;31109065.25386473;26712426.065848958;1669526.6291155599;805191.570984738;-228888.4065254978;273765.13413481094;-424831.48244163947;211.69191911508926;;34047365.69065053;29235456.97456909;1827216.060910568;962881.0027797462;-386577.83832050604;327379.54094511375;-582520.9142366478;253.1498524116687;
08.629.832/0001-00;2023;UNIGEL PARTICIPACOES S.A.;021024;7718938.424415965;16210311.650991343;2120259.0937244706;14090052.557266872;8491373.226575378;880628.2848291795;0.0625;16.0;9.642403466773155;52.38254149207605;549067.6009926168;-186682.98433748973;362384.6166551272;PADRAO_CVM;111.22865572928534;2.1122865572928533;116;116.95952373369983;2.169595237336998;34240823.38991673;29762228.608264606;1860139.288016538;979511.0031873584;-430443.40219474153;333033.7410837019;-617126.3865322312;270.2959668179115;;35169814.95373927;30569710.9220742;1910606.9326296374;1029978.6478004579;-480911.04680784105;350192.7402521557;-667594.0311453308;284.2225084793442;
08.629.832/0001-00;2024;UNIGEL PARTICIPACOES S.A.;021024;7984344.464775879;17198134.87733703;1916802.141871104;15281332.735465927;9213790.412561152;955083.2959666204;0.0625;16.0;9.647106646584225;53.57435837244591;661083.8472926382;-224768.508079497;436315.3392131411;PADRAO_CVM;107.6737604239856;2.076737604239856;116;117.98291771357579;2.179829177135758;35716013.42255481;31735318.334643595;1983457.3959152247;1028374.0999486042;-367290.2526559661;349647.1939825255;-592058.7607354631;235.6951515395247;;37488996.19793536;33310694.962288413;2081918.4351430258;1126835.1391764055;-465751.29188376735;383123.9473199779;-690519.7999632644;258.26163737643515;
08.629.832/0001-00;2025;UNIGEL PARTICIPACOES S.A.;021024;6995979.99321254;18036788.44662189;1470219.273161733;16566569.173460158;11040808.453409351;1035410.5733412598;0.0625;16.0;10.66321779753588;61.21271802950699;615494.9951823666;-209268.29836200463;406226.6968203619;PADRAO_CVM;119.7685145365515;2.197685145365515;128;128.44609776382745;2.2844609776382745;39639182.03924128;36408102.98218365;2275506.436386478;1240095.8630452184;-624600.8678628518;421632.59343537426;-833869.1662248565;305.2718771936358;;41204339.368224576;37845680.81011489;2365355.0506321806;1329944.477290921;-714449.4821085543;452181.12227891316;-923717.780470559;327.3897278787262;
33.592.510/0001-54;2016;VALE S.A.;004170;350285517.2044076;445068124.6366855;52139735.004209176;392928389.63247633;94782607.43227792;17860381.346930742;0.045454545454545456;22.0;5.3068635876896355;21.2962021285281;45730400.55891081;-15548336.190029677;30182064.36888113;PADRAO_CVM;50.279518174616335;1.5027951817461633;64;43.417635151392076;1.4341763515139208;668846233.2528118;590490890.7109646;26840495.03231657;8980113.685385827;36750286.87352498;3053238.6530311815;21201950.6834953;29.75314602617;42.308067535741465;638306179.1665845;563528604.2493452;25614936.55678842;7754555.209857676;37975845.34905313;2636548.7713516103;22427509.159023453;25.692593836798387;40.94269935828394
33.592.510/0001-54;2017;VALE S.A.;004170;373519423.7376991;469460335.270158;63013049.83644643;406447285.4337116;95940911.53245892;18474876.61062325;0.04545454545454545;22.000000000000004;5.193047485756515;20.436425470801122;53652683.66525531;-18241912.446186807;35410771.2190685;PADRAO_CVM;44.71031887122272;1.4471031887122272;62;34.5960975930234;1.345960975930234;679357548.1433569;588171162.7945528;26735052.85429785;8260176.243674599;45392507.42158071;2808459.9228493636;27150594.9753939;23.32673353136839;40.1870561517255;631875291.0207567;547062184.9665529;24866462.953025125;6391586.342401873;47261097.32285343;2173139.356416637;29019184.876666624;18.049836595933954;38.59815679177175
33.592.510/0001-54;2018;VALE S.A.;004170;383395312.3410467;504340958.668924;47180353.89194757;457160604.7769764;120945646.3278773;20780027.489862565;0.045454545454545456;22.0;5.820283268964877;23.98092882384205;56325517.563914634;-19150675.971730977;37174841.59218366;PADRAO_CVM;49.65314995045675;1.4965314995045675;70;44.74464335153736;1.4474464335153736;754762131.1383759;684155245.3813034;31097965.699150156;10317938.209287591;46007579.35462704;3508098.9911577813;26856903.382896066;27.75516388873337;41.6250457867329;730006521.9010584;661715486.9281658;30077976.67855299;9297949.188690424;47027568.37522421;3161302.7241547443;27876892.403493233;25.01140230990359;40.72223300794823
33.592.510/0001-54;2019;VALE S.A.;004170;381555853.31275487;509494031.94495195;66190395.29448337;443303636.6504686;127938178.63219708;20150165.302294023;0.04545454545454545;22.000000000000004;6.349237175619189;25.110829687995267;55577905.44562342;-18896487.851511963;36681417.59411146;PADRAO_CVM;48.27095610968257;1.4827095610968257;76;46.51981350584866;1.4651981350584866;755431672.4865518;657290540.530643;29876842.75139286;9726677.449098837;45851227.99652459;3307070.3326936048;26954740.14501262;26.51663454429929;41.21261016813829;746509705.4291726;649527661.6849116;29523984.62204143;9373819.319747407;46204086.12587601;3187098.5687141186;27307598.27436405;25.55468118345624;40.89787167314889
33.592.510/0001-54;2020;VALE S.A.;004170;370005835.1236291;535325479.1800516;60240019.186618924;475085459.9934327;165319644.0564225;21594793.636065118;0.04545454545454544;22.000000000000007;7.655532478917734;30.88208024576742;62834829.97254791;-21363842.190666292;41470987.781881616;PADRAO_CVM;72.22223180571757;1.7222223180571756;92;91.24996825216817;1.9124996825216818;921949487.6685368;818202782.1851492;37191035.5538704;15596241.917805284;47238588.05474263;5302722.252053797;25874745.86407633;37.60759690565937;45.22540378621969;1023809808.977616;908600791.4081072;41300035.97309577;19705242.33703065;43129587.63551726;6699782.394590422;21765745.444850966;47.51572940743826;49.53407477764324
33.592.510/0001-54;2021;VALE S.A.;004170;378271995.000372;551234991.913281;67729211.55878767;483505780.35449326;172962996.91290906;21977535.470658783;0.04545454545454545;22.000000000000004;7.869990570317776;31.377361642549573;65563087.22224877;-22291449.655564584;43271637.56668419;PADRAO_CVM;85.96088787787592;1.8596088787787592;94;112.50397415792798;2.12503974157928;1025081485.2554748;899131642.0880682;40869620.094912186;18892084.624253403;46671002.59799537;6423308.772246158;24379552.942430783;43.659278193804354;47.76295432856644;1171396264.764855;1027468998.5366005;46703136.297118194;24725600.82645941;40837486.395789355;8406704.2809962;18546036.740224775;57.140432433036025;54.585753490114406
33.592.510/0001-54;2022;VALE S.A.;004170;367992137.41120934;574684104.2043724;69878160.22191308;504805943.9824593;206691966.79316306;22945724.72647542;0.04545454545454545;22.000000000000004;9.007863959715165;35.966188255601736;60881675.070113935;-20699769.52383874;40181905.5462752;PADRAO_CVM;107.05364320772613;2.0705364320772612;108;124.08544074953505;2.2408544074953505;1189904374.6908383;1045219098.1448351;47509959.00658341;24564234.280107986;36317440.79000595;8351839.655236715;15617671.266167212;61.13257683068009;56.99677365354175;1287783407.8238852;1131196624.502945;51418028.38649749;28472303.66002207;32409371.410091866;9680583.244407505;11709601.88625313;70.85852020440431;63.869703802379505
33.592.510/0001-54;2023;VALE S.A.;004170;389348322.08023226;598761007.8119336;82508667.4873007;516252340.32463294;209412685.73170134;23466015.469301496;0.04545454545454545;22.000000000000004;8.924083682023365;34.97433583675782;65101351.11033604;-22134459.377514254;42966891.73282178;PADRAO_CVM;99.16399098337905;1.9916399098337905;107;104.67879597518852;2.046787959751885;1192516319.610549;1028188764.5356352;46735852.93343796;23269837.464136463;41831513.646199584;7911744.7378063975;19697054.268685315;54.15760024912618;52.91335992458208;1225536821.5583704;1056659074.3701913;48029957.92591778;24563942.456616286;40537408.65371975;8351740.435249538;18402949.27620549;57.169465758334695;54.60255135347231
33.592.510/0001-54;2024;VALE S.A.;004170;355735337.62265456;607052778.2134638;52425400.59525627;554627377.6182075;251317440.59080917;25210335.34628216;0.04545454545454546;21.999999999999996;9.968825766844535;41.39960306753361;74645553.09829012;-25379488.05341864;49266065.04487148;PADRAO_CVM;112.9771494449038;2.129771494449038;120;117.98291771357579;2.179829177135758;1292883702.6651292;1181229578.8922806;53692253.586012766;28481918.239730604;46163634.85855951;9683852.201508407;20784146.805140875;57.812448008155926;54.97723073839117;1323271358.0110304;1208992940.1704605;54954224.553202756;29743889.206920594;44901663.89136952;10112922.330353003;19522175.837950885;60.37399004736809;56.52237768920807
33.592.510/0001-54;2025;VALE S.A.;004170;384763440.2723787;641649815.3913327;81747746.34934999;559902069.0419828;256886375.118954;25450094.04736285;0.04545454545454545;22.000000000000004;10.093729895099255;40.03529167421061;68134757.13796036;-23165817.426906522;44968939.71105384;PADRAO_CVM;107.53648073106805;2.0753648073106805;121;115.51518656964848;2.1551518656964848;1331657445.480567;1162001049.6301658;52818229.52864389;27368135.481281042;40766621.65667932;9305166.063635554;17600804.2297728;60.860086222032194;56.825452994364;1382852796.7644358;1206673988.7031512;54848817.668325044;29398723.620962195;38736033.516998164;9995566.031127147;15570216.090091646;65.37562106169845;59.804309640378875
