DATA,ANO,MES,TAXA_MENSAL_PCT,TAXA_MENSAL_DECIMAL,NUMERO_INDICE
1995-01-01,1995,1,1.85,0.018500000000000003,101.85
1995-02-01,1995,2,1.42,0.014199999999999999,103.29626999999999
1995-03-01,1995,3,1.65,0.0165,105.00065845499999
1995-04-01,1995,4,2.1,0.021,107.20567228255499
1995-05-01,1995,5,2.85,0.0285,110.2610339426078
1995-06-01,1995,6,3.4,0.034,114.00990909665646
1995-07-01,1995,7,2.15,0.0215,116.46112214223459
1995-08-01,1995,8,1.3,0.013000000000000001,117.97511673008363
1995-09-01,1995,9,0.95,0.0095,119.09588033901943
1995-10-01,1995,10,0.85,0.0085,120.10819532190109
1995-11-01,1995,11,0.7,0.006999999999999999,120.94895268915438
1995-12-01,1995,12,0.65,0.006500000000000001,121.73512088163388
1996-01-01,1996,1,0.95,0.0095,122.8916045300094
1996-02-01,1996,2,0.8,0.008,123.87473736624948
1996-03-01,1996,3,0.75,0.0075,124.80379789649635
1996-04-01,1996,4,0.65,0.006500000000000001,125.61502258282357
1996-05-01,1996,5,1.1,0.011000000000000001,126.99678783123461
1996-06-01,1996,6,1.45,0.014499999999999999,128.8382412547875
1996-07-01,1996,7,0.85,0.0085,129.9333663054532
1996-08-01,1996,8,0.7,0.006999999999999999,130.84289986959138
1996-09-01,1996,9,0.6,0.006,131.62795726880893
1996-10-01,1996,10,0.55,0.0055000000000000005,132.3519110337874
1996-11-01,1996,11,0.45,0.0045000000000000005,132.94749463343942
1996-12-01,1996,12,0.4,0.004,133.47928461197318
1997-01-01,1997,1,0.55,0.0055000000000000005,134.21342067733906
1997-02-01,1997,2,0.48,0.0048,134.85764509659026
1997-03-01,1997,3,0.52,0.0052,135.55890485109254
1997-04-01,1997,4,0.61,0.0060999999999999995,136.3858141706842
1997-05-01,1997,5,1.25,0.0125,138.09063684781773
1997-06-01,1997,6,1.1,0.011000000000000001,139.60963385314372
1997-07-01,1997,7,0.72,0.0072,140.61482321688638
1997-08-01,1997,8,0.58,0.0058,141.43038919154432
1997-09-01,1997,9,0.49,0.0049,142.12339809858287
1997-10-01,1997,10,0.42,0.0042,142.72031637059692
1997-11-01,1997,11,0.38,0.0038,143.2626535728052
1997-12-01,1997,12,0.35,0.0034999999999999996,143.76407286031002
1998-01-01,1998,1,0.42,0.0042,144.36788196632332
1998-02-01,1998,2,0.38,0.0038,144.91647991779536
1998-03-01,1998,3,0.4,0.004,145.49614583746654
1998-04-01,1998,4,0.5,0.005,146.22362656665385
1998-05-01,1998,5,0.95,0.0095,147.61275101903706
1998-06-01,1998,6,0.85,0.0085,148.86745940269887
1998-07-01,1998,7,0.55,0.0055000000000000005,149.6862304294137
1998-08-01,1998,8,0.45,0.0045000000000000005,150.35981846634607
1998-09-01,1998,9,0.35,0.0034999999999999996,150.88607783097828
1998-10-01,1998,10,0.3,0.003,151.3387360644712
1998-11-01,1998,11,0.28,0.0028000000000000004,151.7624845254517
1998-12-01,1998,12,0.25,0.0025,152.1418907367653
1999-01-01,1999,1,0.35,0.0034999999999999996,152.674387354344
1999-02-01,1999,2,0.45,0.0045000000000000005,153.36142209743852
1999-03-01,1999,3,0.68,0.0068000000000000005,154.4042797677011
1999-04-01,1999,4,0.82,0.008199999999999999,155.67039486179624
1999-05-01,1999,5,1.4,0.013999999999999999,157.8497803898614
1999-06-01,1999,6,1.25,0.0125,159.82290264473465
1999-07-01,1999,7,0.95,0.0095,161.34122021985965
1999-08-01,1999,8,0.8,0.008,162.63194998161853
1999-09-01,1999,9,0.75,0.0075,163.85168960648068
1999-10-01,1999,10,0.65,0.006500000000000001,164.9167255889228
1999-11-01,1999,11,0.58,0.0058,165.87324259733853
1999-12-01,1999,12,0.52,0.0052,166.7357834588447
2000-01-01,2000,1,0.45,0.0045000000000000005,167.4860944844095
2000-02-01,2000,2,0.4,0.004,168.15603886234715
2000-03-01,2000,3,0.55,0.0055000000000000005,169.08089707609005
2000-04-01,2000,4,0.65,0.006500000000000001,170.17992290708463
2000-05-01,2000,5,1.85,0.018500000000000003,173.3282514808657
2000-06-01,2000,6,1.6,0.016,176.10150350455956
2000-07-01,2000,7,0.9,0.009000000000000001,177.68641703610058
2000-08-01,2000,8,0.75,0.0075,179.01906516387135
2000-09-01,2000,9,0.6,0.006,180.09317955485457
2000-10-01,2000,10,0.5,0.005,180.9936454526288
2000-11-01,2000,11,0.42,0.0042,181.75381876352984
2000-12-01,2000,12,0.38,0.0038,182.44448327483124
2001-01-01,2001,1,0.48,0.0048,183.32021679455042
2001-02-01,2001,2,0.42,0.0042,184.09016170508752
2001-03-01,2001,3,0.58,0.0058,185.15788464297702
2001-04-01,2001,4,0.72,0.0072,186.49102141240647
2001-05-01,2001,5,2.1,0.021,190.407332862067
2001-06-01,2001,6,1.95,0.0195,194.1202758528773
2001-07-01,2001,7,1.15,0.0115,196.3526590251854
2001-08-01,2001,8,0.85,0.0085,198.02165662689947
2001-09-01,2001,9,0.7,0.006999999999999999,199.40780822328776
2001-10-01,2001,10,0.62,0.0062,200.64413663427214
2001-11-01,2001,11,0.5,0.005,201.6473573174435
2001-12-01,2001,12,0.45,0.0045000000000000005,202.55477042537197
2002-01-01,2002,1,0.52,0.0052,203.60805523158393
2002-02-01,2002,2,0.48,0.0048,204.58537389669553
2002-03-01,2002,3,0.65,0.006500000000000001,205.91517882702405
2002-04-01,2002,4,0.8,0.008,207.56250025764024
2002-05-01,2002,5,2.45,0.0245,212.64778151395242
2002-06-01,2002,6,2.1,0.021,217.1133849257454
2002-07-01,2002,7,1.35,0.013500000000000002,220.04441562224298
2002-08-01,2002,8,1.1,0.011000000000000001,222.46490419408764
2002-09-01,2002,9,1.05,0.0105,224.80078568812556
2002-10-01,2002,10,1.15,0.0115,227.38599472353903
2002-11-01,2002,11,1.4,0.013999999999999999,230.56939864966859
2002-12-01,2002,12,1.55,0.0155,234.14322432873846
2003-01-01,2003,1,1.6,0.016,237.88951591799827
2003-02-01,2003,2,1.25,0.0125,240.86313486697324
2003-03-01,2003,3,1.15,0.0115,243.63306091794345
2003-04-01,2003,4,1.35,0.013500000000000002,246.92210724033572
2003-05-01,2003,5,2.8,0.027999999999999997,253.83592624306513
2003-06-01,2003,6,2.25,0.0225,259.5472345835341
2003-07-01,2003,7,1.1,0.011000000000000001,262.40225416395293
2003-08-01,2003,8,0.85,0.0085,264.6326733243465
2003-09-01,2003,9,0.7,0.006999999999999999,266.4851020376169
2003-10-01,2003,10,0.6,0.006,268.08401264984263
2003-11-01,2003,11,0.5,0.005,269.42443271309185
2003-12-01,2003,12,0.42,0.0042,270.55601533048684
2004-01-01,2004,1,0.55,0.0055000000000000005,272.04407341480453
2004-02-01,2004,2,0.5,0.005,273.40429378187855
2004-03-01,2004,3,0.68,0.0068000000000000005,275.2634429795953
2004-04-01,2004,4,0.85,0.0085,277.60318224492187
2004-05-01,2004,5,2.35,0.0235,284.12685702767754
2004-06-01,2004,6,2.15,0.0215,290.2355844537726
2004-07-01,2004,7,1.1,0.011000000000000001,293.4281758827641
2004-08-01,2004,8,0.85,0.0085,295.9223153777676
2004-09-01,2004,9,0.68,0.0068000000000000005,297.9345871223364
2004-10-01,2004,10,0.58,0.0058,299.66260772764593
2004-11-01,2004,11,0.48,0.0048,301.10098824473863
2004-12-01,2004,12,0.4,0.004,302.3053921977176
2005-01-01,2005,1,0.45,0.0045000000000000005,303.6657664626073
2005-02-01,2005,2,0.4,0.004,304.8804295284577
2005-03-01,2005,3,0.52,0.0052,306.4658077620057
2005-04-01,2005,4,0.65,0.006500000000000001,308.4578355124587
2005-05-01,2005,5,1.75,0.0175,313.85584763392677
2005-06-01,2005,6,1.35,0.013500000000000002,318.0929015769848
2005-07-01,2005,7,0.7,0.006999999999999999,320.3195518880236
2005-08-01,2005,8,0.55,0.0055000000000000005,322.0813094234078
2005-09-01,2005,9,0.45,0.0045000000000000005,323.5306753158131
2005-10-01,2005,10,0.38,0.0038,324.76009188201317
2005-11-01,2005,11,0.32,0.0032,325.79932417603567
2005-12-01,2005,12,0.28,0.0028000000000000004,326.71156228372854
2006-01-01,2006,1,0.32,0.0032,327.7570392830365
2006-02-01,2006,2,0.28,0.0028000000000000004,328.67475899302895
2006-03-01,2006,3,0.35,0.0034999999999999996,329.8251206495046
2006-04-01,2006,4,0.48,0.0048,331.4082812286222
2006-05-01,2006,5,1.45,0.014499999999999999,336.2137013064372
2006-06-01,2006,6,1.1,0.011000000000000001,339.91205202080795
2006-07-01,2006,7,0.55,0.0055000000000000005,341.7815683069224
2006-08-01,2006,8,0.42,0.0042,343.21705089381146
2006-09-01,2006,9,0.35,0.0034999999999999996,344.4183105719398
2006-10-01,2006,10,0.3,0.003,345.45156550365556
2006-11-01,2006,11,0.25,0.0025,346.31519441741466
2006-12-01,2006,12,0.22,0.0022,347.07708784513295
2007-01-01,2007,1,0.3,0.003,348.1183191086683
2007-02-01,2007,2,0.28,0.0028000000000000004,349.09305040217254
2007-03-01,2007,3,0.36,0.0036,350.3497853836204
2007-04-01,2007,4,0.52,0.0052,352.17160426761524
2007-05-01,2007,5,1.65,0.0165,357.98243573803086
2007-06-01,2007,6,1.3,0.013000000000000001,362.63620740262525
2007-07-01,2007,7,0.62,0.0062,364.8845518885215
2007-08-01,2007,8,0.48,0.0048,366.63599773758637
2007-09-01,2007,9,0.4,0.004,368.1025417285367
2007-10-01,2007,10,0.35,0.0034999999999999996,369.3909006245866
2007-11-01,2007,11,0.32,0.0032,370.5729515065853
2007-12-01,2007,12,0.28,0.0028000000000000004,371.6105557708037
2008-01-01,2008,1,0.45,0.0045000000000000005,373.2828032717723
2008-02-01,2008,2,0.42,0.0042,374.85059104551374
2008-03-01,2008,3,0.58,0.0058,377.02472447357775
2008-04-01,2008,4,0.85,0.0085,380.22943463160317
2008-05-01,2008,5,2.4,0.024,389.35494106276167
2008-06-01,2008,6,2.35,0.0235,398.5047821777366
2008-07-01,2008,7,1.3,0.013000000000000001,403.68534434604715
2008-08-01,2008,8,0.95,0.0095,407.52035511733465
2008-09-01,2008,9,0.75,0.0075,410.5767577807147
2008-10-01,2008,10,0.65,0.006500000000000001,413.2455067062893
2008-11-01,2008,11,0.55,0.0055000000000000005,415.5183569931739
2008-12-01,2008,12,0.42,0.0042,417.2635340925452
2009-01-01,2009,1,0.32,0.0032,418.5987774016414
2009-02-01,2009,2,0.25,0.0025,419.6452743451455
2009-03-01,2009,3,0.3,0.003,420.9042101681809
2009-04-01,2009,4,0.42,0.0042,422.67200785088727
2009-05-01,2009,5,0.95,0.0095,426.6873919254707
2009-06-01,2009,6,0.7,0.006999999999999999,429.67420366894896
2009-07-01,2009,7,0.35,0.0034999999999999996,431.1780633817903
2009-08-01,2009,8,0.28,0.0028000000000000004,432.3853619592593
2009-09-01,2009,9,0.25,0.0025,433.4663253641574
2009-10-01,2009,10,0.22,0.0022,434.4199512799585
2009-11-01,2009,11,0.18,0.0018,435.20190719226247
2009-12-01,2009,12,0.15,0.0015,435.8547100530509
2010-01-01,2010,1,0.38,0.0038,437.5109579512525
2010-02-01,2010,2,0.35,0.0034999999999999996,439.0422463040819
2010-03-01,2010,3,0.55,0.0055000000000000005,441.4569786587544
2010-04-01,2010,4,0.78,0.0078000000000000005,444.9003430922927
2010-05-01,2010,5,1.95,0.0195,453.57589978259244
2010-06-01,2010,6,1.45,0.014499999999999999,460.15275032944004
2010-07-01,2010,7,0.68,0.0068000000000000005,463.2817890316802
2010-08-01,2010,8,0.5,0.005,465.59819797683855
2010-09-01,2010,9,0.42,0.0042,467.55371040834126
2010-10-01,2010,10,0.35,0.0034999999999999996,469.19014839477046
2010-11-01,2010,11,0.3,0.003,470.5977188399547
2010-12-01,2010,12,0.28,0.0028000000000000004,471.91539245270656
2011-01-01,2011,1,0.4,0.004,473.80305402251736
2011-02-01,2011,2,0.38,0.0038,475.6035056278029
2011-03-01,2011,3,0.52,0.0052,478.07664385706755
2011-04-01,2011,4,0.75,0.0075,481.6622186859956
2011-05-01,2011,5,1.85,0.018500000000000003,490.5729697316865
2011-06-01,2011,6,1.4,0.013999999999999999,497.4409913079301
2011-07-01,2011,7,0.65,0.006500000000000001,500.6743577514316
2011-08-01,2011,8,0.52,0.0052,503.27786441173913
2011-09-01,2011,9,0.45,0.0045000000000000005,505.5426148015919
2011-10-01,2011,10,0.38,0.0038,507.463676737838
2011-11-01,2011,11,0.32,0.0032,509.0875605033991
2011-12-01,2011,12,0.29,0.0029,510.56391442885894
2012-01-01,2012,1,0.42,0.0042,512.7082828694602
2012-02-01,2012,2,0.36,0.0036,514.5540326877903
2012-03-01,2012,3,0.5,0.005,517.1268028512292
2012-04-01,2012,4,0.72,0.0072,520.8501158317581
2012-05-01,2012,5,1.8,0.018000000000000002,530.2254179167297
2012-06-01,2012,6,1.35,0.013500000000000002,537.3834610586056
2012-07-01,2012,7,0.68,0.0068000000000000005,541.037668593804
2012-08-01,2012,8,0.55,0.0055000000000000005,544.01337577107
2012-09-01,2012,9,0.48,0.0048,546.6246399747711
2012-10-01,2012,10,0.35,0.0034999999999999996,548.5378262146828
2012-11-01,2012,11,0.3,0.003,550.1834396933268
2012-12-01,2012,12,0.28,0.0028000000000000004,551.7239533244681
2013-01-01,2013,1,0.45,0.0045000000000000005,554.2067111144281
2013-02-01,2013,2,0.4,0.004,556.4235379588858
2013-03-01,2013,3,0.58,0.0058,559.6507944790474
2013-04-01,2013,4,0.82,0.008199999999999999,564.2399309937755
2013-05-01,2013,5,1.9,0.019,574.9604896826572
2013-06-01,2013,6,1.5,0.015,583.584897027897
2013-07-01,2013,7,0.72,0.0072,587.786708286498
2013-08-01,2013,8,0.58,0.0058,591.1958711945597
2013-09-01,2013,9,0.45,0.0045000000000000005,593.8562526149352
2013-10-01,2013,10,0.38,0.0038,596.112906374872
2013-11-01,2013,11,0.35,0.0034999999999999996,598.1993015471841
2013-12-01,2013,12,0.3,0.003,599.9938994518255
2014-01-01,2014,1,0.48,0.0048,602.8738701691942
2014-02-01,2014,2,0.42,0.0042,605.4059404239048
2014-03-01,2014,3,0.55,0.0055000000000000005,608.7356730962363
2014-04-01,2014,4,0.75,0.0075,613.3011906444581
2014-05-01,2014,5,1.7,0.017,623.7273108854138
2014-06-01,2014,6,1.25,0.0125,631.5239022714815
2014-07-01,2014,7,0.6,0.006,635.3130456851103
2014-08-01,2014,8,0.48,0.0048,638.3625483043987
2014-09-01,2014,9,0.4,0.004,640.9159984976163
2014-10-01,2014,10,0.35,0.0034999999999999996,643.1592044923581
2014-11-01,2014,11,0.3,0.003,645.0886821058351
2014-12-01,2014,12,0.28,0.0028000000000000004,646.8949304157314
2015-01-01,2015,1,0.55,0.0055000000000000005,650.452852533018
2015-02-01,2015,2,0.48,0.0048,653.5750262251764
2015-03-01,2015,3,0.65,0.006500000000000001,657.82326389564
2015-04-01,2015,4,0.85,0.0085,663.4147616387529
2015-05-01,2015,5,1.8,0.018000000000000002,675.3562273482505
2015-06-01,2015,6,1.45,0.014499999999999999,685.1488926448001
2015-07-01,2015,7,0.75,0.0075,690.2875093396361
2015-08-01,2015,8,0.58,0.0058,694.2911768938061
2015-09-01,2015,9,0.45,0.0045000000000000005,697.4154871898282
2015-10-01,2015,10,0.38,0.0038,700.0656660411496
2015-11-01,2015,11,0.35,0.0034999999999999996,702.5158958722936
2015-12-01,2015,12,0.32,0.0032,704.7639467390851
2016-01-01,2016,1,0.42,0.0042,707.7239553153893
2016-02-01,2016,2,0.38,0.0038,710.4133063455878
2016-03-01,2016,3,0.5,0.005,713.9653728773156
2016-04-01,2016,4,0.68,0.0068000000000000005,718.8203374128814
2016-05-01,2016,5,1.55,0.0155,729.962052642781
2016-06-01,2016,6,1.2,0.012,738.7215972744945
2016-07-01,2016,7,0.65,0.006500000000000001,743.5232876567786
2016-08-01,2016,8,0.48,0.0048,747.0921994375311
2016-09-01,2016,9,0.38,0.0038,749.9311497953937
2016-10-01,2016,10,0.32,0.0032,752.330929474739
2016-11-01,2016,11,0.28,0.0028000000000000004,754.4374560772683
2016-12-01,2016,12,0.25,0.0025,756.3235497174614
2017-01-01,2017,1,0.28,0.0028000000000000004,758.4412556566703
2017-02-01,2017,2,0.25,0.0025,760.3373587958118
2017-03-01,2017,3,0.32,0.0032,762.7704383439585
2017-04-01,2017,4,0.45,0.0045000000000000005,766.2029053165063
2017-05-01,2017,5,1.15,0.0115,775.0142387276462
2017-06-01,2017,6,0.9,0.009000000000000001,781.9893668761949
2017-07-01,2017,7,0.42,0.0042,785.2737222170749
2017-08-01,2017,8,0.3,0.003,787.6295433837261
2017-09-01,2017,9,0.25,0.0025,789.5986172421854
2017-10-01,2017,10,0.2,0.002,791.1778144766697
2017-11-01,2017,11,0.18,0.0018,792.6019345427277
2017-12-01,2017,12,0.15,0.0015,793.7908374445418
2018-01-01,2018,1,0.25,0.0025,795.7753145381531
2018-02-01,2018,2,0.22,0.0022,797.5260202301371
2018-03-01,2018,3,0.3,0.003,799.9185982908274
2018-04-01,2018,4,0.4,0.004,803.1182726839907
2018-05-01,2018,5,1.1,0.011000000000000001,811.9525736835145
2018-06-01,2018,6,0.85,0.0085,818.8541705598243
2018-07-01,2018,7,0.45,0.0045000000000000005,822.5390143273435
2018-08-01,2018,8,0.35,0.0034999999999999996,825.4179008774892
2018-09-01,2018,9,0.28,0.0028000000000000004,827.7290709999461
2018-10-01,2018,10,0.22,0.0022,829.550074956146
2018-11-01,2018,11,0.2,0.002,831.2091751060583
2018-12-01,2018,12,0.18,0.0018,832.7053516212492
2019-01-01,2019,1,0.28,0.0028000000000000004,835.0369266057886
2019-02-01,2019,2,0.25,0.0025,837.1245189223031
2019-03-01,2019,3,0.32,0.0032,839.8033173828545
2019-04-01,2019,4,0.42,0.0042,843.3304913158624
2019-05-01,2019,5,1.18,0.0118,853.2817911133897
2019-06-01,2019,6,0.92,0.0092,861.1319835916329
2019-07-01,2019,7,0.48,0.0048,865.2654171128727
2019-08-01,2019,8,0.36,0.0036,868.380372614479
2019-09-01,2019,9,0.28,0.0028000000000000004,870.8118376577995
2019-10-01,2019,10,0.25,0.0025,872.9888672519439
2019-11-01,2019,11,0.22,0.0022,874.9094427598982
2019-12-01,2019,12,0.19,0.0019,876.571770701142
2020-01-01,2020,1,0.3,0.003,879.2014860132454
2020-02-01,2020,2,0.28,0.0028000000000000004,881.6632501740823
2020-03-01,2020,3,0.4,0.004,885.1899031747787
2020-04-01,2020,4,0.55,0.0055000000000000005,890.05844764224
2020-05-01,2020,5,0.9,0.009000000000000001,898.0689736710201
2020-06-01,2020,6,1.25,0.0125,909.2948358419078
2020-07-01,2020,7,1.1,0.011000000000000001,919.2970790361687
2020-08-01,2020,8,1.2,0.012,930.3286439846028
2020-09-01,2020,9,1.15,0.0115,941.0274233904257
2020-10-01,2020,10,1.28,0.0128,953.0725744098231
2020-11-01,2020,11,1.1,0.011000000000000001,963.5563727283311
2020-12-01,2020,12,0.85,0.0085,971.7466018965218
2021-01-01,2021,1,0.92,0.0092,980.6866706339699
2021-02-01,2021,2,1.05,0.0105,990.9838806756266
2021-03-01,2021,3,1.25,0.0125,1003.3711791840718
2021-04-01,2021,4,1.1,0.011000000000000001,1014.4082621550965
2021-05-01,2021,5,2.1,0.021,1035.7108356603535
2021-06-01,2021,6,2.2,0.022000000000000002,1058.4964740448813
2021-07-01,2021,7,1.45,0.014499999999999999,1073.844672918532
2021-08-01,2021,8,1.25,0.0125,1087.2677313300137
2021-09-01,2021,9,1.1,0.011000000000000001,1099.2276763746438
2021-10-01,2021,10,0.95,0.0095,1109.670339300203
2021-11-01,2021,11,0.8,0.008,1118.5477020146047
2021-12-01,2021,12,0.65,0.006500000000000001,1125.8182620776995
2022-01-01,2022,1,0.68,0.0068000000000000005,1133.4738262598278
2022-02-01,2022,2,0.55,0.0055000000000000005,1139.707932304257
2022-03-01,2022,3,0.72,0.0072,1147.9138294168476
2022-04-01,2022,4,1.15,0.0115,1161.1148384551416
2022-05-01,2022,5,1.85,0.018500000000000003,1182.5954629665616
2022-06-01,2022,6,1.65,0.0165,1202.10828810551
2022-07-01,2022,7,0.95,0.0095,1213.5283168425124
2022-08-01,2022,8,0.7,0.006999999999999999,1222.0230150604098
2022-09-01,2022,9,0.55,0.0055000000000000005,1228.744141643242
2022-10-01,2022,10,0.45,0.0045000000000000005,1234.2734902806367
2022-11-01,2022,11,0.35,0.0034999999999999996,1238.593447496619
2022-12-01,2022,12,0.3,0.003,1242.3092278391089
2023-01-01,2023,1,0.32,0.0032,1246.2846173681942
2023-02-01,2023,2,0.28,0.0028000000000000004,1249.774214296825
2023-03-01,2023,3,0.35,0.0034999999999999996,1254.148424046864
2023-04-01,2023,4,0.42,0.0042,1259.4158474278609
2023-05-01,2023,5,0.85,0.0085,1270.1208821309976
2023-06-01,2023,6,0.7,0.006999999999999999,1279.0117283059144
2023-07-01,2023,7,0.38,0.0038,1283.8719728734768
2023-08-01,2023,8,0.25,0.0025,1287.0816528056605
2023-09-01,2023,9,0.2,0.002,1289.6558161112719
2023-10-01,2023,10,0.18,0.0018,1291.9771965802722
2023-11-01,2023,11,0.15,0.0015,1293.9151623751427
2023-12-01,2023,12,0.12,0.0012,1295.467860569993
2024-01-01,2024,1,0.35,0.0034999999999999996,1300.0019980819882
2024-02-01,2024,2,0.32,0.0032,1304.1620044758506
2024-03-01,2024,3,0.4,0.004,1309.378652493754
2024-04-01,2024,4,0.52,0.0052,1316.1874214867216
2024-05-01,2024,5,1.35,0.013500000000000002,1333.9559516767924
2024-06-01,2024,6,1.15,0.0115,1349.2964451210757
2024-07-01,2024,7,0.55,0.0055000000000000005,1356.7175755692417
2024-08-01,2024,8,0.42,0.0042,1362.4157893866325
2024-09-01,2024,9,0.35,0.0034999999999999996,1367.1842446494857
2024-10-01,2024,10,0.3,0.003,1371.2857973834339
2024-11-01,2024,11,0.25,0.0025,1374.7140118768923
2024-12-01,2024,12,0.22,0.0022,1377.7383827030214
2025-01-01,2025,1,0.32,0.0032,1382.1471455276712
2025-02-01,2025,2,0.3,0.003,1386.293586964254
2025-03-01,2025,3,0.38,0.0038,1391.5615025947181
2025-04-01,2025,4,0.48,0.0048,1398.2409978071728
2025-05-01,2025,5,1.25,0.0125,1415.7190102797624
2025-06-01,2025,6,1.05,0.0105,1430.5840598876998
2025-07-01,2025,7,0.5,0.005,1437.7369801871382
2025-08-01,2025,8,0.38,0.0038,1443.2003807118494
2025-09-01,2025,9,0.32,0.0032,1447.8186219301274
2025-10-01,2025,10,0.28,0.0028000000000000004,1451.8725140715317
2025-11-01,2025,11,0.22,0.0022,1455.066633602489
2025-12-01,2025,12,0.2,0.002,1457.976766869694
