company,year,notes_pair_complete,ad_source_verified,charge_source_verified
Vale,2016,true,true,true
Vale,2017,true,true,true
Vale,2018,true,true,true
Vale,2019,true,true,true
Vale,2020,true,true,true
Vale,2021,true,true,true
Vale,2022,true,true,true
Vale,2023,true,true,true
Vale,2024,true,true,true
Vale,2025,true,true,true
Petrobras,2016,false,false,false
Petrobras,2017,false,false,false
Petrobras,2018,false,false,false
Petrobras,2019,false,false,false
Petrobras,2020,false,false,false
Petrobras,2021,false,false,false
Petrobras,2022,false,false,false
Petrobras,2023,false,false,false
Petrobras,2024,false,false,false
Petrobras,2025,false,false,false
Gerdau,2016,false,true,false
Gerdau,2017,false,true,false
Gerdau,2018,false,true,false
Gerdau,2019,false,true,false
Gerdau,2020,false,true,false
Gerdau,2021,false,true,false
Gerdau,2022,false,true,false
Gerdau,2023,false,true,false
Gerdau,2024,false,true,false
Gerdau,2025,false,true,false
CSN,2016,true,true,true
CSN,2017,true,true,true
CSN,2018,true,true,true
CSN,2019,true,true,true
CSN,2020,true,true,true
CSN,2021,true,true,true
CSN,2022,true,true,true
CSN,2023,true,true,true
CSN,2024,true,true,true
CSN,2025,true,true,true
Suzano,2016,true,true,true
Suzano,2017,true,true,true
Suzano,2018,true,true,true
Suzano,2019,false,true,false
Suzano,2020,true,true,true
Suzano,2021,true,true,true
Suzano,2022,true,true,true
Suzano,2023,true,true,true
Suzano,2024,true,true,true
Suzano,2025,true,true,true
Klabin,2016,true,true,true
Klabin,2017,true,true,true
Klabin,2018,true,true,true
Klabin,2019,true,true,true
Klabin,2020,true,true,true
Klabin,2021,true,true,true
Klabin,2022,true,true,true
Klabin,2023,true,true,true
Klabin,2024,true,true,true
Klabin,2025,true,true,true
Eletrobras,2016,true,true,true
Eletrobras,2017,true,true,true
Eletrobras,2018,true,true,true
Eletrobras,2019,true,true,true
Eletrobras,2020,true,true,true
Eletrobras,2021,true,true,true
Eletrobras,2022,true,true,true
Eletrobras,2023,true,true,true
Eletrobras,2024,true,true,true
Eletrobras,2025,true,true,true
Unigel,2016,false,false,false
Unigel,2017,true,true,true
Unigel,2018,true,true,true
Unigel,2019,true,true,true
Unigel,2020,true,true,true
Unigel,2021,true,true,true
Unigel,2022,true,true,true
Unigel,2023,true,true,true
Unigel,2024,true,true,true
Unigel,2025,false,false,false
