company,year,field,normalized_value,normalized_unit,source_value,source_unit,normalization_multiplier,source_id,source_url,pdf_filename,pdf_page,scope,derivation,extraction_table,qualification
Vale,2016,ppe_ad,68964.0,BRL millions,68964.0,BRL millions,1,f42314a72a68e2bf8d55,https://api.mziq.com/mzfilemanager/v2/d/53207d1c-63b4-48f1-96b7-19869fae19fe/172d22c6-df4b-476a-b623-7de0cd723a69?origin=2,vale_2016.pdf,42,"consolidated; all owned non-mineral PPE incl buildings; excludes mineral properties,ROU,CIP",reported total 94012 minus mineral 25048 minus ROU 0,extractions/notes_vale_petrobras/vale_owned_nonmineral_AD_Dep_2016_2025.csv,"Report labels stock accumulated depreciation; policy states non-mineral PPE straight-line, land not depreciated. Excludes separately identified mineral depletion and ROU charges. Reported cost is accounting basis after impairment treatment; not reconstructed historical original cost. Ratio is accounting stock/charge, not physical age."
Vale,2016,ppe_depreciation,9572.0,BRL millions,9572.0,BRL millions,1,f42314a72a68e2bf8d55,https://api.mziq.com/mzfilemanager/v2/d/53207d1c-63b4-48f1-96b7-19869fae19fe/172d22c6-df4b-476a-b623-7de0cd723a69?origin=2,vale_2016.pdf,42,"consolidated; all owned non-mineral PPE incl buildings; excludes mineral properties,ROU,CIP",reported PPE DDA total 12338 minus mineral 2766 minus ROU 0,extractions/notes_vale_petrobras/vale_owned_nonmineral_AD_Dep_2016_2025.csv,"Report labels stock accumulated depreciation; policy states non-mineral PPE straight-line, land not depreciated. Excludes separately identified mineral depletion and ROU charges. Reported cost is accounting basis after impairment treatment; not reconstructed historical original cost. Ratio is accounting stock/charge, not physical age."
Vale,2016,ppe_gross_depreciable,181255.0,BRL millions,181255.0,BRL millions,1,f42314a72a68e2bf8d55,https://api.mziq.com/mzfilemanager/v2/d/53207d1c-63b4-48f1-96b7-19869fae19fe/172d22c6-df4b-476a-b623-7de0cd723a69?origin=2,vale_2016.pdf,42,"consolidated; all owned non-mineral PPE incl buildings; excludes mineral properties,ROU,CIP",sum owned non-mineral cost excluding land/CIP/ROU,extractions/notes_vale_petrobras/vale_owned_nonmineral_AD_Dep_2016_2025.csv,"Report labels stock accumulated depreciation; policy states non-mineral PPE straight-line, land not depreciated. Excludes separately identified mineral depletion and ROU charges. Reported cost is accounting basis after impairment treatment; not reconstructed historical original cost. Ratio is accounting stock/charge, not physical age."
Vale,2017,ppe_ad,78693.0,BRL millions,78693.0,BRL millions,1,66bf7b8a04dfd6299acd,https://api.mziq.com/mzfilemanager/v2/d/53207d1c-63b4-48f1-96b7-19869fae19fe/2709c3ee-463a-4f49-852e-9f73faf5b0ea?origin=2,vale_2017.pdf,42,"consolidated; all owned non-mineral PPE incl buildings; excludes mineral properties,ROU,CIP",reported total 106488 minus mineral 27795 minus ROU 0,extractions/notes_vale_petrobras/vale_owned_nonmineral_AD_Dep_2016_2025.csv,"Report labels stock accumulated depreciation; policy states non-mineral PPE straight-line, land not depreciated. Excludes separately identified mineral depletion and ROU charges. Reported cost is accounting basis after impairment treatment; not reconstructed historical original cost. Ratio is accounting stock/charge, not physical age."
Vale,2017,ppe_depreciation,9225.0,BRL millions,9225.0,BRL millions,1,66bf7b8a04dfd6299acd,https://api.mziq.com/mzfilemanager/v2/d/53207d1c-63b4-48f1-96b7-19869fae19fe/2709c3ee-463a-4f49-852e-9f73faf5b0ea?origin=2,vale_2017.pdf,42,"consolidated; all owned non-mineral PPE incl buildings; excludes mineral properties,ROU,CIP",reported PPE DDA total 11196 minus mineral 1971 minus ROU 0,extractions/notes_vale_petrobras/vale_owned_nonmineral_AD_Dep_2016_2025.csv,"Report labels stock accumulated depreciation; policy states non-mineral PPE straight-line, land not depreciated. Excludes separately identified mineral depletion and ROU charges. Reported cost is accounting basis after impairment treatment; not reconstructed historical original cost. Ratio is accounting stock/charge, not physical age."
Vale,2017,ppe_gross_depreciable,207614.0,BRL millions,207614.0,BRL millions,1,66bf7b8a04dfd6299acd,https://api.mziq.com/mzfilemanager/v2/d/53207d1c-63b4-48f1-96b7-19869fae19fe/2709c3ee-463a-4f49-852e-9f73faf5b0ea?origin=2,vale_2017.pdf,42,"consolidated; all owned non-mineral PPE incl buildings; excludes mineral properties,ROU,CIP",sum owned non-mineral cost excluding land/CIP/ROU,extractions/notes_vale_petrobras/vale_owned_nonmineral_AD_Dep_2016_2025.csv,"Report labels stock accumulated depreciation; policy states non-mineral PPE straight-line, land not depreciated. Excludes separately identified mineral depletion and ROU charges. Reported cost is accounting basis after impairment treatment; not reconstructed historical original cost. Ratio is accounting stock/charge, not physical age."
Vale,2018,ppe_ad,93517.0,BRL millions,93517.0,BRL millions,1,526fe7037fef8b164f75,https://api.mziq.com/mzfilemanager/v2/d/53207d1c-63b4-48f1-96b7-19869fae19fe/9907537c-4211-4b50-91b1-2f80fdb10196?origin=2,vale_2018.pdf,47,"consolidated; all owned non-mineral PPE incl buildings; excludes mineral properties,ROU,CIP",reported total 125359 minus mineral 31842 minus ROU 0,extractions/notes_vale_petrobras/vale_owned_nonmineral_AD_Dep_2016_2025.csv,"Report labels stock accumulated depreciation; policy states non-mineral PPE straight-line, land not depreciated. Excludes separately identified mineral depletion and ROU charges. Reported cost is accounting basis after impairment treatment; not reconstructed historical original cost. Ratio is accounting stock/charge, not physical age."
Vale,2018,ppe_depreciation,9750.0,BRL millions,9750.0,BRL millions,1,526fe7037fef8b164f75,https://api.mziq.com/mzfilemanager/v2/d/53207d1c-63b4-48f1-96b7-19869fae19fe/9907537c-4211-4b50-91b1-2f80fdb10196?origin=2,vale_2018.pdf,47,"consolidated; all owned non-mineral PPE incl buildings; excludes mineral properties,ROU,CIP",reported PPE DDA total 11654 minus mineral 1904 minus ROU 0,extractions/notes_vale_petrobras/vale_owned_nonmineral_AD_Dep_2016_2025.csv,"Report labels stock accumulated depreciation; policy states non-mineral PPE straight-line, land not depreciated. Excludes separately identified mineral depletion and ROU charges. Reported cost is accounting basis after impairment treatment; not reconstructed historical original cost. Ratio is accounting stock/charge, not physical age."
Vale,2018,ppe_gross_depreciable,232488.0,BRL millions,232488.0,BRL millions,1,526fe7037fef8b164f75,https://api.mziq.com/mzfilemanager/v2/d/53207d1c-63b4-48f1-96b7-19869fae19fe/9907537c-4211-4b50-91b1-2f80fdb10196?origin=2,vale_2018.pdf,47,"consolidated; all owned non-mineral PPE incl buildings; excludes mineral properties,ROU,CIP",sum owned non-mineral cost excluding land/CIP/ROU,extractions/notes_vale_petrobras/vale_owned_nonmineral_AD_Dep_2016_2025.csv,"Report labels stock accumulated depreciation; policy states non-mineral PPE straight-line, land not depreciated. Excludes separately identified mineral depletion and ROU charges. Reported cost is accounting basis after impairment treatment; not reconstructed historical original cost. Ratio is accounting stock/charge, not physical age."
Vale,2019,ppe_ad,109518.0,BRL millions,109518.0,BRL millions,1,b1954e494484bb2af938,https://api.mziq.com/mzfilemanager/v2/d/53207d1c-63b4-48f1-96b7-19869fae19fe/84951752-d83d-41cd-b115-4fd7b738bae1?origin=2,vale_2019.pdf,49,"consolidated; all owned non-mineral PPE incl buildings; excludes mineral properties,ROU,CIP",reported total 148828 minus mineral 38552 minus ROU 758,extractions/notes_vale_petrobras/vale_owned_nonmineral_AD_Dep_2016_2025.csv,"Report labels stock accumulated depreciation; policy states non-mineral PPE straight-line, land not depreciated. Excludes separately identified mineral depletion and ROU charges. Reported cost is accounting basis after impairment treatment; not reconstructed historical original cost. Ratio is accounting stock/charge, not physical age."
Vale,2019,ppe_depreciation,10709.0,BRL millions,10709.0,BRL millions,1,b1954e494484bb2af938,https://api.mziq.com/mzfilemanager/v2/d/53207d1c-63b4-48f1-96b7-19869fae19fe/84951752-d83d-41cd-b115-4fd7b738bae1?origin=2,vale_2019.pdf,49,"consolidated; all owned non-mineral PPE incl buildings; excludes mineral properties,ROU,CIP",reported PPE DDA total 13845 minus mineral 2378 minus ROU 758,extractions/notes_vale_petrobras/vale_owned_nonmineral_AD_Dep_2016_2025.csv,"Report labels stock accumulated depreciation; policy states non-mineral PPE straight-line, land not depreciated. Excludes separately identified mineral depletion and ROU charges. Reported cost is accounting basis after impairment treatment; not reconstructed historical original cost. Ratio is accounting stock/charge, not physical age."
Vale,2019,ppe_gross_depreciable,236609.0,BRL millions,236609.0,BRL millions,1,b1954e494484bb2af938,https://api.mziq.com/mzfilemanager/v2/d/53207d1c-63b4-48f1-96b7-19869fae19fe/84951752-d83d-41cd-b115-4fd7b738bae1?origin=2,vale_2019.pdf,49,"consolidated; all owned non-mineral PPE incl buildings; excludes mineral properties,ROU,CIP",sum owned non-mineral cost excluding land/CIP/ROU,extractions/notes_vale_petrobras/vale_owned_nonmineral_AD_Dep_2016_2025.csv,"Report labels stock accumulated depreciation; policy states non-mineral PPE straight-line, land not depreciated. Excludes separately identified mineral depletion and ROU charges. Reported cost is accounting basis after impairment treatment; not reconstructed historical original cost. Ratio is accounting stock/charge, not physical age."
Vale,2020,ppe_ad,109745.0,BRL millions,109745.0,BRL millions,1,e56b89edcfc19c9d76d8,https://api.mziq.com/mzfilemanager/v2/d/53207d1c-63b4-48f1-96b7-19869fae19fe/bcfa1e1d-2d80-4546-82c8-80f74dee7977?origin=2,vale_2020.pdf,43,"consolidated; all owned non-mineral PPE incl buildings; excludes mineral properties,ROU,CIP",reported total 158703 minus mineral 46863 minus ROU 2095,extractions/notes_vale_petrobras/vale_owned_nonmineral_AD_Dep_2016_2025.csv,"Report labels stock accumulated depreciation; policy states non-mineral PPE straight-line, land not depreciated. Excludes separately identified mineral depletion and ROU charges. Reported cost is accounting basis after impairment treatment; not reconstructed historical original cost. Ratio is accounting stock/charge, not physical age."
Vale,2020,ppe_depreciation,10780.0,BRL millions,10780.0,BRL millions,1,e56b89edcfc19c9d76d8,https://api.mziq.com/mzfilemanager/v2/d/53207d1c-63b4-48f1-96b7-19869fae19fe/bcfa1e1d-2d80-4546-82c8-80f74dee7977?origin=2,vale_2020.pdf,43,"consolidated; all owned non-mineral PPE incl buildings; excludes mineral properties,ROU,CIP",reported PPE DDA total 13999 minus mineral 2344 minus ROU 875,extractions/notes_vale_petrobras/vale_owned_nonmineral_AD_Dep_2016_2025.csv,"Report labels stock accumulated depreciation; policy states non-mineral PPE straight-line, land not depreciated. Excludes separately identified mineral depletion and ROU charges. Reported cost is accounting basis after impairment treatment; not reconstructed historical original cost. Ratio is accounting stock/charge, not physical age."
Vale,2021,ppe_ad,120116.0,BRL millions,120116.0,BRL millions,1,a0b487f8226f29e33ce7,https://api.mziq.com/mzfilemanager/v2/d/53207d1c-63b4-48f1-96b7-19869fae19fe/cea5c27d-00e1-fa3b-a62c-57440b5bab0a?origin=2,vale_2021.pdf,46,"consolidated; all owned non-mineral PPE incl buildings; excludes mineral properties,ROU,CIP",reported total 174643 minus mineral 51866 minus ROU 2661,extractions/notes_vale_petrobras/vale_owned_nonmineral_AD_Dep_2016_2025.csv,"Report labels stock accumulated depreciation; policy states non-mineral PPE straight-line, land not depreciated. Excludes separately identified mineral depletion and ROU charges. Reported cost is accounting basis after impairment treatment; not reconstructed historical original cost. Ratio is accounting stock/charge, not physical age."
Vale,2021,ppe_depreciation,10829.0,BRL millions,10829.0,BRL millions,1,a0b487f8226f29e33ce7,https://api.mziq.com/mzfilemanager/v2/d/53207d1c-63b4-48f1-96b7-19869fae19fe/cea5c27d-00e1-fa3b-a62c-57440b5bab0a?origin=2,vale_2021.pdf,46,"consolidated; all owned non-mineral PPE incl buildings; excludes mineral properties,ROU,CIP",reported PPE DDA total 14212 minus mineral 2445 minus ROU 938,extractions/notes_vale_petrobras/vale_owned_nonmineral_AD_Dep_2016_2025.csv,"Report labels stock accumulated depreciation; policy states non-mineral PPE straight-line, land not depreciated. Excludes separately identified mineral depletion and ROU charges. Reported cost is accounting basis after impairment treatment; not reconstructed historical original cost. Ratio is accounting stock/charge, not physical age."
Vale,2022,ppe_ad,122327.0,BRL millions,122327.0,BRL millions,1,d58cf4eb090136cc3bdb,https://api.mziq.com/mzfilemanager/v2/d/53207d1c-63b4-48f1-96b7-19869fae19fe/1cd0e346-58b0-7345-49a9-0bafb9bb4e20?origin=2,vale_2022.pdf,52,"consolidated; all owned non-mineral PPE incl buildings; excludes mineral properties,ROU,CIP",reported total 174285 minus mineral 48490 minus ROU 3468,extractions/notes_vale_petrobras/vale_owned_nonmineral_AD_Dep_2016_2025.csv,"Report labels stock accumulated depreciation; policy states non-mineral PPE straight-line, land not depreciated. Excludes separately identified mineral depletion and ROU charges. Reported cost is accounting basis after impairment treatment; not reconstructed historical original cost. Ratio is accounting stock/charge, not physical age."
Vale,2022,ppe_depreciation,10564.0,BRL millions,10564.0,BRL millions,1,d58cf4eb090136cc3bdb,https://api.mziq.com/mzfilemanager/v2/d/53207d1c-63b4-48f1-96b7-19869fae19fe/1cd0e346-58b0-7345-49a9-0bafb9bb4e20?origin=2,vale_2022.pdf,52,"consolidated; all owned non-mineral PPE incl buildings; excludes mineral properties,ROU,CIP",reported PPE DDA total 13754 minus mineral 2239 minus ROU 951,extractions/notes_vale_petrobras/vale_owned_nonmineral_AD_Dep_2016_2025.csv,"Report labels stock accumulated depreciation; policy states non-mineral PPE straight-line, land not depreciated. Excludes separately identified mineral depletion and ROU charges. Reported cost is accounting basis after impairment treatment; not reconstructed historical original cost. Ratio is accounting stock/charge, not physical age."
Vale,2023,ppe_ad,113707.0,BRL millions,113707.0,BRL millions,1,13c34408710a5ad4025f,https://api.mziq.com/mzfilemanager/v2/d/53207d1c-63b4-48f1-96b7-19869fae19fe/17e39185-7be2-1938-06ff-65fcc417faf6?origin=2,vale_2023.pdf,54,"consolidated; all owned non-mineral PPE incl buildings; excludes mineral properties,ROU,CIP",reported total 160122 minus mineral 42304 minus ROU 4111,extractions/notes_vale_petrobras/vale_owned_nonmineral_AD_Dep_2016_2025.csv,"Report labels stock accumulated depreciation; policy states non-mineral PPE straight-line, land not depreciated. Excludes separately identified mineral depletion and ROU charges. Reported cost is accounting basis after impairment treatment; not reconstructed historical original cost. Ratio is accounting stock/charge, not physical age."
Vale,2023,ppe_depreciation,11011.0,BRL millions,11011.0,BRL millions,1,13c34408710a5ad4025f,https://api.mziq.com/mzfilemanager/v2/d/53207d1c-63b4-48f1-96b7-19869fae19fe/17e39185-7be2-1938-06ff-65fcc417faf6?origin=2,vale_2023.pdf,54,"consolidated; all owned non-mineral PPE incl buildings; excludes mineral properties,ROU,CIP",reported PPE DDA total 14196 minus mineral 2235 minus ROU 950,extractions/notes_vale_petrobras/vale_owned_nonmineral_AD_Dep_2016_2025.csv,"Report labels stock accumulated depreciation; policy states non-mineral PPE straight-line, land not depreciated. Excludes separately identified mineral depletion and ROU charges. Reported cost is accounting basis after impairment treatment; not reconstructed historical original cost. Ratio is accounting stock/charge, not physical age."
Vale,2024,ppe_ad,135441.0,BRL millions,135441.0,BRL millions,1,1ca035af2f79d08acd19,https://api.mziq.com/mzfilemanager/v2/d/53207d1c-63b4-48f1-96b7-19869fae19fe/2c40e129-b431-b356-e932-6db7b2d1728a?origin=2,vale_2024.pdf,56,"consolidated; all owned non-mineral PPE incl buildings; excludes mineral properties,ROU,CIP",reported total 190672 minus mineral 50578 minus ROU 4653,extractions/notes_vale_petrobras/vale_owned_nonmineral_AD_Dep_2016_2025.csv,"Report labels stock accumulated depreciation; policy states non-mineral PPE straight-line, land not depreciated. Excludes separately identified mineral depletion and ROU charges. Reported cost is accounting basis after impairment treatment; not reconstructed historical original cost. Ratio is accounting stock/charge, not physical age."
Vale,2024,ppe_depreciation,11586.0,BRL millions,11586.0,BRL millions,1,1ca035af2f79d08acd19,https://api.mziq.com/mzfilemanager/v2/d/53207d1c-63b4-48f1-96b7-19869fae19fe/2c40e129-b431-b356-e932-6db7b2d1728a?origin=2,vale_2024.pdf,56,"consolidated; all owned non-mineral PPE incl buildings; excludes mineral properties,ROU,CIP",reported PPE DDA total 15183 minus mineral 2578 minus ROU 1019,extractions/notes_vale_petrobras/vale_owned_nonmineral_AD_Dep_2016_2025.csv,"Report labels stock accumulated depreciation; policy states non-mineral PPE straight-line, land not depreciated. Excludes separately identified mineral depletion and ROU charges. Reported cost is accounting basis after impairment treatment; not reconstructed historical original cost. Ratio is accounting stock/charge, not physical age."
Vale,2025,ppe_ad,139662.0,BRL millions,139662.0,BRL millions,1,7436339edef524a0f29e,https://api.mziq.com/mzfilemanager/v2/d/53207d1c-63b4-48f1-96b7-19869fae19fe/218604da-30c7-43a2-cfb0-c392dc272c73?origin=2,vale_2025.pdf,35,"consolidated; all owned non-mineral PPE incl buildings; excludes mineral properties,ROU,CIP",reported total 204555 minus mineral 59673 minus ROU 5220,extractions/notes_vale_petrobras/vale_owned_nonmineral_AD_Dep_2016_2025.csv,"Report labels stock accumulated depreciation; policy states non-mineral PPE straight-line, land not depreciated. Excludes separately identified mineral depletion and ROU charges. Reported cost is accounting basis after impairment treatment; not reconstructed historical original cost. Ratio is accounting stock/charge, not physical age."
Vale,2025,ppe_depreciation,12844.0,BRL millions,12844.0,BRL millions,1,7436339edef524a0f29e,https://api.mziq.com/mzfilemanager/v2/d/53207d1c-63b4-48f1-96b7-19869fae19fe/218604da-30c7-43a2-cfb0-c392dc272c73?origin=2,vale_2025.pdf,35,"consolidated; all owned non-mineral PPE incl buildings; excludes mineral properties,ROU,CIP",reported PPE DDA total 16245 minus mineral 2627 minus ROU 774,extractions/notes_vale_petrobras/vale_owned_nonmineral_AD_Dep_2016_2025.csv,"Report labels stock accumulated depreciation; policy states non-mineral PPE straight-line, land not depreciated. Excludes separately identified mineral depletion and ROU charges. Reported cost is accounting basis after impairment treatment; not reconstructed historical original cost. Ratio is accounting stock/charge, not physical age."
Gerdau,2016,ppe_ad,24649.708,BRL millions,24649708,BRL thousands,0.001,64374360b799450cd93d,https://api.mziq.com/mzfilemanager/d/21e1d193-5cab-456d-8bb8-f00a49a43c1c/77969d2f-6e53-4f51-bcdc-6953dda9b6f1?origin=2,Gerdau_2016_DFP.pdf,53,consolidated,sum disclosed eligible classes; land/CIP/ROU excluded as documented,extractions/notes_industrials/Gerdau_aggregates_2016_2025.csv,LAND NOT SEPARABLE; annual charge combines depreciation and depletion; gross may be impairment-adjusted; separate ROU excluded; no exact depreciable aggregate or physical age/life;gross depreciable basis blank because land mixed
Gerdau,2017,ppe_ad,23496.575,BRL millions,23496575,BRL thousands,0.001,e64cddfbffd71742f521,https://api.mziq.com/mzfilemanager/d/21e1d193-5cab-456d-8bb8-f00a49a43c1c/bc16ecf2-8fba-480e-a745-e12dccc00094?origin=2,Gerdau_2017_DFP.pdf,53,consolidated,sum disclosed eligible classes; land/CIP/ROU excluded as documented,extractions/notes_industrials/Gerdau_aggregates_2016_2025.csv,LAND NOT SEPARABLE; annual charge combines depreciation and depletion; gross may be impairment-adjusted; separate ROU excluded; no exact depreciable aggregate or physical age/life;gross depreciable basis blank because land mixed
Gerdau,2018,ppe_ad,25525.705,BRL millions,25525705,BRL thousands,0.001,2752568fd3ff7652b513,https://api.mziq.com/mzfilemanager/d/21e1d193-5cab-456d-8bb8-f00a49a43c1c/c1cc5df7-7edc-4848-ae72-2e54af51c643?origin=2,Gerdau_2018_DFP.pdf,59,consolidated,sum disclosed eligible classes; land/CIP/ROU excluded as documented,extractions/notes_industrials/Gerdau_aggregates_2016_2025.csv,LAND NOT SEPARABLE; annual charge combines depreciation and depletion; gross may be impairment-adjusted; separate ROU excluded; no exact depreciable aggregate or physical age/life;gross depreciable basis blank because land mixed
Gerdau,2019,ppe_ad,27390.344,BRL millions,27390344,BRL thousands,0.001,22fd2a9130d8ced8a6c5,https://api.mziq.com/mzfilemanager/d/21e1d193-5cab-456d-8bb8-f00a49a43c1c/2ef4332d-5f08-4eb3-9299-94c35c969e40?origin=2,Gerdau_2019_DFP.pdf,46,consolidated,sum disclosed eligible classes; land/CIP/ROU excluded as documented,extractions/notes_industrials/Gerdau_aggregates_2016_2025.csv,LAND NOT SEPARABLE; annual charge combines depreciation and depletion; gross may be impairment-adjusted; separate ROU excluded; no exact depreciable aggregate or physical age/life;gross depreciable basis blank because land mixed
Gerdau,2020,ppe_ad,31842.295,BRL millions,31842295,BRL thousands,0.001,ab737c0ce5637c080514,https://api.mziq.com/mzfilemanager/v2/d/21e1d193-5cab-456d-8bb8-f00a49a43c1c/23e3eb80-27bd-cdaa-4525-10f55f55c4a7?origin=2,Gerdau_2020_DFP.pdf,64,consolidated,sum disclosed eligible classes; land/CIP/ROU excluded as documented,extractions/notes_industrials/Gerdau_aggregates_2016_2025.csv,LAND NOT SEPARABLE; annual charge combines depreciation and depletion; gross may be impairment-adjusted; separate ROU excluded; no exact depreciable aggregate or physical age/life;gross depreciable basis blank because land mixed
Gerdau,2021,ppe_ad,34168.146,BRL millions,34168146,BRL thousands,0.001,e1a1bd9aa78c7c24fd63,https://api.mziq.com/mzfilemanager/v2/d/21e1d193-5cab-456d-8bb8-f00a49a43c1c/4731decc-34f4-25ea-8c6b-792d7542f00b?origin=2,Gerdau_2021_DFP.pdf,64,consolidated,sum disclosed eligible classes; land/CIP/ROU excluded as documented,extractions/notes_industrials/Gerdau_aggregates_2016_2025.csv,LAND NOT SEPARABLE; annual charge combines depreciation and depletion; gross may be impairment-adjusted; separate ROU excluded; no exact depreciable aggregate or physical age/life;gross depreciable basis blank because land mixed
Gerdau,2022,ppe_ad,34757.647,BRL millions,34757647,BRL thousands,0.001,2576fbc00c3b472d3d9b,https://api.mziq.com/mzfilemanager/v2/d/21e1d193-5cab-456d-8bb8-f00a49a43c1c/eed51464-cc34-d6fc-2d06-b09b7b2abd27?origin=2,Gerdau_2022_DFP.pdf,64,consolidated,sum disclosed eligible classes; land/CIP/ROU excluded as documented,extractions/notes_industrials/Gerdau_aggregates_2016_2025.csv,LAND NOT SEPARABLE; annual charge combines depreciation and depletion; gross may be impairment-adjusted; separate ROU excluded; no exact depreciable aggregate or physical age/life;gross depreciable basis blank because land mixed
Gerdau,2023,ppe_ad,35378.901,BRL millions,35378901,BRL thousands,0.001,de30ee47f72956825982,https://api.mziq.com/mzfilemanager/v2/d/21e1d193-5cab-456d-8bb8-f00a49a43c1c/e7c3ac7f-d3f3-dec9-ffbf-158b789512e2?origin=2,Gerdau_2023_DFP.pdf,72,consolidated,sum disclosed eligible classes; land/CIP/ROU excluded as documented,extractions/notes_industrials/Gerdau_aggregates_2016_2025.csv,"LAND NOT SEPARABLE; annual charge combines depreciation and depletion; gross may be impairment-adjusted; separate ROU excluded; no exact depreciable aggregate or physical age/life;gross depreciable basis blank because land mixed; English20F calls matching flow Depreciation, but accounting policy includes mining depletion within land/buildings. Label alone does not prove pure depreciation. Retained only as separate consumption sensitivity; excluded from primary comparable adjustment."
Gerdau,2024,ppe_ad,42052.21,BRL millions,42052210,BRL thousands,0.001,11208329895aabb33734,https://api.mziq.com/mzfilemanager/v2/d/21e1d193-5cab-456d-8bb8-f00a49a43c1c/ef254a89-51fa-cebe-b5b1-5a2405e145dd?origin=2,Gerdau_2024_DFP.pdf,69,consolidated,sum disclosed eligible classes; land/CIP/ROU excluded as documented,extractions/notes_industrials/Gerdau_aggregates_2016_2025.csv,"LAND NOT SEPARABLE; annual charge combines depreciation and depletion; gross may be impairment-adjusted; separate ROU excluded; no exact depreciable aggregate or physical age/life;gross depreciable basis blank because land mixed; English20F calls matching flow Depreciation, but accounting policy includes mining depletion within land/buildings. Label alone does not prove pure depreciation. Retained only as separate consumption sensitivity; excluded from primary comparable adjustment."
Gerdau,2025,ppe_ad,42949.739,BRL millions,42949739,BRL thousands,0.001,0ae2405d23b9aa560036,https://api.mziq.com/mzfilemanager/v2/d/21e1d193-5cab-456d-8bb8-f00a49a43c1c/384d4d5a-11c3-2383-28e1-55287f8a1bcb?origin=2,Gerdau_2025_DFP.pdf,63,consolidated,sum disclosed eligible classes; land/CIP/ROU excluded as documented,extractions/notes_industrials/Gerdau_aggregates_2016_2025.csv,"LAND NOT SEPARABLE; annual charge combines depreciation and depletion; gross may be impairment-adjusted; separate ROU excluded; no exact depreciable aggregate or physical age/life;gross depreciable basis blank because land mixed; English20F calls matching flow Depreciation, but accounting policy includes mining depletion within land/buildings. Label alone does not prove pure depreciation. Retained only as separate consumption sensitivity; excluded from primary comparable adjustment."
CSN,2016,ppe_ad,9590.238,BRL millions,9590238,BRL thousands,0.001,50b789bd190c1a7e15c6,https://api.mziq.com/mzfilemanager/d/29633c00-23f7-4765-9594-926012179477/b93de9b4-aae0-4f2c-b7cb-3cf20c6c0de4?origin=2,CSN_2016_DFP.pdf,84,consolidated,sum disclosed eligible classes; land/CIP/ROU excluded as documented,extractions/notes_industrials/CSN_aggregates_2016_2025.csv,Accounting proxy only; no physical age/life or validated linear steady-state; impairments may reduce gross; pre2019 embedded finance-leased PPE not separately removable; 2020 source records458 depreciation in land column excluded here
CSN,2016,ppe_depreciation,1254.179,BRL millions,1254179,BRL thousands,0.001,50b789bd190c1a7e15c6,https://api.mziq.com/mzfilemanager/d/29633c00-23f7-4765-9594-926012179477/b93de9b4-aae0-4f2c-b7cb-3cf20c6c0de4?origin=2,CSN_2016_DFP.pdf,84,consolidated,sum disclosed eligible classes; land/CIP/ROU excluded as documented,extractions/notes_industrials/CSN_aggregates_2016_2025.csv,Accounting proxy only; no physical age/life or validated linear steady-state; impairments may reduce gross; pre2019 embedded finance-leased PPE not separately removable; 2020 source records458 depreciation in land column excluded here
CSN,2016,ppe_gross_depreciable,25200.624,BRL millions,25200624,BRL thousands,0.001,50b789bd190c1a7e15c6,https://api.mziq.com/mzfilemanager/d/29633c00-23f7-4765-9594-926012179477/b93de9b4-aae0-4f2c-b7cb-3cf20c6c0de4?origin=2,CSN_2016_DFP.pdf,84,consolidated,sum disclosed eligible classes; land/CIP/ROU excluded as documented,extractions/notes_industrials/CSN_aggregates_2016_2025.csv,Accounting proxy only; no physical age/life or validated linear steady-state; impairments may reduce gross; pre2019 embedded finance-leased PPE not separately removable; 2020 source records458 depreciation in land column excluded here
CSN,2017,ppe_ad,11118.375,BRL millions,11118375,BRL thousands,0.001,b1e6b40c584cff1f2455,https://api.mziq.com/mzfilemanager/d/29633c00-23f7-4765-9594-926012179477/90aaa7f2-2a70-4117-9980-b7113663dca4?origin=2,CSN_2017_DFP.pdf,66,consolidated,sum disclosed eligible classes; land/CIP/ROU excluded as documented,extractions/notes_industrials/CSN_aggregates_2016_2025.csv,Accounting proxy only; no physical age/life or validated linear steady-state; impairments may reduce gross; pre2019 embedded finance-leased PPE not separately removable; 2020 source records458 depreciation in land column excluded here
CSN,2017,ppe_depreciation,1380.193,BRL millions,1380193,BRL thousands,0.001,b1e6b40c584cff1f2455,https://api.mziq.com/mzfilemanager/d/29633c00-23f7-4765-9594-926012179477/90aaa7f2-2a70-4117-9980-b7113663dca4?origin=2,CSN_2017_DFP.pdf,66,consolidated,sum disclosed eligible classes; land/CIP/ROU excluded as documented,extractions/notes_industrials/CSN_aggregates_2016_2025.csv,Accounting proxy only; no physical age/life or validated linear steady-state; impairments may reduce gross; pre2019 embedded finance-leased PPE not separately removable; 2020 source records458 depreciation in land column excluded here
CSN,2017,ppe_gross_depreciable,26327.539,BRL millions,26327539,BRL thousands,0.001,b1e6b40c584cff1f2455,https://api.mziq.com/mzfilemanager/d/29633c00-23f7-4765-9594-926012179477/90aaa7f2-2a70-4117-9980-b7113663dca4?origin=2,CSN_2017_DFP.pdf,66,consolidated,sum disclosed eligible classes; land/CIP/ROU excluded as documented,extractions/notes_industrials/CSN_aggregates_2016_2025.csv,Accounting proxy only; no physical age/life or validated linear steady-state; impairments may reduce gross; pre2019 embedded finance-leased PPE not separately removable; 2020 source records458 depreciation in land column excluded here
CSN,2018,ppe_ad,12222.736,BRL millions,12222736,BRL thousands,0.001,9fd0a71a9b6836ad245e,https://api.mziq.com/mzfilemanager/d/29633c00-23f7-4765-9594-926012179477/d219ac74-9311-5565-733d-f3feb34e6d47?origin=2,CSN_2018_DFP.pdf,66,consolidated,sum disclosed eligible classes; land/CIP/ROU excluded as documented,extractions/notes_industrials/CSN_aggregates_2016_2025.csv,Accounting proxy only; no physical age/life or validated linear steady-state; impairments may reduce gross; pre2019 embedded finance-leased PPE not separately removable; 2020 source records458 depreciation in land column excluded here
CSN,2018,ppe_depreciation,1205.572,BRL millions,1205572,BRL thousands,0.001,9fd0a71a9b6836ad245e,https://api.mziq.com/mzfilemanager/d/29633c00-23f7-4765-9594-926012179477/d219ac74-9311-5565-733d-f3feb34e6d47?origin=2,CSN_2018_DFP.pdf,66,consolidated,sum disclosed eligible classes; land/CIP/ROU excluded as documented,extractions/notes_industrials/CSN_aggregates_2016_2025.csv,Accounting proxy only; no physical age/life or validated linear steady-state; impairments may reduce gross; pre2019 embedded finance-leased PPE not separately removable; 2020 source records458 depreciation in land column excluded here
CSN,2018,ppe_gross_depreciable,26699.31,BRL millions,26699310,BRL thousands,0.001,9fd0a71a9b6836ad245e,https://api.mziq.com/mzfilemanager/d/29633c00-23f7-4765-9594-926012179477/d219ac74-9311-5565-733d-f3feb34e6d47?origin=2,CSN_2018_DFP.pdf,66,consolidated,sum disclosed eligible classes; land/CIP/ROU excluded as documented,extractions/notes_industrials/CSN_aggregates_2016_2025.csv,Accounting proxy only; no physical age/life or validated linear steady-state; impairments may reduce gross; pre2019 embedded finance-leased PPE not separately removable; 2020 source records458 depreciation in land column excluded here
CSN,2019,ppe_ad,13394.76,BRL millions,13394760,BRL thousands,0.001,e45f4ca4338327122bbd,https://api.mziq.com/mzfilemanager/d/29633c00-23f7-4765-9594-926012179477/704f07a5-a825-0467-6711-3371d3ab3a76?origin=2,CSN_2019_DFP.pdf,67,consolidated,sum disclosed eligible classes; land/CIP/ROU excluded as documented,extractions/notes_industrials/CSN_aggregates_2016_2025.csv,Accounting proxy only; no physical age/life or validated linear steady-state; impairments may reduce gross; pre2019 embedded finance-leased PPE not separately removable; 2020 source records458 depreciation in land column excluded here
CSN,2019,ppe_depreciation,1407.376,BRL millions,1407376,BRL thousands,0.001,e45f4ca4338327122bbd,https://api.mziq.com/mzfilemanager/d/29633c00-23f7-4765-9594-926012179477/704f07a5-a825-0467-6711-3371d3ab3a76?origin=2,CSN_2019_DFP.pdf,67,consolidated,sum disclosed eligible classes; land/CIP/ROU excluded as documented,extractions/notes_industrials/CSN_aggregates_2016_2025.csv,Accounting proxy only; no physical age/life or validated linear steady-state; impairments may reduce gross; pre2019 embedded finance-leased PPE not separately removable; 2020 source records458 depreciation in land column excluded here
CSN,2019,ppe_gross_depreciable,29179.358,BRL millions,29179358,BRL thousands,0.001,e45f4ca4338327122bbd,https://api.mziq.com/mzfilemanager/d/29633c00-23f7-4765-9594-926012179477/704f07a5-a825-0467-6711-3371d3ab3a76?origin=2,CSN_2019_DFP.pdf,67,consolidated,sum disclosed eligible classes; land/CIP/ROU excluded as documented,extractions/notes_industrials/CSN_aggregates_2016_2025.csv,Accounting proxy only; no physical age/life or validated linear steady-state; impairments may reduce gross; pre2019 embedded finance-leased PPE not separately removable; 2020 source records458 depreciation in land column excluded here
CSN,2020,ppe_ad,16301.769,BRL millions,16301769,BRL thousands,0.001,a56f060b3f8efe1a10a6,https://api.mziq.com/mzfilemanager/v2/d/29633c00-23f7-4765-9594-926012179477/009e737f-3b3d-c178-98ab-d445435202c5?origin=2,CSN_2020_DFP.pdf,83,consolidated,sum disclosed eligible classes; land/CIP/ROU excluded as documented,extractions/notes_industrials/CSN_aggregates_2016_2025.csv,Accounting proxy only; no physical age/life or validated linear steady-state; impairments may reduce gross; pre2019 embedded finance-leased PPE not separately removable; 2020 source records458 depreciation in land column excluded here
CSN,2020,ppe_depreciation,2376.184,BRL millions,2376184,BRL thousands,0.001,a56f060b3f8efe1a10a6,https://api.mziq.com/mzfilemanager/v2/d/29633c00-23f7-4765-9594-926012179477/009e737f-3b3d-c178-98ab-d445435202c5?origin=2,CSN_2020_DFP.pdf,83,consolidated,sum disclosed eligible classes; land/CIP/ROU excluded as documented,extractions/notes_industrials/CSN_aggregates_2016_2025.csv,Accounting proxy only; no physical age/life or validated linear steady-state; impairments may reduce gross; pre2019 embedded finance-leased PPE not separately removable; 2020 source records458 depreciation in land column excluded here
CSN,2020,ppe_gross_depreciable,31563.316,BRL millions,31563316,BRL thousands,0.001,a56f060b3f8efe1a10a6,https://api.mziq.com/mzfilemanager/v2/d/29633c00-23f7-4765-9594-926012179477/009e737f-3b3d-c178-98ab-d445435202c5?origin=2,CSN_2020_DFP.pdf,83,consolidated,sum disclosed eligible classes; land/CIP/ROU excluded as documented,extractions/notes_industrials/CSN_aggregates_2016_2025.csv,Accounting proxy only; no physical age/life or validated linear steady-state; impairments may reduce gross; pre2019 embedded finance-leased PPE not separately removable; 2020 source records458 depreciation in land column excluded here
CSN,2021,ppe_ad,18387.02,BRL millions,18387020,BRL thousands,0.001,f57e38ff87fb79a568c6,https://api.mziq.com/mzfilemanager/v2/d/29633c00-23f7-4765-9594-926012179477/c5874afe-e181-f6df-c2f3-666986ce69a6?origin=2,CSN_2021_DFP.pdf,96,consolidated,sum disclosed eligible classes; land/CIP/ROU excluded as documented,extractions/notes_industrials/CSN_aggregates_2016_2025.csv,Accounting proxy only; no physical age/life or validated linear steady-state; impairments may reduce gross; pre2019 embedded finance-leased PPE not separately removable; 2020 source records458 depreciation in land column excluded here
CSN,2021,ppe_depreciation,2044.589,BRL millions,2044589,BRL thousands,0.001,f57e38ff87fb79a568c6,https://api.mziq.com/mzfilemanager/v2/d/29633c00-23f7-4765-9594-926012179477/c5874afe-e181-f6df-c2f3-666986ce69a6?origin=2,CSN_2021_DFP.pdf,96,consolidated,sum disclosed eligible classes; land/CIP/ROU excluded as documented,extractions/notes_industrials/CSN_aggregates_2016_2025.csv,Accounting proxy only; no physical age/life or validated linear steady-state; impairments may reduce gross; pre2019 embedded finance-leased PPE not separately removable; 2020 source records458 depreciation in land column excluded here
CSN,2021,ppe_gross_depreciable,35343.153,BRL millions,35343153,BRL thousands,0.001,f57e38ff87fb79a568c6,https://api.mziq.com/mzfilemanager/v2/d/29633c00-23f7-4765-9594-926012179477/c5874afe-e181-f6df-c2f3-666986ce69a6?origin=2,CSN_2021_DFP.pdf,96,consolidated,sum disclosed eligible classes; land/CIP/ROU excluded as documented,extractions/notes_industrials/CSN_aggregates_2016_2025.csv,Accounting proxy only; no physical age/life or validated linear steady-state; impairments may reduce gross; pre2019 embedded finance-leased PPE not separately removable; 2020 source records458 depreciation in land column excluded here
CSN,2022,ppe_ad,24828.556,BRL millions,24828556,BRL thousands,0.001,30e420f0e760e491713d,https://api.mziq.com/mzfilemanager/v2/d/29633c00-23f7-4765-9594-926012179477/dfd0e81e-8f20-49fb-5a2f-4309cb1e86a1?origin=2,CSN_2022_DFP.pdf,110,consolidated,sum disclosed eligible classes; land/CIP/ROU excluded as documented,extractions/notes_industrials/CSN_aggregates_2016_2025.csv,Accounting proxy only; no physical age/life or validated linear steady-state; impairments may reduce gross; pre2019 embedded finance-leased PPE not separately removable; 2020 source records458 depreciation in land column excluded here
CSN,2022,ppe_depreciation,2615.319,BRL millions,2615319,BRL thousands,0.001,30e420f0e760e491713d,https://api.mziq.com/mzfilemanager/v2/d/29633c00-23f7-4765-9594-926012179477/dfd0e81e-8f20-49fb-5a2f-4309cb1e86a1?origin=2,CSN_2022_DFP.pdf,110,consolidated,sum disclosed eligible classes; land/CIP/ROU excluded as documented,extractions/notes_industrials/CSN_aggregates_2016_2025.csv,Accounting proxy only; no physical age/life or validated linear steady-state; impairments may reduce gross; pre2019 embedded finance-leased PPE not separately removable; 2020 source records458 depreciation in land column excluded here
CSN,2022,ppe_gross_depreciable,46043.464,BRL millions,46043464,BRL thousands,0.001,30e420f0e760e491713d,https://api.mziq.com/mzfilemanager/v2/d/29633c00-23f7-4765-9594-926012179477/dfd0e81e-8f20-49fb-5a2f-4309cb1e86a1?origin=2,CSN_2022_DFP.pdf,110,consolidated,sum disclosed eligible classes; land/CIP/ROU excluded as documented,extractions/notes_industrials/CSN_aggregates_2016_2025.csv,Accounting proxy only; no physical age/life or validated linear steady-state; impairments may reduce gross; pre2019 embedded finance-leased PPE not separately removable; 2020 source records458 depreciation in land column excluded here
CSN,2023,ppe_ad,27564.367,BRL millions,27564367,BRL thousands,0.001,2a10363fd91ecd873441,https://api.mziq.com/mzfilemanager/v2/d/29633c00-23f7-4765-9594-926012179477/1271455a-57ba-7be2-ebae-f102efa70010?origin=2,CSN_2023_DFP.pdf,91,consolidated,sum disclosed eligible classes; land/CIP/ROU excluded as documented,extractions/notes_industrials/CSN_aggregates_2016_2025.csv,Accounting proxy only; no physical age/life or validated linear steady-state; impairments may reduce gross; pre2019 embedded finance-leased PPE not separately removable; 2020 source records458 depreciation in land column excluded here
CSN,2023,ppe_depreciation,2962.287,BRL millions,2962287,BRL thousands,0.001,2a10363fd91ecd873441,https://api.mziq.com/mzfilemanager/v2/d/29633c00-23f7-4765-9594-926012179477/1271455a-57ba-7be2-ebae-f102efa70010?origin=2,CSN_2023_DFP.pdf,91,consolidated,sum disclosed eligible classes; land/CIP/ROU excluded as documented,extractions/notes_industrials/CSN_aggregates_2016_2025.csv,Accounting proxy only; no physical age/life or validated linear steady-state; impairments may reduce gross; pre2019 embedded finance-leased PPE not separately removable; 2020 source records458 depreciation in land column excluded here
CSN,2023,ppe_gross_depreciable,49866.602,BRL millions,49866602,BRL thousands,0.001,2a10363fd91ecd873441,https://api.mziq.com/mzfilemanager/v2/d/29633c00-23f7-4765-9594-926012179477/1271455a-57ba-7be2-ebae-f102efa70010?origin=2,CSN_2023_DFP.pdf,91,consolidated,sum disclosed eligible classes; land/CIP/ROU excluded as documented,extractions/notes_industrials/CSN_aggregates_2016_2025.csv,Accounting proxy only; no physical age/life or validated linear steady-state; impairments may reduce gross; pre2019 embedded finance-leased PPE not separately removable; 2020 source records458 depreciation in land column excluded here
CSN,2024,ppe_ad,30874.101,BRL millions,30874101,BRL thousands,0.001,55c839136abbaf924340,https://api.mziq.com/mzfilemanager/v2/d/29633c00-23f7-4765-9594-926012179477/ffec04ca-09b8-63d6-cb84-2eda6519666a?origin=2,CSN_2024_DFP.pdf,80,consolidated,sum disclosed eligible classes; land/CIP/ROU excluded as documented,extractions/notes_industrials/CSN_aggregates_2016_2025.csv,Accounting proxy only; no physical age/life or validated linear steady-state; impairments may reduce gross; pre2019 embedded finance-leased PPE not separately removable; 2020 source records458 depreciation in land column excluded here
CSN,2024,ppe_depreciation,3337.847,BRL millions,3337847,BRL thousands,0.001,55c839136abbaf924340,https://api.mziq.com/mzfilemanager/v2/d/29633c00-23f7-4765-9594-926012179477/ffec04ca-09b8-63d6-cb84-2eda6519666a?origin=2,CSN_2024_DFP.pdf,80,consolidated,sum disclosed eligible classes; land/CIP/ROU excluded as documented,extractions/notes_industrials/CSN_aggregates_2016_2025.csv,Accounting proxy only; no physical age/life or validated linear steady-state; impairments may reduce gross; pre2019 embedded finance-leased PPE not separately removable; 2020 source records458 depreciation in land column excluded here
CSN,2024,ppe_gross_depreciable,54069.258,BRL millions,54069258,BRL thousands,0.001,55c839136abbaf924340,https://api.mziq.com/mzfilemanager/v2/d/29633c00-23f7-4765-9594-926012179477/ffec04ca-09b8-63d6-cb84-2eda6519666a?origin=2,CSN_2024_DFP.pdf,80,consolidated,sum disclosed eligible classes; land/CIP/ROU excluded as documented,extractions/notes_industrials/CSN_aggregates_2016_2025.csv,Accounting proxy only; no physical age/life or validated linear steady-state; impairments may reduce gross; pre2019 embedded finance-leased PPE not separately removable; 2020 source records458 depreciation in land column excluded here
CSN,2025,ppe_ad,31343.069,BRL millions,31343069,BRL thousands,0.001,f25fc9c7f80d54c42291,https://api.mziq.com/mzfilemanager/v2/d/29633c00-23f7-4765-9594-926012179477/3f0ddc2a-7477-3254-4053-4b83526f457e?origin=2,CSN_2025_DFP.pdf,92,consolidated,sum disclosed eligible classes; land/CIP/ROU excluded as documented,extractions/notes_industrials/CSN_aggregates_2016_2025.csv,Accounting proxy only; no physical age/life or validated linear steady-state; impairments may reduce gross; pre2019 embedded finance-leased PPE not separately removable; 2020 source records458 depreciation in land column excluded here
CSN,2025,ppe_depreciation,3672.315,BRL millions,3672315,BRL thousands,0.001,f25fc9c7f80d54c42291,https://api.mziq.com/mzfilemanager/v2/d/29633c00-23f7-4765-9594-926012179477/3f0ddc2a-7477-3254-4053-4b83526f457e?origin=2,CSN_2025_DFP.pdf,92,consolidated,sum disclosed eligible classes; land/CIP/ROU excluded as documented,extractions/notes_industrials/CSN_aggregates_2016_2025.csv,Accounting proxy only; no physical age/life or validated linear steady-state; impairments may reduce gross; pre2019 embedded finance-leased PPE not separately removable; 2020 source records458 depreciation in land column excluded here
CSN,2025,ppe_gross_depreciable,55726.74,BRL millions,55726740,BRL thousands,0.001,f25fc9c7f80d54c42291,https://api.mziq.com/mzfilemanager/v2/d/29633c00-23f7-4765-9594-926012179477/3f0ddc2a-7477-3254-4053-4b83526f457e?origin=2,CSN_2025_DFP.pdf,92,consolidated,sum disclosed eligible classes; land/CIP/ROU excluded as documented,extractions/notes_industrials/CSN_aggregates_2016_2025.csv,Accounting proxy only; no physical age/life or validated linear steady-state; impairments may reduce gross; pre2019 embedded finance-leased PPE not separately removable; 2020 source records458 depreciation in land column excluded here
Suzano,2016,ppe_ad,6852.495,BRL millions,6852495,BRL thousands,0.001,b75e87de9217304bc24d,https://s201.q4cdn.com/761980458/files/doc_financials/2016/q4/Suzano-Papel-DFP-2016_English-Version.pdf,Suzano_2016_tenq.pdf,74,consolidated,sum disclosed eligible classes; land/CIP/ROU excluded as documented,extractions/notes_industrials/Suzano_aggregates_2016_2025.csv,Own-year consolidated PPE note15; no physical age/life claim; separate biological depletion and ROU excluded; machinery includes finance-leased PPE; impairment192538 reduced landgross
Suzano,2016,ppe_depreciation,795.353,BRL millions,795353,BRL thousands,0.001,b75e87de9217304bc24d,https://s201.q4cdn.com/761980458/files/doc_financials/2016/q4/Suzano-Papel-DFP-2016_English-Version.pdf,Suzano_2016_tenq.pdf,74,consolidated,sum disclosed eligible classes; land/CIP/ROU excluded as documented,extractions/notes_industrials/Suzano_aggregates_2016_2025.csv,Own-year consolidated PPE note15; no physical age/life claim; separate biological depletion and ROU excluded; machinery includes finance-leased PPE; impairment192538 reduced landgross
Suzano,2016,ppe_gross_depreciable,18328.528,BRL millions,18328528,BRL thousands,0.001,b75e87de9217304bc24d,https://s201.q4cdn.com/761980458/files/doc_financials/2016/q4/Suzano-Papel-DFP-2016_English-Version.pdf,Suzano_2016_tenq.pdf,74,consolidated,sum disclosed eligible classes; land/CIP/ROU excluded as documented,extractions/notes_industrials/Suzano_aggregates_2016_2025.csv,Own-year consolidated PPE note15; no physical age/life claim; separate biological depletion and ROU excluded; machinery includes finance-leased PPE; impairment192538 reduced landgross
Suzano,2017,ppe_ad,7571.498,BRL millions,7571498,BRL thousands,0.001,9900a2940e4fa48f2b0e,https://s201.q4cdn.com/761980458/files/doc_financials/2017/q4/Financial-Statement_Suzano-2017.pdf,Suzano_2017_tenq.pdf,68,consolidated,sum disclosed eligible classes; land/CIP/ROU excluded as documented,extractions/notes_industrials/Suzano_aggregates_2016_2025.csv,Own-year consolidated PPE note15; no physical age/life claim; separate biological depletion and ROU excluded; machinery includes finance-leased PPE
Suzano,2017,ppe_depreciation,799.856,BRL millions,799856,BRL thousands,0.001,9900a2940e4fa48f2b0e,https://s201.q4cdn.com/761980458/files/doc_financials/2017/q4/Financial-Statement_Suzano-2017.pdf,Suzano_2017_tenq.pdf,68,consolidated,sum disclosed eligible classes; land/CIP/ROU excluded as documented,extractions/notes_industrials/Suzano_aggregates_2016_2025.csv,Own-year consolidated PPE note15; no physical age/life claim; separate biological depletion and ROU excluded; machinery includes finance-leased PPE
Suzano,2017,ppe_gross_depreciable,18950.399,BRL millions,18950399,BRL thousands,0.001,9900a2940e4fa48f2b0e,https://s201.q4cdn.com/761980458/files/doc_financials/2017/q4/Financial-Statement_Suzano-2017.pdf,Suzano_2017_tenq.pdf,68,consolidated,sum disclosed eligible classes; land/CIP/ROU excluded as documented,extractions/notes_industrials/Suzano_aggregates_2016_2025.csv,Own-year consolidated PPE note15; no physical age/life claim; separate biological depletion and ROU excluded; machinery includes finance-leased PPE
Suzano,2018,ppe_ad,8382.254,BRL millions,8382254,BRL thousands,0.001,ad3cbcd7e278d444cb05,https://s201.q4cdn.com/761980458/files/doc_financials/2018/q4/668310.pdf,Suzano_2018_tenq.pdf,84,consolidated,sum disclosed eligible classes; land/CIP/ROU excluded as documented,extractions/notes_industrials/Suzano_aggregates_2016_2025.csv,Own-year consolidated PPE note15; no physical age/life claim; separate biological depletion and ROU excluded; machinery includes finance-leased PPE;PPAaddedvalue remains separate depreciable class and dep4178 included; gross/net source total rounding2thousand
Suzano,2018,ppe_depreciation,872.92,BRL millions,872920,BRL thousands,0.001,ad3cbcd7e278d444cb05,https://s201.q4cdn.com/761980458/files/doc_financials/2018/q4/668310.pdf,Suzano_2018_tenq.pdf,84,consolidated,sum disclosed eligible classes; land/CIP/ROU excluded as documented,extractions/notes_industrials/Suzano_aggregates_2016_2025.csv,Own-year consolidated PPE note15; no physical age/life claim; separate biological depletion and ROU excluded; machinery includes finance-leased PPE;PPAaddedvalue remains separate depreciable class and dep4178 included; gross/net source total rounding2thousand
Suzano,2018,ppe_gross_depreciable,19854.143,BRL millions,19854143,BRL thousands,0.001,ad3cbcd7e278d444cb05,https://s201.q4cdn.com/761980458/files/doc_financials/2018/q4/668310.pdf,Suzano_2018_tenq.pdf,84,consolidated,sum disclosed eligible classes; land/CIP/ROU excluded as documented,extractions/notes_industrials/Suzano_aggregates_2016_2025.csv,Own-year consolidated PPE note15; no physical age/life claim; separate biological depletion and ROU excluded; machinery includes finance-leased PPE;PPAaddedvalue remains separate depreciable class and dep4178 included; gross/net source total rounding2thousand
Suzano,2019,ppe_ad,22392.022,BRL millions,22392022,BRL thousands,0.001,6b887beeb013f08915c9,https://s201.q4cdn.com/761980458/files/doc_financials/2019/q4/2019-12-DFP2019-EN_SEC_12.02.20_V6-(FINAL)-Clean-(com-relatrio-e-parecer).pdf,Suzano_2019_tenq.pdf,71,consolidated,sum disclosed eligible classes; land/CIP/ROU excluded as documented,extractions/notes_industrials/Suzano_aggregates_2016_2025.csv,Own-year consolidated PPE note15; no physical age/life claim; separate biological depletion and ROU excluded;ANNUAL CHARGE INCOMPLETE: depsection Additions2470251 plus PPAFibria additions624327 and FVFacepa12318/FVIbema593 separately; cannot label2470251 complete annualPPEdepreciation;strict annual depreciation left blank; disclosed base charge2470251 not full annualPPEcharge
Suzano,2019,ppe_gross_depreciable,52221.692,BRL millions,52221692,BRL thousands,0.001,6b887beeb013f08915c9,https://s201.q4cdn.com/761980458/files/doc_financials/2019/q4/2019-12-DFP2019-EN_SEC_12.02.20_V6-(FINAL)-Clean-(com-relatrio-e-parecer).pdf,Suzano_2019_tenq.pdf,71,consolidated,sum disclosed eligible classes; land/CIP/ROU excluded as documented,extractions/notes_industrials/Suzano_aggregates_2016_2025.csv,Own-year consolidated PPE note15; no physical age/life claim; separate biological depletion and ROU excluded;ANNUAL CHARGE INCOMPLETE: depsection Additions2470251 plus PPAFibria additions624327 and FVFacepa12318/FVIbema593 separately; cannot label2470251 complete annualPPEdepreciation;strict annual depreciation left blank; disclosed base charge2470251 not full annualPPEcharge
Suzano,2020,ppe_ad,25086.023,BRL millions,25086023,BRL thousands,0.001,9d8e69ce0510cf9cd349,https://s201.q4cdn.com/761980458/files/doc_financials/2020/q4/2020-12-DFP2020-EN_09.02.2021_V8_FINAL_DF-RA-Release.pdf,Suzano_2020_tenq.pdf,68,consolidated,sum disclosed eligible classes; land/CIP/ROU excluded as documented,extractions/notes_industrials/Suzano_aggregates_2016_2025.csv,Own-year consolidated PPE note15; no physical age/life claim; separate biological depletion and ROU excluded
Suzano,2020,ppe_depreciation,2792.457,BRL millions,2792457,BRL thousands,0.001,9d8e69ce0510cf9cd349,https://s201.q4cdn.com/761980458/files/doc_financials/2020/q4/2020-12-DFP2020-EN_09.02.2021_V8_FINAL_DF-RA-Release.pdf,Suzano_2020_tenq.pdf,68,consolidated,sum disclosed eligible classes; land/CIP/ROU excluded as documented,extractions/notes_industrials/Suzano_aggregates_2016_2025.csv,Own-year consolidated PPE note15; no physical age/life claim; separate biological depletion and ROU excluded
Suzano,2020,ppe_gross_depreciable,53447.224,BRL millions,53447224,BRL thousands,0.001,9d8e69ce0510cf9cd349,https://s201.q4cdn.com/761980458/files/doc_financials/2020/q4/2020-12-DFP2020-EN_09.02.2021_V8_FINAL_DF-RA-Release.pdf,Suzano_2020_tenq.pdf,68,consolidated,sum disclosed eligible classes; land/CIP/ROU excluded as documented,extractions/notes_industrials/Suzano_aggregates_2016_2025.csv,Own-year consolidated PPE note15; no physical age/life claim; separate biological depletion and ROU excluded
Suzano,2021,ppe_ad,27695.365,BRL millions,27695365,BRL thousands,0.001,f7cba92f9f53995cfdb1,https://s201.q4cdn.com/761980458/files/doc_financials/2021/q4/2021-12-DFP2021-EN_09.02.2022_FINAL_MR_ER.pdf,Suzano_2021_tenq.pdf,68,consolidated,sum disclosed eligible classes; land/CIP/ROU excluded as documented,extractions/notes_industrials/Suzano_aggregates_2016_2025.csv,Own-year consolidated PPE note15; no physical age/life claim; separate biological depletion and ROU excluded
Suzano,2021,ppe_depreciation,2808.671,BRL millions,2808671,BRL thousands,0.001,f7cba92f9f53995cfdb1,https://s201.q4cdn.com/761980458/files/doc_financials/2021/q4/2021-12-DFP2021-EN_09.02.2022_FINAL_MR_ER.pdf,Suzano_2021_tenq.pdf,68,consolidated,sum disclosed eligible classes; land/CIP/ROU excluded as documented,extractions/notes_industrials/Suzano_aggregates_2016_2025.csv,Own-year consolidated PPE note15; no physical age/life claim; separate biological depletion and ROU excluded
Suzano,2021,ppe_gross_depreciable,54470.051,BRL millions,54470051,BRL thousands,0.001,f7cba92f9f53995cfdb1,https://s201.q4cdn.com/761980458/files/doc_financials/2021/q4/2021-12-DFP2021-EN_09.02.2022_FINAL_MR_ER.pdf,Suzano_2021_tenq.pdf,68,consolidated,sum disclosed eligible classes; land/CIP/ROU excluded as documented,extractions/notes_industrials/Suzano_aggregates_2016_2025.csv,Own-year consolidated PPE note15; no physical age/life claim; separate biological depletion and ROU excluded
Suzano,2022,ppe_ad,30289.493,BRL millions,30289493,BRL thousands,0.001,eb1b8758c2b3cfc1782d,https://s201.q4cdn.com/761980458/files/doc_news/2023/02/4Q22/2022-12-DFP-EN.pdf,Suzano_2022_tenq.pdf,61,consolidated,sum disclosed eligible classes; land/CIP/ROU excluded as documented,extractions/notes_industrials/Suzano_aggregates_2016_2025.csv,Own-year consolidated PPE note15; no physical age/life claim; separate biological depletion and ROU excluded
Suzano,2022,ppe_depreciation,2802.056,BRL millions,2802056,BRL thousands,0.001,eb1b8758c2b3cfc1782d,https://s201.q4cdn.com/761980458/files/doc_news/2023/02/4Q22/2022-12-DFP-EN.pdf,Suzano_2022_tenq.pdf,61,consolidated,sum disclosed eligible classes; land/CIP/ROU excluded as documented,extractions/notes_industrials/Suzano_aggregates_2016_2025.csv,Own-year consolidated PPE note15; no physical age/life claim; separate biological depletion and ROU excluded
Suzano,2022,ppe_gross_depreciable,56086.568,BRL millions,56086568,BRL thousands,0.001,eb1b8758c2b3cfc1782d,https://s201.q4cdn.com/761980458/files/doc_news/2023/02/4Q22/2022-12-DFP-EN.pdf,Suzano_2022_tenq.pdf,61,consolidated,sum disclosed eligible classes; land/CIP/ROU excluded as documented,extractions/notes_industrials/Suzano_aggregates_2016_2025.csv,Own-year consolidated PPE note15; no physical age/life claim; separate biological depletion and ROU excluded
Suzano,2023,ppe_ad,33035.746,BRL millions,33035746,BRL thousands,0.001,6c2a965a0293c779acc8,https://s201.q4cdn.com/761980458/files/doc_news/2024/02/4t23/2023-12-DFP-Suzano-EN_assinado.pdf,Suzano_2023_tenq.pdf,62,consolidated,sum disclosed eligible classes; land/CIP/ROU excluded as documented,extractions/notes_industrials/Suzano_aggregates_2016_2025.csv,Own-year consolidated PPE note15; no physical age/life claim; separate biological depletion and ROU excluded
Suzano,2023,ppe_depreciation,3029.13,BRL millions,3029130,BRL thousands,0.001,6c2a965a0293c779acc8,https://s201.q4cdn.com/761980458/files/doc_news/2024/02/4t23/2023-12-DFP-Suzano-EN_assinado.pdf,Suzano_2023_tenq.pdf,62,consolidated,sum disclosed eligible classes; land/CIP/ROU excluded as documented,extractions/notes_industrials/Suzano_aggregates_2016_2025.csv,Own-year consolidated PPE note15; no physical age/life claim; separate biological depletion and ROU excluded
Suzano,2023,ppe_gross_depreciable,59980.517,BRL millions,59980517,BRL thousands,0.001,6c2a965a0293c779acc8,https://s201.q4cdn.com/761980458/files/doc_news/2024/02/4t23/2023-12-DFP-Suzano-EN_assinado.pdf,Suzano_2023_tenq.pdf,62,consolidated,sum disclosed eligible classes; land/CIP/ROU excluded as documented,extractions/notes_industrials/Suzano_aggregates_2016_2025.csv,Own-year consolidated PPE note15; no physical age/life claim; separate biological depletion and ROU excluded
Suzano,2024,ppe_ad,33745.162,BRL millions,33745162,BRL thousands,0.001,34f443aab93421a580ce,https://s201.q4cdn.com/761980458/files/doc_news/2025/02/4T24/2024-12-DFP-Suzano-EN.pdf,Suzano_2024_tenq.pdf,65,consolidated,sum disclosed eligible classes; land/CIP/ROU excluded as documented,extractions/notes_industrials/Suzano_aggregates_2016_2025.csv,Own-year consolidated PPE note15; no physical age/life claim; separate biological depletion and ROU excluded
Suzano,2024,ppe_depreciation,3803.941,BRL millions,3803941,BRL thousands,0.001,34f443aab93421a580ce,https://s201.q4cdn.com/761980458/files/doc_news/2025/02/4T24/2024-12-DFP-Suzano-EN.pdf,Suzano_2024_tenq.pdf,65,consolidated,sum disclosed eligible classes; land/CIP/ROU excluded as documented,extractions/notes_industrials/Suzano_aggregates_2016_2025.csv,Own-year consolidated PPE note15; no physical age/life claim; separate biological depletion and ROU excluded
Suzano,2024,ppe_gross_depreciable,78445.319,BRL millions,78445319,BRL thousands,0.001,34f443aab93421a580ce,https://s201.q4cdn.com/761980458/files/doc_news/2025/02/4T24/2024-12-DFP-Suzano-EN.pdf,Suzano_2024_tenq.pdf,65,consolidated,sum disclosed eligible classes; land/CIP/ROU excluded as documented,extractions/notes_industrials/Suzano_aggregates_2016_2025.csv,Own-year consolidated PPE note15; no physical age/life claim; separate biological depletion and ROU excluded
Suzano,2025,ppe_ad,37961.232,BRL millions,37961232,BRL thousands,0.001,71c47f807d86d22715ef,https://s201.q4cdn.com/761980458/files/doc_news/2026/02/DF/2025-12-DFP-Suzano-EN.pdf,Suzano_2025_tenq.pdf,125,consolidated,sum disclosed eligible classes; land/CIP/ROU excluded as documented,extractions/notes_industrials/Suzano_aggregates_2016_2025.csv,Own-year consolidated PPE note15; no physical age/life claim; separate biological depletion and ROU excluded
Suzano,2025,ppe_depreciation,4845.176,BRL millions,4845176,BRL thousands,0.001,71c47f807d86d22715ef,https://s201.q4cdn.com/761980458/files/doc_news/2026/02/DF/2025-12-DFP-Suzano-EN.pdf,Suzano_2025_tenq.pdf,125,consolidated,sum disclosed eligible classes; land/CIP/ROU excluded as documented,extractions/notes_industrials/Suzano_aggregates_2016_2025.csv,Own-year consolidated PPE note15; no physical age/life claim; separate biological depletion and ROU excluded
Suzano,2025,ppe_gross_depreciable,82772.434,BRL millions,82772434,BRL thousands,0.001,71c47f807d86d22715ef,https://s201.q4cdn.com/761980458/files/doc_news/2026/02/DF/2025-12-DFP-Suzano-EN.pdf,Suzano_2025_tenq.pdf,125,consolidated,sum disclosed eligible classes; land/CIP/ROU excluded as documented,extractions/notes_industrials/Suzano_aggregates_2016_2025.csv,Own-year consolidated PPE note15; no physical age/life claim; separate biological depletion and ROU excluded
Klabin,2016,ppe_ad,3537.212,BRL millions,3537212,BRL thousands,0.001,2d48aaad547149e36ab6,https://api.mziq.com/mzfilemanager/d/1c41fa99-efe7-4e72-81dd-5b571f5aa376/6e4fed38-d768-4c5b-a0b2-8cdddfb8e918?origin=2,Klabin_2016_DFP.pdf,77,consolidated,sum disclosed eligible classes; land/CIP/ROU excluded as documented,extractions/notes_industrials/Klabin_aggregates_2016_2025.csv,Own-year composition; annual PPE depreciation production charge; separate biological depletion/ROU excluded; ±1 class rounding possible; no physical age/life implied
Klabin,2016,ppe_depreciation,805.832,BRL millions,805832,BRL thousands,0.001,2d48aaad547149e36ab6,https://api.mziq.com/mzfilemanager/d/1c41fa99-efe7-4e72-81dd-5b571f5aa376/6e4fed38-d768-4c5b-a0b2-8cdddfb8e918?origin=2,Klabin_2016_DFP.pdf,78,consolidated,sum disclosed eligible classes; land/CIP/ROU excluded as documented,extractions/notes_industrials/Klabin_aggregates_2016_2025.csv,Own-year composition; annual PPE depreciation production charge; separate biological depletion/ROU excluded; ±1 class rounding possible; no physical age/life implied
Klabin,2016,ppe_gross_depreciable,13493.23,BRL millions,13493230,BRL thousands,0.001,2d48aaad547149e36ab6,https://api.mziq.com/mzfilemanager/d/1c41fa99-efe7-4e72-81dd-5b571f5aa376/6e4fed38-d768-4c5b-a0b2-8cdddfb8e918?origin=2,Klabin_2016_DFP.pdf,77,consolidated,sum disclosed eligible classes; land/CIP/ROU excluded as documented,extractions/notes_industrials/Klabin_aggregates_2016_2025.csv,Own-year composition; annual PPE depreciation production charge; separate biological depletion/ROU excluded; ±1 class rounding possible; no physical age/life implied
Klabin,2017,ppe_ad,4496.597,BRL millions,4496597,BRL thousands,0.001,37f82027d7a7f23022f5,https://api.mziq.com/mzfilemanager/d/1c41fa99-efe7-4e72-81dd-5b571f5aa376/5aeddcab-8940-4d69-b7ee-12cba74f27a8?origin=2,Klabin_2017_DFP.pdf,76,consolidated,sum disclosed eligible classes; land/CIP/ROU excluded as documented,extractions/notes_industrials/Klabin_aggregates_2016_2025.csv,Own-year composition; annual PPE depreciation production charge; separate biological depletion/ROU excluded; ±1 class rounding possible; no physical age/life implied
Klabin,2017,ppe_depreciation,1019.621,BRL millions,1019621,BRL thousands,0.001,37f82027d7a7f23022f5,https://api.mziq.com/mzfilemanager/d/1c41fa99-efe7-4e72-81dd-5b571f5aa376/5aeddcab-8940-4d69-b7ee-12cba74f27a8?origin=2,Klabin_2017_DFP.pdf,77,consolidated,sum disclosed eligible classes; land/CIP/ROU excluded as documented,extractions/notes_industrials/Klabin_aggregates_2016_2025.csv,Own-year composition; annual PPE depreciation production charge; separate biological depletion/ROU excluded; ±1 class rounding possible; no physical age/life implied
Klabin,2017,ppe_gross_depreciable,14545.564,BRL millions,14545564,BRL thousands,0.001,37f82027d7a7f23022f5,https://api.mziq.com/mzfilemanager/d/1c41fa99-efe7-4e72-81dd-5b571f5aa376/5aeddcab-8940-4d69-b7ee-12cba74f27a8?origin=2,Klabin_2017_DFP.pdf,76,consolidated,sum disclosed eligible classes; land/CIP/ROU excluded as documented,extractions/notes_industrials/Klabin_aggregates_2016_2025.csv,Own-year composition; annual PPE depreciation production charge; separate biological depletion/ROU excluded; ±1 class rounding possible; no physical age/life implied
Klabin,2018,ppe_ad,5451.857,BRL millions,5451857,BRL thousands,0.001,59e20f555f4011e16665,https://api.mziq.com/mzfilemanager/d/1c41fa99-efe7-4e72-81dd-5b571f5aa376/4f2b0976-126e-408a-8f76-83d7e3ceb007?origin=2,Klabin_2018_DFP.pdf,76,consolidated,sum disclosed eligible classes; land/CIP/ROU excluded as documented,extractions/notes_industrials/Klabin_aggregates_2016_2025.csv,Own-year composition; annual PPE depreciation production charge; separate biological depletion/ROU excluded; ±1 class rounding possible; no physical age/life implied
Klabin,2018,ppe_depreciation,1095.31,BRL millions,1095310,BRL thousands,0.001,59e20f555f4011e16665,https://api.mziq.com/mzfilemanager/d/1c41fa99-efe7-4e72-81dd-5b571f5aa376/4f2b0976-126e-408a-8f76-83d7e3ceb007?origin=2,Klabin_2018_DFP.pdf,77,consolidated,sum disclosed eligible classes; land/CIP/ROU excluded as documented,extractions/notes_industrials/Klabin_aggregates_2016_2025.csv,Own-year composition; annual PPE depreciation production charge; separate biological depletion/ROU excluded; ±1 class rounding possible; no physical age/life implied
Klabin,2018,ppe_gross_depreciable,15201.475,BRL millions,15201475,BRL thousands,0.001,59e20f555f4011e16665,https://api.mziq.com/mzfilemanager/d/1c41fa99-efe7-4e72-81dd-5b571f5aa376/4f2b0976-126e-408a-8f76-83d7e3ceb007?origin=2,Klabin_2018_DFP.pdf,76,consolidated,sum disclosed eligible classes; land/CIP/ROU excluded as documented,extractions/notes_industrials/Klabin_aggregates_2016_2025.csv,Own-year composition; annual PPE depreciation production charge; separate biological depletion/ROU excluded; ±1 class rounding possible; no physical age/life implied
Klabin,2019,ppe_ad,6510.665,BRL millions,6510665,BRL thousands,0.001,a3188499483a4796683d,https://api.mziq.com/mzfilemanager/d/1c41fa99-efe7-4e72-81dd-5b571f5aa376/42b3a05c-2653-4529-943c-7380e8636a5c?origin=2,Klabin_2019_DFP.pdf,83,consolidated,sum disclosed eligible classes; land/CIP/ROU excluded as documented,extractions/notes_industrials/Klabin_aggregates_2016_2025.csv,Own-year composition; annual PPE depreciation production charge; separate biological depletion/ROU excluded; ±1 class rounding possible; no physical age/life implied;2019 image tables transcribed visually
Klabin,2019,ppe_depreciation,1120.628,BRL millions,1120628,BRL thousands,0.001,a3188499483a4796683d,https://api.mziq.com/mzfilemanager/d/1c41fa99-efe7-4e72-81dd-5b571f5aa376/42b3a05c-2653-4529-943c-7380e8636a5c?origin=2,Klabin_2019_DFP.pdf,84,consolidated,sum disclosed eligible classes; land/CIP/ROU excluded as documented,extractions/notes_industrials/Klabin_aggregates_2016_2025.csv,Own-year composition; annual PPE depreciation production charge; separate biological depletion/ROU excluded; ±1 class rounding possible; no physical age/life implied;2019 image tables transcribed visually
Klabin,2019,ppe_gross_depreciable,15668.006,BRL millions,15668006,BRL thousands,0.001,a3188499483a4796683d,https://api.mziq.com/mzfilemanager/d/1c41fa99-efe7-4e72-81dd-5b571f5aa376/42b3a05c-2653-4529-943c-7380e8636a5c?origin=2,Klabin_2019_DFP.pdf,83,consolidated,sum disclosed eligible classes; land/CIP/ROU excluded as documented,extractions/notes_industrials/Klabin_aggregates_2016_2025.csv,Own-year composition; annual PPE depreciation production charge; separate biological depletion/ROU excluded; ±1 class rounding possible; no physical age/life implied;2019 image tables transcribed visually
Klabin,2020,ppe_ad,7678.892,BRL millions,7678892,BRL thousands,0.001,e00f7990b231b940d411,https://api.mziq.com/mzfilemanager/v2/d/1c41fa99-efe7-4e72-81dd-5b571f5aa376/06d70c1d-68a5-32c0-af80-2d983444971c?origin=2,Klabin_2020_DFP.pdf,97,consolidated,sum disclosed eligible classes; land/CIP/ROU excluded as documented,extractions/notes_industrials/Klabin_aggregates_2016_2025.csv,Own-year composition; annual PPE depreciation production charge; separate biological depletion/ROU excluded; ±1 class rounding possible; no physical age/life implied
Klabin,2020,ppe_depreciation,1167.211,BRL millions,1167211,BRL thousands,0.001,e00f7990b231b940d411,https://api.mziq.com/mzfilemanager/v2/d/1c41fa99-efe7-4e72-81dd-5b571f5aa376/06d70c1d-68a5-32c0-af80-2d983444971c?origin=2,Klabin_2020_DFP.pdf,98,consolidated,sum disclosed eligible classes; land/CIP/ROU excluded as documented,extractions/notes_industrials/Klabin_aggregates_2016_2025.csv,Own-year composition; annual PPE depreciation production charge; separate biological depletion/ROU excluded; ±1 class rounding possible; no physical age/life implied
Klabin,2020,ppe_gross_depreciable,16327.103,BRL millions,16327103,BRL thousands,0.001,e00f7990b231b940d411,https://api.mziq.com/mzfilemanager/v2/d/1c41fa99-efe7-4e72-81dd-5b571f5aa376/06d70c1d-68a5-32c0-af80-2d983444971c?origin=2,Klabin_2020_DFP.pdf,97,consolidated,sum disclosed eligible classes; land/CIP/ROU excluded as documented,extractions/notes_industrials/Klabin_aggregates_2016_2025.csv,Own-year composition; annual PPE depreciation production charge; separate biological depletion/ROU excluded; ±1 class rounding possible; no physical age/life implied
Klabin,2021,ppe_ad,8707.777,BRL millions,8707777,BRL thousands,0.001,4e8c4fffe2e82f09cae0,https://api.mziq.com/mzfilemanager/v2/d/1c41fa99-efe7-4e72-81dd-5b571f5aa376/0c8ac6e6-c92e-075f-0248-2da117d6807f?origin=2,Klabin_2021_DFP.pdf,79,consolidated,sum disclosed eligible classes; land/CIP/ROU excluded as documented,extractions/notes_industrials/Klabin_aggregates_2016_2025.csv,Own-year composition; annual PPE depreciation production charge; separate biological depletion/ROU excluded; ±1 class rounding possible; no physical age/life implied
Klabin,2021,ppe_depreciation,1185.278,BRL millions,1185278,BRL thousands,0.001,4e8c4fffe2e82f09cae0,https://api.mziq.com/mzfilemanager/v2/d/1c41fa99-efe7-4e72-81dd-5b571f5aa376/0c8ac6e6-c92e-075f-0248-2da117d6807f?origin=2,Klabin_2021_DFP.pdf,80,consolidated,sum disclosed eligible classes; land/CIP/ROU excluded as documented,extractions/notes_industrials/Klabin_aggregates_2016_2025.csv,Own-year composition; annual PPE depreciation production charge; separate biological depletion/ROU excluded; ±1 class rounding possible; no physical age/life implied
Klabin,2021,ppe_gross_depreciable,23105.542,BRL millions,23105542,BRL thousands,0.001,4e8c4fffe2e82f09cae0,https://api.mziq.com/mzfilemanager/v2/d/1c41fa99-efe7-4e72-81dd-5b571f5aa376/0c8ac6e6-c92e-075f-0248-2da117d6807f?origin=2,Klabin_2021_DFP.pdf,79,consolidated,sum disclosed eligible classes; land/CIP/ROU excluded as documented,extractions/notes_industrials/Klabin_aggregates_2016_2025.csv,Own-year composition; annual PPE depreciation production charge; separate biological depletion/ROU excluded; ±1 class rounding possible; no physical age/life implied
Klabin,2022,ppe_ad,9986.804,BRL millions,9986804,BRL thousands,0.001,935b8ed496a540009fbf,https://api.mziq.com/mzfilemanager/v2/d/1c41fa99-efe7-4e72-81dd-5b571f5aa376/7ca7170e-328f-f7f8-3175-b4d531d357e6?origin=2,Klabin_2022_DFP.pdf,82,consolidated,sum disclosed eligible classes; land/CIP/ROU excluded as documented,extractions/notes_industrials/Klabin_aggregates_2016_2025.csv,Own-year composition; annual PPE depreciation production charge; separate biological depletion/ROU excluded; ±1 class rounding possible; no physical age/life implied
Klabin,2022,ppe_depreciation,1439.178,BRL millions,1439178,BRL thousands,0.001,935b8ed496a540009fbf,https://api.mziq.com/mzfilemanager/v2/d/1c41fa99-efe7-4e72-81dd-5b571f5aa376/7ca7170e-328f-f7f8-3175-b4d531d357e6?origin=2,Klabin_2022_DFP.pdf,83,consolidated,sum disclosed eligible classes; land/CIP/ROU excluded as documented,extractions/notes_industrials/Klabin_aggregates_2016_2025.csv,Own-year composition; annual PPE depreciation production charge; separate biological depletion/ROU excluded; ±1 class rounding possible; no physical age/life implied
Klabin,2022,ppe_gross_depreciable,24166.309,BRL millions,24166309,BRL thousands,0.001,935b8ed496a540009fbf,https://api.mziq.com/mzfilemanager/v2/d/1c41fa99-efe7-4e72-81dd-5b571f5aa376/7ca7170e-328f-f7f8-3175-b4d531d357e6?origin=2,Klabin_2022_DFP.pdf,82,consolidated,sum disclosed eligible classes; land/CIP/ROU excluded as documented,extractions/notes_industrials/Klabin_aggregates_2016_2025.csv,Own-year composition; annual PPE depreciation production charge; separate biological depletion/ROU excluded; ±1 class rounding possible; no physical age/life implied
Klabin,2023,ppe_ad,11535.868,BRL millions,11535868,BRL thousands,0.001,3a63730175b375640f96,https://api.mziq.com/mzfilemanager/v2/d/1c41fa99-efe7-4e72-81dd-5b571f5aa376/1faf7b11-af81-faba-c990-41d45a510987?origin=2,Klabin_2023_DFP.pdf,76,consolidated,sum disclosed eligible classes; land/CIP/ROU excluded as documented,extractions/notes_industrials/Klabin_aggregates_2016_2025.csv,Own-year composition; annual PPE depreciation production charge; separate biological depletion/ROU excluded; ±1 class rounding possible; no physical age/life implied
Klabin,2023,ppe_depreciation,1658.375,BRL millions,1658375,BRL thousands,0.001,3a63730175b375640f96,https://api.mziq.com/mzfilemanager/v2/d/1c41fa99-efe7-4e72-81dd-5b571f5aa376/1faf7b11-af81-faba-c990-41d45a510987?origin=2,Klabin_2023_DFP.pdf,77,consolidated,sum disclosed eligible classes; land/CIP/ROU excluded as documented,extractions/notes_industrials/Klabin_aggregates_2016_2025.csv,Own-year composition; annual PPE depreciation production charge; separate biological depletion/ROU excluded; ±1 class rounding possible; no physical age/life implied
Klabin,2023,ppe_gross_depreciable,30020.893,BRL millions,30020893,BRL thousands,0.001,3a63730175b375640f96,https://api.mziq.com/mzfilemanager/v2/d/1c41fa99-efe7-4e72-81dd-5b571f5aa376/1faf7b11-af81-faba-c990-41d45a510987?origin=2,Klabin_2023_DFP.pdf,76,consolidated,sum disclosed eligible classes; land/CIP/ROU excluded as documented,extractions/notes_industrials/Klabin_aggregates_2016_2025.csv,Own-year composition; annual PPE depreciation production charge; separate biological depletion/ROU excluded; ±1 class rounding possible; no physical age/life implied
Klabin,2024,ppe_ad,13398.069,BRL millions,13398069,BRL thousands,0.001,dcb0e75aea5884baaad0,https://api.mziq.com/mzfilemanager/v2/d/1c41fa99-efe7-4e72-81dd-5b571f5aa376/97a4c880-c08f-0b30-4ee2-6bd83a1b6514?origin=2,Klabin_2024_DFP.pdf,79,consolidated,sum disclosed eligible classes; land/CIP/ROU excluded as documented,extractions/notes_industrials/Klabin_aggregates_2016_2025.csv,Own-year composition; annual PPE depreciation production charge; separate biological depletion/ROU excluded; ±1 class rounding possible; no physical age/life implied
Klabin,2024,ppe_depreciation,1980.268,BRL millions,1980268,BRL thousands,0.001,dcb0e75aea5884baaad0,https://api.mziq.com/mzfilemanager/v2/d/1c41fa99-efe7-4e72-81dd-5b571f5aa376/97a4c880-c08f-0b30-4ee2-6bd83a1b6514?origin=2,Klabin_2024_DFP.pdf,80,consolidated,sum disclosed eligible classes; land/CIP/ROU excluded as documented,extractions/notes_industrials/Klabin_aggregates_2016_2025.csv,Own-year composition; annual PPE depreciation production charge; separate biological depletion/ROU excluded; ±1 class rounding possible; no physical age/life implied
Klabin,2024,ppe_gross_depreciable,33052.782,BRL millions,33052782,BRL thousands,0.001,dcb0e75aea5884baaad0,https://api.mziq.com/mzfilemanager/v2/d/1c41fa99-efe7-4e72-81dd-5b571f5aa376/97a4c880-c08f-0b30-4ee2-6bd83a1b6514?origin=2,Klabin_2024_DFP.pdf,79,consolidated,sum disclosed eligible classes; land/CIP/ROU excluded as documented,extractions/notes_industrials/Klabin_aggregates_2016_2025.csv,Own-year composition; annual PPE depreciation production charge; separate biological depletion/ROU excluded; ±1 class rounding possible; no physical age/life implied
Klabin,2025,ppe_ad,15401.44,BRL millions,15401440,BRL thousands,0.001,23984ea9fecc8027a110,https://api.mziq.com/mzfilemanager/v2/d/1c41fa99-efe7-4e72-81dd-5b571f5aa376/fcad7df5-9607-78ed-3455-ffa6e0470211?origin=2,Klabin_2025_DFP.pdf,82,consolidated,sum disclosed eligible classes; land/CIP/ROU excluded as documented,extractions/notes_industrials/Klabin_aggregates_2016_2025.csv,Own-year composition; annual PPE depreciation production charge; separate biological depletion/ROU excluded; ±1 class rounding possible; no physical age/life implied
Klabin,2025,ppe_depreciation,2097.185,BRL millions,2097185,BRL thousands,0.001,23984ea9fecc8027a110,https://api.mziq.com/mzfilemanager/v2/d/1c41fa99-efe7-4e72-81dd-5b571f5aa376/fcad7df5-9607-78ed-3455-ffa6e0470211?origin=2,Klabin_2025_DFP.pdf,83,consolidated,sum disclosed eligible classes; land/CIP/ROU excluded as documented,extractions/notes_industrials/Klabin_aggregates_2016_2025.csv,Own-year composition; annual PPE depreciation production charge; separate biological depletion/ROU excluded; ±1 class rounding possible; no physical age/life implied
Klabin,2025,ppe_gross_depreciable,34944.897,BRL millions,34944897,BRL thousands,0.001,23984ea9fecc8027a110,https://api.mziq.com/mzfilemanager/v2/d/1c41fa99-efe7-4e72-81dd-5b571f5aa376/fcad7df5-9607-78ed-3455-ffa6e0470211?origin=2,Klabin_2025_DFP.pdf,82,consolidated,sum disclosed eligible classes; land/CIP/ROU excluded as documented,extractions/notes_industrials/Klabin_aggregates_2016_2025.csv,Own-year composition; annual PPE depreciation production charge; separate biological depletion/ROU excluded; ±1 class rounding possible; no physical age/life implied
Eletrobras,2016,ppe_ad,24579.112,BRL millions,24579112,BRL thousands,0.001,0cb70b618d95ed121d8d,https://api.mziq.com/mzfilemanager/v2/d/abb77a17-3348-4bc7-849a-154998e06ca3/bcb88033-3cd4-e576-dde0-282981ddae4d?origin=2,axia_2017.pdf,258,consolidated,pure PPE amount minus separately identified ROU; impairment separately excluded,extractions/notes_axia_complete/source_per_cell.csv,Land not separately quantified; cannot construct land-excluded depreciable gross or physical age. Finance leases separately identified; legacy presentation predates IFRS16. Special concession obligations are a separate net deduction.
Eletrobras,2016,ppe_depreciation,1513.054,BRL millions,1513054,BRL thousands,0.001,0cb70b618d95ed121d8d,https://api.mziq.com/mzfilemanager/v2/d/abb77a17-3348-4bc7-849a-154998e06ca3/bcb88033-3cd4-e576-dde0-282981ddae4d?origin=2,axia_2017.pdf,259,consolidated,pure PPE amount minus separately identified ROU; impairment separately excluded,extractions/notes_axia_complete/source_per_cell.csv,Land not separately quantified; cannot construct land-excluded depreciable gross or physical age. Finance leases separately identified; legacy presentation predates IFRS16. Special concession obligations are a separate net deduction.
Eletrobras,2017,ppe_ad,25657.777,BRL millions,25657777,BRL thousands,0.001,0cb70b618d95ed121d8d,https://api.mziq.com/mzfilemanager/v2/d/abb77a17-3348-4bc7-849a-154998e06ca3/bcb88033-3cd4-e576-dde0-282981ddae4d?origin=2,axia_2017.pdf,258,consolidated,pure PPE amount minus separately identified ROU; impairment separately excluded,extractions/notes_axia_complete/source_per_cell.csv,"Land not separately quantified; cannot construct land-excluded depreciable gross or physical age. Finance leases separately identified; legacy presentation predates IFRS16. Special concession obligations are a separate net deduction. 2018 comparative revises gross/AD upwards by332454/332455, preserving net; retained2017-source amounts."
Eletrobras,2017,ppe_depreciation,1486.201,BRL millions,1486201,BRL thousands,0.001,0cb70b618d95ed121d8d,https://api.mziq.com/mzfilemanager/v2/d/abb77a17-3348-4bc7-849a-154998e06ca3/bcb88033-3cd4-e576-dde0-282981ddae4d?origin=2,axia_2017.pdf,259,consolidated,pure PPE amount minus separately identified ROU; impairment separately excluded,extractions/notes_axia_complete/source_per_cell.csv,"Land not separately quantified; cannot construct land-excluded depreciable gross or physical age. Finance leases separately identified; legacy presentation predates IFRS16. Special concession obligations are a separate net deduction. 2018 comparative revises gross/AD upwards by332454/332455, preserving net; retained2017-source amounts."
Eletrobras,2018,ppe_ad,27084.633,BRL millions,27084633,BRL thousands,0.001,9230a634f7bcf7a421e5,https://www.rad.cvm.gov.br/ENET/frmDownloadDocumento.aspx?Tela=ext&descTipo=IPE&CodigoInstituicao=1&numProtocolo=674299&numSequencia=202887&numVersao=2,cvm_2018.pdf,229,consolidated,pure PPE amount minus separately identified ROU; impairment separately excluded,extractions/notes_axia_complete/source_per_cell.csv,Land not separately quantified; cannot construct land-excluded depreciable gross or physical age. Finance leases separately identified; legacy presentation predates IFRS16. Special concession obligations are a separate net deduction.
Eletrobras,2018,ppe_depreciation,1569.308,BRL millions,1569308,BRL thousands,0.001,9230a634f7bcf7a421e5,https://www.rad.cvm.gov.br/ENET/frmDownloadDocumento.aspx?Tela=ext&descTipo=IPE&CodigoInstituicao=1&numProtocolo=674299&numSequencia=202887&numVersao=2,cvm_2018.pdf,229,consolidated,pure PPE amount minus separately identified ROU; impairment separately excluded,extractions/notes_axia_complete/source_per_cell.csv,Land not separately quantified; cannot construct land-excluded depreciable gross or physical age. Finance leases separately identified; legacy presentation predates IFRS16. Special concession obligations are a separate net deduction.
Eletrobras,2019,ppe_ad,28597.246,BRL millions,28597246,BRL thousands,0.001,4c311c4c002b3c3fa788,https://api.mziq.com/mzfilemanager/v2/d/abb77a17-3348-4bc7-849a-154998e06ca3/88632631-5c47-39e4-c2b3-a51d823cfe6d?origin=2,axia_2020.pdf,226,consolidated,pure PPE amount minus separately identified ROU; impairment separately excluded,extractions/notes_axia_complete/source_per_cell.csv,Land not separately quantified; cannot construct land-excluded depreciable gross or physical age. Uses2020 comparative: cost/AD presentation revised versus2019 original; 2019 charge includes19783 depreciation in CIP.
Eletrobras,2019,ppe_depreciation,1579.944,BRL millions,1579944,BRL thousands,0.001,4c311c4c002b3c3fa788,https://api.mziq.com/mzfilemanager/v2/d/abb77a17-3348-4bc7-849a-154998e06ca3/88632631-5c47-39e4-c2b3-a51d823cfe6d?origin=2,axia_2020.pdf,226,consolidated,pure PPE amount minus separately identified ROU; impairment separately excluded,extractions/notes_axia_complete/source_per_cell.csv,Land not separately quantified; cannot construct land-excluded depreciable gross or physical age. Uses2020 comparative: cost/AD presentation revised versus2019 original; 2019 charge includes19783 depreciation in CIP.
Eletrobras,2020,ppe_ad,43323.896,BRL millions,43323896,BRL thousands,0.001,4c311c4c002b3c3fa788,https://api.mziq.com/mzfilemanager/v2/d/abb77a17-3348-4bc7-849a-154998e06ca3/88632631-5c47-39e4-c2b3-a51d823cfe6d?origin=2,axia_2020.pdf,226,consolidated,pure PPE amount minus separately identified ROU; impairment separately excluded,extractions/notes_axia_complete/source_per_cell.csv,Land not separately quantified; cannot construct land-excluded depreciable gross or physical age.
Eletrobras,2020,ppe_depreciation,1676.164,BRL millions,1676164,BRL thousands,0.001,4c311c4c002b3c3fa788,https://api.mziq.com/mzfilemanager/v2/d/abb77a17-3348-4bc7-849a-154998e06ca3/88632631-5c47-39e4-c2b3-a51d823cfe6d?origin=2,axia_2020.pdf,225,consolidated,pure PPE amount minus separately identified ROU; impairment separately excluded,extractions/notes_axia_complete/source_per_cell.csv,Land not separately quantified; cannot construct land-excluded depreciable gross or physical age.
Eletrobras,2021,ppe_ad,44627.507,BRL millions,44627507,BRL thousands,0.001,d9745f02f8f6f3a61430,https://api.mziq.com/mzfilemanager/v2/d/abb77a17-3348-4bc7-849a-154998e06ca3/585ea860-6429-8936-4f48-5aa3151598e8?origin=2,axia_2022.pdf,149,consolidated,pure PPE amount minus separately identified ROU; impairment separately excluded,extractions/notes_axia_complete/source_per_cell.csv,Land not separately quantified; cannot construct land-excluded depreciable gross or physical age.
Eletrobras,2021,ppe_depreciation,1676.004,BRL millions,1676004,BRL thousands,0.001,d9745f02f8f6f3a61430,https://api.mziq.com/mzfilemanager/v2/d/abb77a17-3348-4bc7-849a-154998e06ca3/585ea860-6429-8936-4f48-5aa3151598e8?origin=2,axia_2022.pdf,148,consolidated,pure PPE amount minus separately identified ROU; impairment separately excluded,extractions/notes_axia_complete/source_per_cell.csv,Land not separately quantified; cannot construct land-excluded depreciable gross or physical age.
Eletrobras,2022,ppe_ad,43990.949,BRL millions,43990949,BRL thousands,0.001,d9745f02f8f6f3a61430,https://api.mziq.com/mzfilemanager/v2/d/abb77a17-3348-4bc7-849a-154998e06ca3/585ea860-6429-8936-4f48-5aa3151598e8?origin=2,axia_2022.pdf,149,consolidated,pure PPE amount minus separately identified ROU; impairment separately excluded,extractions/notes_axia_complete/source_per_cell.csv,Land not separately quantified; cannot construct land-excluded depreciable gross or physical age.
Eletrobras,2022,ppe_depreciation,1545.138,BRL millions,1545138,BRL thousands,0.001,d9745f02f8f6f3a61430,https://api.mziq.com/mzfilemanager/v2/d/abb77a17-3348-4bc7-849a-154998e06ca3/585ea860-6429-8936-4f48-5aa3151598e8?origin=2,axia_2022.pdf,147,consolidated,pure PPE amount minus separately identified ROU; impairment separately excluded,extractions/notes_axia_complete/source_per_cell.csv,Land not separately quantified; cannot construct land-excluded depreciable gross or physical age.
Eletrobras,2023,ppe_ad,43357.474,BRL millions,43357474,BRL thousands,0.001,c71558ad5e48fa5a7f9a,https://api.mziq.com/mzfilemanager/v2/d/abb77a17-3348-4bc7-849a-154998e06ca3/be7c1c6f-b778-8168-194d-166aac47a03d?origin=2,axia_2025.pdf,102,consolidated,pure PPE amount minus separately identified ROU; impairment separately excluded,extractions/notes_axia_complete/source_per_cell.csv,Land not separately quantified; cannot construct land-excluded depreciable gross or physical age. Uses2025 revised2023 comparative gross/CIP/impairment; original2023 amounts82123503/4500092/1769570. Depreciation from2023 annual. Net difference toDFP1 thousand rounding.
Eletrobras,2023,ppe_depreciation,1882.997,BRL millions,1882997,BRL thousands,0.001,30376a88b5e630f404aa,https://api.mziq.com/mzfilemanager/v2/d/abb77a17-3348-4bc7-849a-154998e06ca3/261db722-4cdf-2b6f-5dc9-5421f512176c?origin=2,axia_2023.pdf,64,consolidated,pure PPE amount minus separately identified ROU; impairment separately excluded,extractions/notes_axia_complete/source_per_cell.csv,Land not separately quantified; cannot construct land-excluded depreciable gross or physical age. Uses2025 revised2023 comparative gross/CIP/impairment; original2023 amounts82123503/4500092/1769570. Depreciation from2023 annual. Net difference toDFP1 thousand rounding.
Eletrobras,2024,ppe_ad,44680.229,BRL millions,44680229,BRL thousands,0.001,c71558ad5e48fa5a7f9a,https://api.mziq.com/mzfilemanager/v2/d/abb77a17-3348-4bc7-849a-154998e06ca3/be7c1c6f-b778-8168-194d-166aac47a03d?origin=2,axia_2025.pdf,102,consolidated,pure PPE amount minus separately identified ROU; impairment separately excluded,extractions/notes_axia_complete/source_per_cell.csv,Land not separately quantified; cannot construct land-excluded depreciable gross or physical age.
Eletrobras,2024,ppe_depreciation,1861.902,BRL millions,1861902,BRL thousands,0.001,c71558ad5e48fa5a7f9a,https://api.mziq.com/mzfilemanager/v2/d/abb77a17-3348-4bc7-849a-154998e06ca3/be7c1c6f-b778-8168-194d-166aac47a03d?origin=2,axia_2025.pdf,102,consolidated,pure PPE amount minus separately identified ROU; impairment separately excluded,extractions/notes_axia_complete/source_per_cell.csv,Land not separately quantified; cannot construct land-excluded depreciable gross or physical age.
Eletrobras,2025,ppe_ad,45637.627,BRL millions,45637627,BRL thousands,0.001,c71558ad5e48fa5a7f9a,https://api.mziq.com/mzfilemanager/v2/d/abb77a17-3348-4bc7-849a-154998e06ca3/be7c1c6f-b778-8168-194d-166aac47a03d?origin=2,axia_2025.pdf,102,consolidated,pure PPE amount minus separately identified ROU; impairment separately excluded,extractions/notes_axia_complete/source_per_cell.csv,Land not separately quantified; cannot construct land-excluded depreciable gross or physical age.
Eletrobras,2025,ppe_depreciation,2104.986,BRL millions,2104986,BRL thousands,0.001,c71558ad5e48fa5a7f9a,https://api.mziq.com/mzfilemanager/v2/d/abb77a17-3348-4bc7-849a-154998e06ca3/be7c1c6f-b778-8168-194d-166aac47a03d?origin=2,axia_2025.pdf,102,consolidated,pure PPE amount minus separately identified ROU; impairment separately excluded,extractions/notes_axia_complete/source_per_cell.csv,Land not separately quantified; cannot construct land-excluded depreciable gross or physical age.
Unigel,2017,ppe_ad,1196.988,BRL millions,1196.988,BRL millions,1,ff71c2cc572362917713,https://www.rad.cvm.gov.br/ENETWeb/frmDownloadDocumento.aspx?Tela=ext&descTipo=IPE&CodigoInstituicao=1&numProtocolo=892164&numSequencia=416898&numVersao=1,unigel_cvm_2018_v1.pdf,71,consolidated own PPE excluding separately disclosed ROU,published normalized aggregate; exclusions/version boundary in extraction note,extractions/notes_eletrobras_unigel/unigel_ppe_2017_2024_brl_millions.csv,2017usesoriginal2018CVMv1;2018useslater2019comparative: disclose version/basis boundary
Unigel,2017,ppe_depreciation,99.396,BRL millions,99.396,BRL millions,1,ff71c2cc572362917713,https://www.rad.cvm.gov.br/ENETWeb/frmDownloadDocumento.aspx?Tela=ext&descTipo=IPE&CodigoInstituicao=1&numProtocolo=892164&numSequencia=416898&numVersao=1,unigel_cvm_2018_v1.pdf,71,consolidated own PPE excluding separately disclosed ROU,published normalized aggregate; exclusions/version boundary in extraction note,extractions/notes_eletrobras_unigel/unigel_ppe_2017_2024_brl_millions.csv,2017usesoriginal2018CVMv1;2018useslater2019comparative: disclose version/basis boundary
Unigel,2017,ppe_gross_depreciable,1963.537,BRL millions,1963.537,BRL millions,1,ff71c2cc572362917713,https://www.rad.cvm.gov.br/ENETWeb/frmDownloadDocumento.aspx?Tela=ext&descTipo=IPE&CodigoInstituicao=1&numProtocolo=892164&numSequencia=416898&numVersao=1,unigel_cvm_2018_v1.pdf,71,consolidated own PPE excluding separately disclosed ROU,published normalized aggregate; exclusions/version boundary in extraction note,extractions/notes_eletrobras_unigel/unigel_ppe_2017_2024_brl_millions.csv,2017usesoriginal2018CVMv1;2018useslater2019comparative: disclose version/basis boundary
Unigel,2018,ppe_ad,1397.581,BRL millions,1397.581,BRL millions,1,9189ae1139ebcd831fc1,https://www.rad.cvm.gov.br/ENETWeb/frmDownloadDocumento.aspx?Tela=ext&descTipo=IPE&CodigoInstituicao=1&numProtocolo=892165&numSequencia=416899&numVersao=1,unigel_cvm_2019_v1.pdf,75,consolidated own PPE excluding separately disclosed ROU,published normalized aggregate; exclusions/version boundary in extraction note,extractions/notes_eletrobras_unigel/unigel_ppe_2017_2024_brl_millions.csv,2017usesoriginal2018CVMv1;2018useslater2019comparative: disclose version/basis boundary
Unigel,2018,ppe_depreciation,119.936,BRL millions,119.936,BRL millions,1,9189ae1139ebcd831fc1,https://www.rad.cvm.gov.br/ENETWeb/frmDownloadDocumento.aspx?Tela=ext&descTipo=IPE&CodigoInstituicao=1&numProtocolo=892165&numSequencia=416899&numVersao=1,unigel_cvm_2019_v1.pdf,75,consolidated own PPE excluding separately disclosed ROU,published normalized aggregate; exclusions/version boundary in extraction note,extractions/notes_eletrobras_unigel/unigel_ppe_2017_2024_brl_millions.csv,2017usesoriginal2018CVMv1;2018useslater2019comparative: disclose version/basis boundary
Unigel,2018,ppe_gross_depreciable,2250.574,BRL millions,2250.574,BRL millions,1,9189ae1139ebcd831fc1,https://www.rad.cvm.gov.br/ENETWeb/frmDownloadDocumento.aspx?Tela=ext&descTipo=IPE&CodigoInstituicao=1&numProtocolo=892165&numSequencia=416899&numVersao=1,unigel_cvm_2019_v1.pdf,75,consolidated own PPE excluding separately disclosed ROU,published normalized aggregate; exclusions/version boundary in extraction note,extractions/notes_eletrobras_unigel/unigel_ppe_2017_2024_brl_millions.csv,2017usesoriginal2018CVMv1;2018useslater2019comparative: disclose version/basis boundary
Unigel,2019,ppe_ad,1510.047,BRL millions,1510.047,BRL millions,1,9189ae1139ebcd831fc1,https://www.rad.cvm.gov.br/ENETWeb/frmDownloadDocumento.aspx?Tela=ext&descTipo=IPE&CodigoInstituicao=1&numProtocolo=892165&numSequencia=416899&numVersao=1,unigel_cvm_2019_v1.pdf,75,consolidated own PPE excluding separately disclosed ROU,published normalized aggregate; exclusions/version boundary in extraction note,extractions/notes_eletrobras_unigel/unigel_ppe_2017_2024_brl_millions.csv,
Unigel,2019,ppe_depreciation,125.506,BRL millions,125.506,BRL millions,1,9189ae1139ebcd831fc1,https://www.rad.cvm.gov.br/ENETWeb/frmDownloadDocumento.aspx?Tela=ext&descTipo=IPE&CodigoInstituicao=1&numProtocolo=892165&numSequencia=416899&numVersao=1,unigel_cvm_2019_v1.pdf,75,consolidated own PPE excluding separately disclosed ROU,published normalized aggregate; exclusions/version boundary in extraction note,extractions/notes_eletrobras_unigel/unigel_ppe_2017_2024_brl_millions.csv,
Unigel,2019,ppe_gross_depreciable,2376.551,BRL millions,2376.551,BRL millions,1,9189ae1139ebcd831fc1,https://www.rad.cvm.gov.br/ENETWeb/frmDownloadDocumento.aspx?Tela=ext&descTipo=IPE&CodigoInstituicao=1&numProtocolo=892165&numSequencia=416899&numVersao=1,unigel_cvm_2019_v1.pdf,75,consolidated own PPE excluding separately disclosed ROU,published normalized aggregate; exclusions/version boundary in extraction note,extractions/notes_eletrobras_unigel/unigel_ppe_2017_2024_brl_millions.csv,
Unigel,2020,ppe_ad,1636.638,BRL millions,1636.638,BRL millions,1,08bddcf4dfd4b99fe028,https://ri.unigel.com.br/documents/demonstracoes-financeiras/2021/Demonstra%C3%A7%C3%B5es%20Financeiras%202021%20%5B47f5ebc5%5D.pdf,unigel_2021.pdf,66,consolidated own PPE excluding separately disclosed ROU,published normalized aggregate; exclusions/version boundary in extraction note,extractions/notes_eletrobras_unigel/unigel_ppe_2017_2024_brl_millions.csv,
Unigel,2020,ppe_depreciation,93.843,BRL millions,93.843,BRL millions,1,08bddcf4dfd4b99fe028,https://ri.unigel.com.br/documents/demonstracoes-financeiras/2021/Demonstra%C3%A7%C3%B5es%20Financeiras%202021%20%5B47f5ebc5%5D.pdf,unigel_2021.pdf,67,consolidated own PPE excluding separately disclosed ROU,published normalized aggregate; exclusions/version boundary in extraction note,extractions/notes_eletrobras_unigel/unigel_ppe_2017_2024_brl_millions.csv,
Unigel,2020,ppe_gross_depreciable,2597.746,BRL millions,2597.746,BRL millions,1,08bddcf4dfd4b99fe028,https://ri.unigel.com.br/documents/demonstracoes-financeiras/2021/Demonstra%C3%A7%C3%B5es%20Financeiras%202021%20%5B47f5ebc5%5D.pdf,unigel_2021.pdf,66,consolidated own PPE excluding separately disclosed ROU,published normalized aggregate; exclusions/version boundary in extraction note,extractions/notes_eletrobras_unigel/unigel_ppe_2017_2024_brl_millions.csv,
Unigel,2021,ppe_ad,1794.269,BRL millions,1794.269,BRL millions,1,e1fd2edd98e21aabd237,https://ri.unigel.com.br/documents/demonstracoes-financeiras/2022/Demonstra%C3%A7%C3%B5es%20Financeiras%202022%20%5B5e5ce50b%5D.pdf,unigel_2022.pdf,53,consolidated own PPE excluding separately disclosed ROU,published normalized aggregate; exclusions/version boundary in extraction note,extractions/notes_eletrobras_unigel/unigel_ppe_2017_2024_brl_millions.csv,
Unigel,2021,ppe_depreciation,146.616,BRL millions,146.616,BRL millions,1,e1fd2edd98e21aabd237,https://ri.unigel.com.br/documents/demonstracoes-financeiras/2022/Demonstra%C3%A7%C3%B5es%20Financeiras%202022%20%5B5e5ce50b%5D.pdf,unigel_2022.pdf,53,consolidated own PPE excluding separately disclosed ROU,published normalized aggregate; exclusions/version boundary in extraction note,extractions/notes_eletrobras_unigel/unigel_ppe_2017_2024_brl_millions.csv,
Unigel,2021,ppe_gross_depreciable,3450.131,BRL millions,3450.131,BRL millions,1,e1fd2edd98e21aabd237,https://ri.unigel.com.br/documents/demonstracoes-financeiras/2022/Demonstra%C3%A7%C3%B5es%20Financeiras%202022%20%5B5e5ce50b%5D.pdf,unigel_2022.pdf,53,consolidated own PPE excluding separately disclosed ROU,published normalized aggregate; exclusions/version boundary in extraction note,extractions/notes_eletrobras_unigel/unigel_ppe_2017_2024_brl_millions.csv,
Unigel,2022,ppe_ad,1740.97,BRL millions,1740.97,BRL millions,1,e1fd2edd98e21aabd237,https://ri.unigel.com.br/documents/demonstracoes-financeiras/2022/Demonstra%C3%A7%C3%B5es%20Financeiras%202022%20%5B5e5ce50b%5D.pdf,unigel_2022.pdf,53,consolidated own PPE excluding separately disclosed ROU,published normalized aggregate; exclusions/version boundary in extraction note,extractions/notes_eletrobras_unigel/unigel_ppe_2017_2024_brl_millions.csv,
Unigel,2022,ppe_depreciation,177.685,BRL millions,177.685,BRL millions,1,e1fd2edd98e21aabd237,https://ri.unigel.com.br/documents/demonstracoes-financeiras/2022/Demonstra%C3%A7%C3%B5es%20Financeiras%202022%20%5B5e5ce50b%5D.pdf,unigel_2022.pdf,53,consolidated own PPE excluding separately disclosed ROU,published normalized aggregate; exclusions/version boundary in extraction note,extractions/notes_eletrobras_unigel/unigel_ppe_2017_2024_brl_millions.csv,
Unigel,2022,ppe_gross_depreciable,3448.347,BRL millions,3448.347,BRL millions,1,e1fd2edd98e21aabd237,https://ri.unigel.com.br/documents/demonstracoes-financeiras/2022/Demonstra%C3%A7%C3%B5es%20Financeiras%202022%20%5B5e5ce50b%5D.pdf,unigel_2022.pdf,53,consolidated own PPE excluding separately disclosed ROU,published normalized aggregate; exclusions/version boundary in extraction note,extractions/notes_eletrobras_unigel/unigel_ppe_2017_2024_brl_millions.csv,
Unigel,2023,ppe_ad,1772.901,BRL millions,1772.901,BRL millions,1,c8103767c8299b0f0f4f,https://www.rad.cvm.gov.br/ENETWeb/frmDownloadDocumento.aspx?Tela=ext&descTipo=IPE&CodigoInstituicao=1&numProtocolo=1358717&numSequencia=883443&numVersao=4,unigel_cvm_2024_v4.pdf,58,consolidated own PPE excluding separately disclosed ROU,published normalized aggregate; exclusions/version boundary in extraction note,extractions/notes_eletrobras_unigel/unigel_ppe_2017_2024_brl_millions.csv,
Unigel,2023,ppe_depreciation,189.542,BRL millions,189.542,BRL millions,1,c8103767c8299b0f0f4f,https://www.rad.cvm.gov.br/ENETWeb/frmDownloadDocumento.aspx?Tela=ext&descTipo=IPE&CodigoInstituicao=1&numProtocolo=1358717&numSequencia=883443&numVersao=4,unigel_cvm_2024_v4.pdf,59,consolidated own PPE excluding separately disclosed ROU,published normalized aggregate; exclusions/version boundary in extraction note,extractions/notes_eletrobras_unigel/unigel_ppe_2017_2024_brl_millions.csv,
Unigel,2023,ppe_gross_depreciable,3286.935,BRL millions,3286.935,BRL millions,1,c8103767c8299b0f0f4f,https://www.rad.cvm.gov.br/ENETWeb/frmDownloadDocumento.aspx?Tela=ext&descTipo=IPE&CodigoInstituicao=1&numProtocolo=1358717&numSequencia=883443&numVersao=4,unigel_cvm_2024_v4.pdf,58,consolidated own PPE excluding separately disclosed ROU,published normalized aggregate; exclusions/version boundary in extraction note,extractions/notes_eletrobras_unigel/unigel_ppe_2017_2024_brl_millions.csv,
Unigel,2024,ppe_ad,1887.204,BRL millions,1887.204,BRL millions,1,c8103767c8299b0f0f4f,https://www.rad.cvm.gov.br/ENETWeb/frmDownloadDocumento.aspx?Tela=ext&descTipo=IPE&CodigoInstituicao=1&numProtocolo=1358717&numSequencia=883443&numVersao=4,unigel_cvm_2024_v4.pdf,58,consolidated own PPE excluding separately disclosed ROU,published normalized aggregate; exclusions/version boundary in extraction note,extractions/notes_eletrobras_unigel/unigel_ppe_2017_2024_brl_millions.csv,
Unigel,2024,ppe_depreciation,120.876,BRL millions,120.876,BRL millions,1,c8103767c8299b0f0f4f,https://www.rad.cvm.gov.br/ENETWeb/frmDownloadDocumento.aspx?Tela=ext&descTipo=IPE&CodigoInstituicao=1&numProtocolo=1358717&numSequencia=883443&numVersao=4,unigel_cvm_2024_v4.pdf,59,consolidated own PPE excluding separately disclosed ROU,published normalized aggregate; exclusions/version boundary in extraction note,extractions/notes_eletrobras_unigel/unigel_ppe_2017_2024_brl_millions.csv,
Unigel,2024,ppe_gross_depreciable,3411.221,BRL millions,3411.221,BRL millions,1,c8103767c8299b0f0f4f,https://www.rad.cvm.gov.br/ENETWeb/frmDownloadDocumento.aspx?Tela=ext&descTipo=IPE&CodigoInstituicao=1&numProtocolo=1358717&numSequencia=883443&numVersao=4,unigel_cvm_2024_v4.pdf,58,consolidated own PPE excluding separately disclosed ROU,published normalized aggregate; exclusions/version boundary in extraction note,extractions/notes_eletrobras_unigel/unigel_ppe_2017_2024_brl_millions.csv,
