company,year,field,value,currency,unit,scope,source_pdf,source_pdf_sha256,pdf_page,source_url,source_column,qualification
Unigel,2017,ebit,242.485,BRL,millions,consolidated,unigel_cvm_2018_v1.pdf,ff71c2cc57236291771359b347c0df1053d63d9c0ce381355318a28d805060a0,34,https://www.rad.cvm.gov.br/ENET/frmDownloadDocumento.aspx?Tela=ext&descTipo=IPE&CodigoInstituicao=1&numProtocolo=892164&numSequencia=416898&numVersao=1,2017 (fourth numeric column),Unstructured official CVM annual original2018 statement;2017 comparative. Signed tax provision; total net income includes discontinued income50.744 in2017. Not cash taxes. Use only where structured DFP field absent.
Unigel,2017,ebt,-110.051,BRL,millions,consolidated,unigel_cvm_2018_v1.pdf,ff71c2cc57236291771359b347c0df1053d63d9c0ce381355318a28d805060a0,34,https://www.rad.cvm.gov.br/ENET/frmDownloadDocumento.aspx?Tela=ext&descTipo=IPE&CodigoInstituicao=1&numProtocolo=892164&numSequencia=416898&numVersao=1,2017 (fourth numeric column),Unstructured official CVM annual original2018 statement;2017 comparative. Signed tax provision; total net income includes discontinued income50.744 in2017. Not cash taxes. Use only where structured DFP field absent.
Unigel,2017,income_tax_signed,-1.113,BRL,millions,consolidated,unigel_cvm_2018_v1.pdf,ff71c2cc57236291771359b347c0df1053d63d9c0ce381355318a28d805060a0,34,https://www.rad.cvm.gov.br/ENET/frmDownloadDocumento.aspx?Tela=ext&descTipo=IPE&CodigoInstituicao=1&numProtocolo=892164&numSequencia=416898&numVersao=1,2017 (fourth numeric column),Unstructured official CVM annual original2018 statement;2017 comparative. Signed tax provision; total net income includes discontinued income50.744 in2017. Not cash taxes. Use only where structured DFP field absent.
Unigel,2017,net_income,-60.42,BRL,millions,consolidated,unigel_cvm_2018_v1.pdf,ff71c2cc57236291771359b347c0df1053d63d9c0ce381355318a28d805060a0,34,https://www.rad.cvm.gov.br/ENET/frmDownloadDocumento.aspx?Tela=ext&descTipo=IPE&CodigoInstituicao=1&numProtocolo=892164&numSequencia=416898&numVersao=1,2017 (fourth numeric column),Unstructured official CVM annual original2018 statement;2017 comparative. Signed tax provision; total net income includes discontinued income50.744 in2017. Not cash taxes. Use only where structured DFP field absent.
Unigel,2018,ebit,282.888,BRL,millions,consolidated,unigel_cvm_2018_v1.pdf,ff71c2cc57236291771359b347c0df1053d63d9c0ce381355318a28d805060a0,34,https://www.rad.cvm.gov.br/ENET/frmDownloadDocumento.aspx?Tela=ext&descTipo=IPE&CodigoInstituicao=1&numProtocolo=892164&numSequencia=416898&numVersao=1,2018 (third numeric column),Unstructured official CVM annual original2018 statement;2017 comparative. Signed tax provision; total net income includes discontinued income50.744 in2017. Not cash taxes. Use only where structured DFP field absent.
Unigel,2018,ebt,-15.985,BRL,millions,consolidated,unigel_cvm_2018_v1.pdf,ff71c2cc57236291771359b347c0df1053d63d9c0ce381355318a28d805060a0,34,https://www.rad.cvm.gov.br/ENET/frmDownloadDocumento.aspx?Tela=ext&descTipo=IPE&CodigoInstituicao=1&numProtocolo=892164&numSequencia=416898&numVersao=1,2018 (third numeric column),Unstructured official CVM annual original2018 statement;2017 comparative. Signed tax provision; total net income includes discontinued income50.744 in2017. Not cash taxes. Use only where structured DFP field absent.
Unigel,2018,income_tax_signed,-15.774,BRL,millions,consolidated,unigel_cvm_2018_v1.pdf,ff71c2cc57236291771359b347c0df1053d63d9c0ce381355318a28d805060a0,34,https://www.rad.cvm.gov.br/ENET/frmDownloadDocumento.aspx?Tela=ext&descTipo=IPE&CodigoInstituicao=1&numProtocolo=892164&numSequencia=416898&numVersao=1,2018 (third numeric column),Unstructured official CVM annual original2018 statement;2017 comparative. Signed tax provision; total net income includes discontinued income50.744 in2017. Not cash taxes. Use only where structured DFP field absent.
Unigel,2018,net_income,-31.759,BRL,millions,consolidated,unigel_cvm_2018_v1.pdf,ff71c2cc57236291771359b347c0df1053d63d9c0ce381355318a28d805060a0,34,https://www.rad.cvm.gov.br/ENET/frmDownloadDocumento.aspx?Tela=ext&descTipo=IPE&CodigoInstituicao=1&numProtocolo=892164&numSequencia=416898&numVersao=1,2018 (third numeric column),Unstructured official CVM annual original2018 statement;2017 comparative. Signed tax provision; total net income includes discontinued income50.744 in2017. Not cash taxes. Use only where structured DFP field absent.
Unigel,2019,ebit,246.982,BRL,millions,consolidated,unigel_cvm_2019_v1.pdf,9189ae1139ebcd831fc103d5389c653f9fa53f77698a86f1bb27dd692ae9287d,41,https://www.rad.cvm.gov.br/ENETWeb/frmDownloadDocumento.aspx?Tela=ext&descTipo=IPE&CodigoInstituicao=1&numProtocolo=892165&numSequencia=416899&numVersao=1,2019 consolidated (third numeric column; printed page40),Direct own-year official CVM annual2019 v1 statement; source reported BRLthousands normalized by0.001. EBIT246982; EBT-51693; tax current-16643 plus deferred95597 = signed tax benefit78954; net income27261. Use only where structured DFP field absent. Tax provision is not cash tax.
Unigel,2019,ebt,-51.693,BRL,millions,consolidated,unigel_cvm_2019_v1.pdf,9189ae1139ebcd831fc103d5389c653f9fa53f77698a86f1bb27dd692ae9287d,41,https://www.rad.cvm.gov.br/ENETWeb/frmDownloadDocumento.aspx?Tela=ext&descTipo=IPE&CodigoInstituicao=1&numProtocolo=892165&numSequencia=416899&numVersao=1,2019 consolidated (third numeric column; printed page40),Direct own-year official CVM annual2019 v1 statement; source reported BRLthousands normalized by0.001. EBIT246982; EBT-51693; tax current-16643 plus deferred95597 = signed tax benefit78954; net income27261. Use only where structured DFP field absent. Tax provision is not cash tax.
Unigel,2019,income_tax_signed,78.954,BRL,millions,consolidated,unigel_cvm_2019_v1.pdf,9189ae1139ebcd831fc103d5389c653f9fa53f77698a86f1bb27dd692ae9287d,41,https://www.rad.cvm.gov.br/ENETWeb/frmDownloadDocumento.aspx?Tela=ext&descTipo=IPE&CodigoInstituicao=1&numProtocolo=892165&numSequencia=416899&numVersao=1,2019 consolidated (third numeric column; printed page40),Direct own-year official CVM annual2019 v1 statement; source reported BRLthousands normalized by0.001. EBIT246982; EBT-51693; tax current-16643 plus deferred95597 = signed tax benefit78954; net income27261. Use only where structured DFP field absent. Tax provision is not cash tax.
Unigel,2019,net_income,27.261,BRL,millions,consolidated,unigel_cvm_2019_v1.pdf,9189ae1139ebcd831fc103d5389c653f9fa53f77698a86f1bb27dd692ae9287d,41,https://www.rad.cvm.gov.br/ENETWeb/frmDownloadDocumento.aspx?Tela=ext&descTipo=IPE&CodigoInstituicao=1&numProtocolo=892165&numSequencia=416899&numVersao=1,2019 consolidated (third numeric column; printed page40),Direct own-year official CVM annual2019 v1 statement; source reported BRLthousands normalized by0.001. EBIT246982; EBT-51693; tax current-16643 plus deferred95597 = signed tax benefit78954; net income27261. Use only where structured DFP field absent. Tax provision is not cash tax.
