company,year,ppe_ad,ppe_depreciation,ppe_gross_depreciable,missing_input_reason,note_qualification,unit,scope,model_input_status,notes_pair_complete,note_source_table,note_source_url,note_source_pdf,note_pdf_page,note_charge_source_pdf,note_charge_pdf_page
Vale,2016,68964.0,9572.0,181255.0,,"Report labels stock accumulated depreciation; policy states non-mineral PPE straight-line, land not depreciated. Excludes separately identified mineral depletion and ROU charges. Reported cost is accounting basis after impairment treatment; not reconstructed historical original cost. Ratio is accounting stock/charge, not physical age.",BRL millions,"consolidated; all owned non-mineral PPE incl buildings; excludes mineral properties,ROU,CIP",notes_pair_complete,true,extractions/notes_vale_petrobras/vale_owned_nonmineral_AD_Dep_2016_2025.csv,https://api.mziq.com/mzfilemanager/v2/d/53207d1c-63b4-48f1-96b7-19869fae19fe/172d22c6-df4b-476a-b623-7de0cd723a69?origin=2,vale_2016.pdf,42,vale_2016.pdf,42
Vale,2017,78693.0,9225.0,207614.0,,"Report labels stock accumulated depreciation; policy states non-mineral PPE straight-line, land not depreciated. Excludes separately identified mineral depletion and ROU charges. Reported cost is accounting basis after impairment treatment; not reconstructed historical original cost. Ratio is accounting stock/charge, not physical age.",BRL millions,"consolidated; all owned non-mineral PPE incl buildings; excludes mineral properties,ROU,CIP",notes_pair_complete,true,extractions/notes_vale_petrobras/vale_owned_nonmineral_AD_Dep_2016_2025.csv,https://api.mziq.com/mzfilemanager/v2/d/53207d1c-63b4-48f1-96b7-19869fae19fe/2709c3ee-463a-4f49-852e-9f73faf5b0ea?origin=2,vale_2017.pdf,42,vale_2017.pdf,42
Vale,2018,93517.0,9750.0,232488.0,,"Report labels stock accumulated depreciation; policy states non-mineral PPE straight-line, land not depreciated. Excludes separately identified mineral depletion and ROU charges. Reported cost is accounting basis after impairment treatment; not reconstructed historical original cost. Ratio is accounting stock/charge, not physical age.",BRL millions,"consolidated; all owned non-mineral PPE incl buildings; excludes mineral properties,ROU,CIP",notes_pair_complete,true,extractions/notes_vale_petrobras/vale_owned_nonmineral_AD_Dep_2016_2025.csv,https://api.mziq.com/mzfilemanager/v2/d/53207d1c-63b4-48f1-96b7-19869fae19fe/9907537c-4211-4b50-91b1-2f80fdb10196?origin=2,vale_2018.pdf,47,vale_2018.pdf,47
Vale,2019,109518.0,10709.0,236609.0,,"Report labels stock accumulated depreciation; policy states non-mineral PPE straight-line, land not depreciated. Excludes separately identified mineral depletion and ROU charges. Reported cost is accounting basis after impairment treatment; not reconstructed historical original cost. Ratio is accounting stock/charge, not physical age.",BRL millions,"consolidated; all owned non-mineral PPE incl buildings; excludes mineral properties,ROU,CIP",notes_pair_complete,true,extractions/notes_vale_petrobras/vale_owned_nonmineral_AD_Dep_2016_2025.csv,https://api.mziq.com/mzfilemanager/v2/d/53207d1c-63b4-48f1-96b7-19869fae19fe/84951752-d83d-41cd-b115-4fd7b738bae1?origin=2,vale_2019.pdf,49,vale_2019.pdf,49
Vale,2020,109745.0,10780.0,,,"Report labels stock accumulated depreciation; policy states non-mineral PPE straight-line, land not depreciated. Excludes separately identified mineral depletion and ROU charges. Reported cost is accounting basis after impairment treatment; not reconstructed historical original cost. Ratio is accounting stock/charge, not physical age.",BRL millions,"consolidated; all owned non-mineral PPE incl buildings; excludes mineral properties,ROU,CIP",notes_pair_complete,true,extractions/notes_vale_petrobras/vale_owned_nonmineral_AD_Dep_2016_2025.csv,https://api.mziq.com/mzfilemanager/v2/d/53207d1c-63b4-48f1-96b7-19869fae19fe/bcfa1e1d-2d80-4546-82c8-80f74dee7977?origin=2,vale_2020.pdf,43,vale_2020.pdf,43
Vale,2021,120116.0,10829.0,,,"Report labels stock accumulated depreciation; policy states non-mineral PPE straight-line, land not depreciated. Excludes separately identified mineral depletion and ROU charges. Reported cost is accounting basis after impairment treatment; not reconstructed historical original cost. Ratio is accounting stock/charge, not physical age.",BRL millions,"consolidated; all owned non-mineral PPE incl buildings; excludes mineral properties,ROU,CIP",notes_pair_complete,true,extractions/notes_vale_petrobras/vale_owned_nonmineral_AD_Dep_2016_2025.csv,https://api.mziq.com/mzfilemanager/v2/d/53207d1c-63b4-48f1-96b7-19869fae19fe/cea5c27d-00e1-fa3b-a62c-57440b5bab0a?origin=2,vale_2021.pdf,46,vale_2021.pdf,46
Vale,2022,122327.0,10564.0,,,"Report labels stock accumulated depreciation; policy states non-mineral PPE straight-line, land not depreciated. Excludes separately identified mineral depletion and ROU charges. Reported cost is accounting basis after impairment treatment; not reconstructed historical original cost. Ratio is accounting stock/charge, not physical age.",BRL millions,"consolidated; all owned non-mineral PPE incl buildings; excludes mineral properties,ROU,CIP",notes_pair_complete,true,extractions/notes_vale_petrobras/vale_owned_nonmineral_AD_Dep_2016_2025.csv,https://api.mziq.com/mzfilemanager/v2/d/53207d1c-63b4-48f1-96b7-19869fae19fe/1cd0e346-58b0-7345-49a9-0bafb9bb4e20?origin=2,vale_2022.pdf,52,vale_2022.pdf,52
Vale,2023,113707.0,11011.0,,,"Report labels stock accumulated depreciation; policy states non-mineral PPE straight-line, land not depreciated. Excludes separately identified mineral depletion and ROU charges. Reported cost is accounting basis after impairment treatment; not reconstructed historical original cost. Ratio is accounting stock/charge, not physical age.",BRL millions,"consolidated; all owned non-mineral PPE incl buildings; excludes mineral properties,ROU,CIP",notes_pair_complete,true,extractions/notes_vale_petrobras/vale_owned_nonmineral_AD_Dep_2016_2025.csv,https://api.mziq.com/mzfilemanager/v2/d/53207d1c-63b4-48f1-96b7-19869fae19fe/17e39185-7be2-1938-06ff-65fcc417faf6?origin=2,vale_2023.pdf,54,vale_2023.pdf,54
Vale,2024,135441.0,11586.0,,,"Report labels stock accumulated depreciation; policy states non-mineral PPE straight-line, land not depreciated. Excludes separately identified mineral depletion and ROU charges. Reported cost is accounting basis after impairment treatment; not reconstructed historical original cost. Ratio is accounting stock/charge, not physical age.",BRL millions,"consolidated; all owned non-mineral PPE incl buildings; excludes mineral properties,ROU,CIP",notes_pair_complete,true,extractions/notes_vale_petrobras/vale_owned_nonmineral_AD_Dep_2016_2025.csv,https://api.mziq.com/mzfilemanager/v2/d/53207d1c-63b4-48f1-96b7-19869fae19fe/2c40e129-b431-b356-e932-6db7b2d1728a?origin=2,vale_2024.pdf,56,vale_2024.pdf,56
Vale,2025,139662.0,12844.0,,,"Report labels stock accumulated depreciation; policy states non-mineral PPE straight-line, land not depreciated. Excludes separately identified mineral depletion and ROU charges. Reported cost is accounting basis after impairment treatment; not reconstructed historical original cost. Ratio is accounting stock/charge, not physical age.",BRL millions,"consolidated; all owned non-mineral PPE incl buildings; excludes mineral properties,ROU,CIP",notes_pair_complete,true,extractions/notes_vale_petrobras/vale_owned_nonmineral_AD_Dep_2016_2025.csv,https://api.mziq.com/mzfilemanager/v2/d/53207d1c-63b4-48f1-96b7-19869fae19fe/218604da-30c7-43a2-cfb0-c392dc272c73?origin=2,vale_2025.pdf,35,vale_2025.pdf,35
Petrobras,2016,,,,Petrobras reported accumulated stock is not verified total pure depreciation; requires consistent DDA/depletion treatment and impairment separation,,BRL millions,consolidated,notes_pair_incomplete,false,,,,,,
Petrobras,2017,,,,Petrobras reported accumulated stock is not verified total pure depreciation; requires consistent DDA/depletion treatment and impairment separation,,BRL millions,consolidated,notes_pair_incomplete,false,,,,,,
Petrobras,2018,,,,Petrobras reported accumulated stock is not verified total pure depreciation; requires consistent DDA/depletion treatment and impairment separation,,BRL millions,consolidated,notes_pair_incomplete,false,,,,,,
Petrobras,2019,,,,Petrobras reported accumulated stock is not verified total pure depreciation; requires consistent DDA/depletion treatment and impairment separation,,BRL millions,consolidated,notes_pair_incomplete,false,,,,,,
Petrobras,2020,,,,Petrobras reported accumulated stock is not verified total pure depreciation; requires consistent DDA/depletion treatment and impairment separation,,BRL millions,consolidated,notes_pair_incomplete,false,,,,,,
Petrobras,2021,,,,Petrobras reported accumulated stock is not verified total pure depreciation; requires consistent DDA/depletion treatment and impairment separation,,BRL millions,consolidated,notes_pair_incomplete,false,,,,,,
Petrobras,2022,,,,Petrobras reported accumulated stock is not verified total pure depreciation; requires consistent DDA/depletion treatment and impairment separation,,BRL millions,consolidated,notes_pair_incomplete,false,,,,,,
Petrobras,2023,,,,Petrobras reported accumulated stock is not verified total pure depreciation; requires consistent DDA/depletion treatment and impairment separation,,BRL millions,consolidated,notes_pair_incomplete,false,,,,,,
Petrobras,2024,,,,Petrobras reported accumulated stock is not verified total pure depreciation; requires consistent DDA/depletion treatment and impairment separation,,BRL millions,consolidated,notes_pair_incomplete,false,,,,,,
Petrobras,2025,,,,Petrobras reported accumulated stock is not verified total pure depreciation; requires consistent DDA/depletion treatment and impairment separation,,BRL millions,consolidated,notes_pair_incomplete,false,,,,,,
Gerdau,2016,24649.708,,,LAND NOT SEPARABLE; annual charge combines depreciation and depletion; gross may be impairment-adjusted; separate ROU excluded; no exact depreciable aggregate or physical age/life;gross depreciable basis blank because land mixed,LAND NOT SEPARABLE; annual charge combines depreciation and depletion; gross may be impairment-adjusted; separate ROU excluded; no exact depreciable aggregate or physical age/life;gross depreciable basis blank because land mixed,BRL millions,consolidated,notes_pair_incomplete,false,extractions/notes_industrials/Gerdau_aggregates_2016_2025.csv,https://api.mziq.com/mzfilemanager/d/21e1d193-5cab-456d-8bb8-f00a49a43c1c/77969d2f-6e53-4f51-bcdc-6953dda9b6f1?origin=2,Gerdau_2016_DFP.pdf,53,,
Gerdau,2017,23496.575,,,LAND NOT SEPARABLE; annual charge combines depreciation and depletion; gross may be impairment-adjusted; separate ROU excluded; no exact depreciable aggregate or physical age/life;gross depreciable basis blank because land mixed,LAND NOT SEPARABLE; annual charge combines depreciation and depletion; gross may be impairment-adjusted; separate ROU excluded; no exact depreciable aggregate or physical age/life;gross depreciable basis blank because land mixed,BRL millions,consolidated,notes_pair_incomplete,false,extractions/notes_industrials/Gerdau_aggregates_2016_2025.csv,https://api.mziq.com/mzfilemanager/d/21e1d193-5cab-456d-8bb8-f00a49a43c1c/bc16ecf2-8fba-480e-a745-e12dccc00094?origin=2,Gerdau_2017_DFP.pdf,53,,
Gerdau,2018,25525.705,,,LAND NOT SEPARABLE; annual charge combines depreciation and depletion; gross may be impairment-adjusted; separate ROU excluded; no exact depreciable aggregate or physical age/life;gross depreciable basis blank because land mixed,LAND NOT SEPARABLE; annual charge combines depreciation and depletion; gross may be impairment-adjusted; separate ROU excluded; no exact depreciable aggregate or physical age/life;gross depreciable basis blank because land mixed,BRL millions,consolidated,notes_pair_incomplete,false,extractions/notes_industrials/Gerdau_aggregates_2016_2025.csv,https://api.mziq.com/mzfilemanager/d/21e1d193-5cab-456d-8bb8-f00a49a43c1c/c1cc5df7-7edc-4848-ae72-2e54af51c643?origin=2,Gerdau_2018_DFP.pdf,59,,
Gerdau,2019,27390.344,,,LAND NOT SEPARABLE; annual charge combines depreciation and depletion; gross may be impairment-adjusted; separate ROU excluded; no exact depreciable aggregate or physical age/life;gross depreciable basis blank because land mixed,LAND NOT SEPARABLE; annual charge combines depreciation and depletion; gross may be impairment-adjusted; separate ROU excluded; no exact depreciable aggregate or physical age/life;gross depreciable basis blank because land mixed,BRL millions,consolidated,notes_pair_incomplete,false,extractions/notes_industrials/Gerdau_aggregates_2016_2025.csv,https://api.mziq.com/mzfilemanager/d/21e1d193-5cab-456d-8bb8-f00a49a43c1c/2ef4332d-5f08-4eb3-9299-94c35c969e40?origin=2,Gerdau_2019_DFP.pdf,46,,
Gerdau,2020,31842.295,,,LAND NOT SEPARABLE; annual charge combines depreciation and depletion; gross may be impairment-adjusted; separate ROU excluded; no exact depreciable aggregate or physical age/life;gross depreciable basis blank because land mixed,LAND NOT SEPARABLE; annual charge combines depreciation and depletion; gross may be impairment-adjusted; separate ROU excluded; no exact depreciable aggregate or physical age/life;gross depreciable basis blank because land mixed,BRL millions,consolidated,notes_pair_incomplete,false,extractions/notes_industrials/Gerdau_aggregates_2016_2025.csv,https://api.mziq.com/mzfilemanager/v2/d/21e1d193-5cab-456d-8bb8-f00a49a43c1c/23e3eb80-27bd-cdaa-4525-10f55f55c4a7?origin=2,Gerdau_2020_DFP.pdf,64,,
Gerdau,2021,34168.146,,,LAND NOT SEPARABLE; annual charge combines depreciation and depletion; gross may be impairment-adjusted; separate ROU excluded; no exact depreciable aggregate or physical age/life;gross depreciable basis blank because land mixed,LAND NOT SEPARABLE; annual charge combines depreciation and depletion; gross may be impairment-adjusted; separate ROU excluded; no exact depreciable aggregate or physical age/life;gross depreciable basis blank because land mixed,BRL millions,consolidated,notes_pair_incomplete,false,extractions/notes_industrials/Gerdau_aggregates_2016_2025.csv,https://api.mziq.com/mzfilemanager/v2/d/21e1d193-5cab-456d-8bb8-f00a49a43c1c/4731decc-34f4-25ea-8c6b-792d7542f00b?origin=2,Gerdau_2021_DFP.pdf,64,,
Gerdau,2022,34757.647,,,LAND NOT SEPARABLE; annual charge combines depreciation and depletion; gross may be impairment-adjusted; separate ROU excluded; no exact depreciable aggregate or physical age/life;gross depreciable basis blank because land mixed,LAND NOT SEPARABLE; annual charge combines depreciation and depletion; gross may be impairment-adjusted; separate ROU excluded; no exact depreciable aggregate or physical age/life;gross depreciable basis blank because land mixed,BRL millions,consolidated,notes_pair_incomplete,false,extractions/notes_industrials/Gerdau_aggregates_2016_2025.csv,https://api.mziq.com/mzfilemanager/v2/d/21e1d193-5cab-456d-8bb8-f00a49a43c1c/eed51464-cc34-d6fc-2d06-b09b7b2abd27?origin=2,Gerdau_2022_DFP.pdf,64,,
Gerdau,2023,35378.901,,,"LAND NOT SEPARABLE; annual charge combines depreciation and depletion; gross may be impairment-adjusted; separate ROU excluded; no exact depreciable aggregate or physical age/life;gross depreciable basis blank because land mixed; English20F calls matching flow Depreciation, but accounting policy includes mining depletion within land/buildings. Label alone does not prove pure depreciation. Retained only as separate consumption sensitivity; excluded from primary comparable adjustment.","LAND NOT SEPARABLE; annual charge combines depreciation and depletion; gross may be impairment-adjusted; separate ROU excluded; no exact depreciable aggregate or physical age/life;gross depreciable basis blank because land mixed; English20F calls matching flow Depreciation, but accounting policy includes mining depletion within land/buildings. Label alone does not prove pure depreciation. Retained only as separate consumption sensitivity; excluded from primary comparable adjustment.",BRL millions,consolidated,notes_pair_incomplete,false,extractions/notes_industrials/Gerdau_aggregates_2016_2025.csv,https://api.mziq.com/mzfilemanager/v2/d/21e1d193-5cab-456d-8bb8-f00a49a43c1c/e7c3ac7f-d3f3-dec9-ffbf-158b789512e2?origin=2,Gerdau_2023_DFP.pdf,72,,
Gerdau,2024,42052.21,,,"LAND NOT SEPARABLE; annual charge combines depreciation and depletion; gross may be impairment-adjusted; separate ROU excluded; no exact depreciable aggregate or physical age/life;gross depreciable basis blank because land mixed; English20F calls matching flow Depreciation, but accounting policy includes mining depletion within land/buildings. Label alone does not prove pure depreciation. Retained only as separate consumption sensitivity; excluded from primary comparable adjustment.","LAND NOT SEPARABLE; annual charge combines depreciation and depletion; gross may be impairment-adjusted; separate ROU excluded; no exact depreciable aggregate or physical age/life;gross depreciable basis blank because land mixed; English20F calls matching flow Depreciation, but accounting policy includes mining depletion within land/buildings. Label alone does not prove pure depreciation. Retained only as separate consumption sensitivity; excluded from primary comparable adjustment.",BRL millions,consolidated,notes_pair_incomplete,false,extractions/notes_industrials/Gerdau_aggregates_2016_2025.csv,https://api.mziq.com/mzfilemanager/v2/d/21e1d193-5cab-456d-8bb8-f00a49a43c1c/ef254a89-51fa-cebe-b5b1-5a2405e145dd?origin=2,Gerdau_2024_DFP.pdf,69,,
Gerdau,2025,42949.739,,,"LAND NOT SEPARABLE; annual charge combines depreciation and depletion; gross may be impairment-adjusted; separate ROU excluded; no exact depreciable aggregate or physical age/life;gross depreciable basis blank because land mixed; English20F calls matching flow Depreciation, but accounting policy includes mining depletion within land/buildings. Label alone does not prove pure depreciation. Retained only as separate consumption sensitivity; excluded from primary comparable adjustment.","LAND NOT SEPARABLE; annual charge combines depreciation and depletion; gross may be impairment-adjusted; separate ROU excluded; no exact depreciable aggregate or physical age/life;gross depreciable basis blank because land mixed; English20F calls matching flow Depreciation, but accounting policy includes mining depletion within land/buildings. Label alone does not prove pure depreciation. Retained only as separate consumption sensitivity; excluded from primary comparable adjustment.",BRL millions,consolidated,notes_pair_incomplete,false,extractions/notes_industrials/Gerdau_aggregates_2016_2025.csv,https://api.mziq.com/mzfilemanager/v2/d/21e1d193-5cab-456d-8bb8-f00a49a43c1c/384d4d5a-11c3-2383-28e1-55287f8a1bcb?origin=2,Gerdau_2025_DFP.pdf,63,,
CSN,2016,9590.238,1254.179,25200.624,,Accounting proxy only; no physical age/life or validated linear steady-state; impairments may reduce gross; pre2019 embedded finance-leased PPE not separately removable; 2020 source records458 depreciation in land column excluded here,BRL millions,consolidated,notes_pair_complete,true,extractions/notes_industrials/CSN_aggregates_2016_2025.csv,https://api.mziq.com/mzfilemanager/d/29633c00-23f7-4765-9594-926012179477/b93de9b4-aae0-4f2c-b7cb-3cf20c6c0de4?origin=2,CSN_2016_DFP.pdf,84,CSN_2016_DFP.pdf,84
CSN,2017,11118.375,1380.193,26327.539,,Accounting proxy only; no physical age/life or validated linear steady-state; impairments may reduce gross; pre2019 embedded finance-leased PPE not separately removable; 2020 source records458 depreciation in land column excluded here,BRL millions,consolidated,notes_pair_complete,true,extractions/notes_industrials/CSN_aggregates_2016_2025.csv,https://api.mziq.com/mzfilemanager/d/29633c00-23f7-4765-9594-926012179477/90aaa7f2-2a70-4117-9980-b7113663dca4?origin=2,CSN_2017_DFP.pdf,66,CSN_2017_DFP.pdf,66
CSN,2018,12222.736,1205.572,26699.31,,Accounting proxy only; no physical age/life or validated linear steady-state; impairments may reduce gross; pre2019 embedded finance-leased PPE not separately removable; 2020 source records458 depreciation in land column excluded here,BRL millions,consolidated,notes_pair_complete,true,extractions/notes_industrials/CSN_aggregates_2016_2025.csv,https://api.mziq.com/mzfilemanager/d/29633c00-23f7-4765-9594-926012179477/d219ac74-9311-5565-733d-f3feb34e6d47?origin=2,CSN_2018_DFP.pdf,66,CSN_2018_DFP.pdf,66
CSN,2019,13394.76,1407.376,29179.358,,Accounting proxy only; no physical age/life or validated linear steady-state; impairments may reduce gross; pre2019 embedded finance-leased PPE not separately removable; 2020 source records458 depreciation in land column excluded here,BRL millions,consolidated,notes_pair_complete,true,extractions/notes_industrials/CSN_aggregates_2016_2025.csv,https://api.mziq.com/mzfilemanager/d/29633c00-23f7-4765-9594-926012179477/704f07a5-a825-0467-6711-3371d3ab3a76?origin=2,CSN_2019_DFP.pdf,67,CSN_2019_DFP.pdf,67
CSN,2020,16301.769,2376.184,31563.316,,Accounting proxy only; no physical age/life or validated linear steady-state; impairments may reduce gross; pre2019 embedded finance-leased PPE not separately removable; 2020 source records458 depreciation in land column excluded here,BRL millions,consolidated,notes_pair_complete,true,extractions/notes_industrials/CSN_aggregates_2016_2025.csv,https://api.mziq.com/mzfilemanager/v2/d/29633c00-23f7-4765-9594-926012179477/009e737f-3b3d-c178-98ab-d445435202c5?origin=2,CSN_2020_DFP.pdf,83,CSN_2020_DFP.pdf,83
CSN,2021,18387.02,2044.589,35343.153,,Accounting proxy only; no physical age/life or validated linear steady-state; impairments may reduce gross; pre2019 embedded finance-leased PPE not separately removable; 2020 source records458 depreciation in land column excluded here,BRL millions,consolidated,notes_pair_complete,true,extractions/notes_industrials/CSN_aggregates_2016_2025.csv,https://api.mziq.com/mzfilemanager/v2/d/29633c00-23f7-4765-9594-926012179477/c5874afe-e181-f6df-c2f3-666986ce69a6?origin=2,CSN_2021_DFP.pdf,96,CSN_2021_DFP.pdf,96
CSN,2022,24828.556,2615.319,46043.464,,Accounting proxy only; no physical age/life or validated linear steady-state; impairments may reduce gross; pre2019 embedded finance-leased PPE not separately removable; 2020 source records458 depreciation in land column excluded here,BRL millions,consolidated,notes_pair_complete,true,extractions/notes_industrials/CSN_aggregates_2016_2025.csv,https://api.mziq.com/mzfilemanager/v2/d/29633c00-23f7-4765-9594-926012179477/dfd0e81e-8f20-49fb-5a2f-4309cb1e86a1?origin=2,CSN_2022_DFP.pdf,110,CSN_2022_DFP.pdf,110
CSN,2023,27564.367,2962.287,49866.602,,Accounting proxy only; no physical age/life or validated linear steady-state; impairments may reduce gross; pre2019 embedded finance-leased PPE not separately removable; 2020 source records458 depreciation in land column excluded here,BRL millions,consolidated,notes_pair_complete,true,extractions/notes_industrials/CSN_aggregates_2016_2025.csv,https://api.mziq.com/mzfilemanager/v2/d/29633c00-23f7-4765-9594-926012179477/1271455a-57ba-7be2-ebae-f102efa70010?origin=2,CSN_2023_DFP.pdf,91,CSN_2023_DFP.pdf,91
CSN,2024,30874.101,3337.847,54069.258,,Accounting proxy only; no physical age/life or validated linear steady-state; impairments may reduce gross; pre2019 embedded finance-leased PPE not separately removable; 2020 source records458 depreciation in land column excluded here,BRL millions,consolidated,notes_pair_complete,true,extractions/notes_industrials/CSN_aggregates_2016_2025.csv,https://api.mziq.com/mzfilemanager/v2/d/29633c00-23f7-4765-9594-926012179477/ffec04ca-09b8-63d6-cb84-2eda6519666a?origin=2,CSN_2024_DFP.pdf,80,CSN_2024_DFP.pdf,80
CSN,2025,31343.069,3672.315,55726.74,,Accounting proxy only; no physical age/life or validated linear steady-state; impairments may reduce gross; pre2019 embedded finance-leased PPE not separately removable; 2020 source records458 depreciation in land column excluded here,BRL millions,consolidated,notes_pair_complete,true,extractions/notes_industrials/CSN_aggregates_2016_2025.csv,https://api.mziq.com/mzfilemanager/v2/d/29633c00-23f7-4765-9594-926012179477/3f0ddc2a-7477-3254-4053-4b83526f457e?origin=2,CSN_2025_DFP.pdf,92,CSN_2025_DFP.pdf,92
Suzano,2016,6852.495,795.353,18328.528,,Own-year consolidated PPE note15; no physical age/life claim; separate biological depletion and ROU excluded; machinery includes finance-leased PPE; impairment192538 reduced landgross,BRL millions,consolidated,notes_pair_complete,true,extractions/notes_industrials/Suzano_aggregates_2016_2025.csv,https://s201.q4cdn.com/761980458/files/doc_financials/2016/q4/Suzano-Papel-DFP-2016_English-Version.pdf,Suzano_2016_tenq.pdf,74,Suzano_2016_tenq.pdf,74
Suzano,2017,7571.498,799.856,18950.399,,Own-year consolidated PPE note15; no physical age/life claim; separate biological depletion and ROU excluded; machinery includes finance-leased PPE,BRL millions,consolidated,notes_pair_complete,true,extractions/notes_industrials/Suzano_aggregates_2016_2025.csv,https://s201.q4cdn.com/761980458/files/doc_financials/2017/q4/Financial-Statement_Suzano-2017.pdf,Suzano_2017_tenq.pdf,68,Suzano_2017_tenq.pdf,68
Suzano,2018,8382.254,872.92,19854.143,,Own-year consolidated PPE note15; no physical age/life claim; separate biological depletion and ROU excluded; machinery includes finance-leased PPE;PPAaddedvalue remains separate depreciable class and dep4178 included; gross/net source total rounding2thousand,BRL millions,consolidated,notes_pair_complete,true,extractions/notes_industrials/Suzano_aggregates_2016_2025.csv,https://s201.q4cdn.com/761980458/files/doc_financials/2018/q4/668310.pdf,Suzano_2018_tenq.pdf,84,Suzano_2018_tenq.pdf,84
Suzano,2019,22392.022,,52221.692,Own-year consolidated PPE note15; no physical age/life claim; separate biological depletion and ROU excluded;ANNUAL CHARGE INCOMPLETE: depsection Additions2470251 plus PPAFibria additions624327 and FVFacepa12318/FVIbema593 separately; cannot label2470251 complete annualPPEdepreciation;strict annual depreciation left blank; disclosed base charge2470251 not full annualPPEcharge,Own-year consolidated PPE note15; no physical age/life claim; separate biological depletion and ROU excluded;ANNUAL CHARGE INCOMPLETE: depsection Additions2470251 plus PPAFibria additions624327 and FVFacepa12318/FVIbema593 separately; cannot label2470251 complete annualPPEdepreciation;strict annual depreciation left blank; disclosed base charge2470251 not full annualPPEcharge,BRL millions,consolidated,notes_pair_incomplete,false,extractions/notes_industrials/Suzano_aggregates_2016_2025.csv,https://s201.q4cdn.com/761980458/files/doc_financials/2019/q4/2019-12-DFP2019-EN_SEC_12.02.20_V6-(FINAL)-Clean-(com-relatrio-e-parecer).pdf,Suzano_2019_tenq.pdf,71,,
Suzano,2020,25086.023,2792.457,53447.224,,Own-year consolidated PPE note15; no physical age/life claim; separate biological depletion and ROU excluded,BRL millions,consolidated,notes_pair_complete,true,extractions/notes_industrials/Suzano_aggregates_2016_2025.csv,https://s201.q4cdn.com/761980458/files/doc_financials/2020/q4/2020-12-DFP2020-EN_09.02.2021_V8_FINAL_DF-RA-Release.pdf,Suzano_2020_tenq.pdf,68,Suzano_2020_tenq.pdf,68
Suzano,2021,27695.365,2808.671,54470.051,,Own-year consolidated PPE note15; no physical age/life claim; separate biological depletion and ROU excluded,BRL millions,consolidated,notes_pair_complete,true,extractions/notes_industrials/Suzano_aggregates_2016_2025.csv,https://s201.q4cdn.com/761980458/files/doc_financials/2021/q4/2021-12-DFP2021-EN_09.02.2022_FINAL_MR_ER.pdf,Suzano_2021_tenq.pdf,68,Suzano_2021_tenq.pdf,68
Suzano,2022,30289.493,2802.056,56086.568,,Own-year consolidated PPE note15; no physical age/life claim; separate biological depletion and ROU excluded,BRL millions,consolidated,notes_pair_complete,true,extractions/notes_industrials/Suzano_aggregates_2016_2025.csv,https://s201.q4cdn.com/761980458/files/doc_news/2023/02/4Q22/2022-12-DFP-EN.pdf,Suzano_2022_tenq.pdf,61,Suzano_2022_tenq.pdf,61
Suzano,2023,33035.746,3029.13,59980.517,,Own-year consolidated PPE note15; no physical age/life claim; separate biological depletion and ROU excluded,BRL millions,consolidated,notes_pair_complete,true,extractions/notes_industrials/Suzano_aggregates_2016_2025.csv,https://s201.q4cdn.com/761980458/files/doc_news/2024/02/4t23/2023-12-DFP-Suzano-EN_assinado.pdf,Suzano_2023_tenq.pdf,62,Suzano_2023_tenq.pdf,62
Suzano,2024,33745.162,3803.941,78445.319,,Own-year consolidated PPE note15; no physical age/life claim; separate biological depletion and ROU excluded,BRL millions,consolidated,notes_pair_complete,true,extractions/notes_industrials/Suzano_aggregates_2016_2025.csv,https://s201.q4cdn.com/761980458/files/doc_news/2025/02/4T24/2024-12-DFP-Suzano-EN.pdf,Suzano_2024_tenq.pdf,65,Suzano_2024_tenq.pdf,65
Suzano,2025,37961.232,4845.176,82772.434,,Own-year consolidated PPE note15; no physical age/life claim; separate biological depletion and ROU excluded,BRL millions,consolidated,notes_pair_complete,true,extractions/notes_industrials/Suzano_aggregates_2016_2025.csv,https://s201.q4cdn.com/761980458/files/doc_news/2026/02/DF/2025-12-DFP-Suzano-EN.pdf,Suzano_2025_tenq.pdf,125,Suzano_2025_tenq.pdf,125
Klabin,2016,3537.212,805.832,13493.23,,Own-year composition; annual PPE depreciation production charge; separate biological depletion/ROU excluded; ±1 class rounding possible; no physical age/life implied,BRL millions,consolidated,notes_pair_complete,true,extractions/notes_industrials/Klabin_aggregates_2016_2025.csv,https://api.mziq.com/mzfilemanager/d/1c41fa99-efe7-4e72-81dd-5b571f5aa376/6e4fed38-d768-4c5b-a0b2-8cdddfb8e918?origin=2,Klabin_2016_DFP.pdf,77,Klabin_2016_DFP.pdf,78
Klabin,2017,4496.597,1019.621,14545.564,,Own-year composition; annual PPE depreciation production charge; separate biological depletion/ROU excluded; ±1 class rounding possible; no physical age/life implied,BRL millions,consolidated,notes_pair_complete,true,extractions/notes_industrials/Klabin_aggregates_2016_2025.csv,https://api.mziq.com/mzfilemanager/d/1c41fa99-efe7-4e72-81dd-5b571f5aa376/5aeddcab-8940-4d69-b7ee-12cba74f27a8?origin=2,Klabin_2017_DFP.pdf,76,Klabin_2017_DFP.pdf,77
Klabin,2018,5451.857,1095.31,15201.475,,Own-year composition; annual PPE depreciation production charge; separate biological depletion/ROU excluded; ±1 class rounding possible; no physical age/life implied,BRL millions,consolidated,notes_pair_complete,true,extractions/notes_industrials/Klabin_aggregates_2016_2025.csv,https://api.mziq.com/mzfilemanager/d/1c41fa99-efe7-4e72-81dd-5b571f5aa376/4f2b0976-126e-408a-8f76-83d7e3ceb007?origin=2,Klabin_2018_DFP.pdf,76,Klabin_2018_DFP.pdf,77
Klabin,2019,6510.665,1120.628,15668.006,,Own-year composition; annual PPE depreciation production charge; separate biological depletion/ROU excluded; ±1 class rounding possible; no physical age/life implied;2019 image tables transcribed visually,BRL millions,consolidated,notes_pair_complete,true,extractions/notes_industrials/Klabin_aggregates_2016_2025.csv,https://api.mziq.com/mzfilemanager/d/1c41fa99-efe7-4e72-81dd-5b571f5aa376/42b3a05c-2653-4529-943c-7380e8636a5c?origin=2,Klabin_2019_DFP.pdf,83,Klabin_2019_DFP.pdf,84
Klabin,2020,7678.892,1167.211,16327.103,,Own-year composition; annual PPE depreciation production charge; separate biological depletion/ROU excluded; ±1 class rounding possible; no physical age/life implied,BRL millions,consolidated,notes_pair_complete,true,extractions/notes_industrials/Klabin_aggregates_2016_2025.csv,https://api.mziq.com/mzfilemanager/v2/d/1c41fa99-efe7-4e72-81dd-5b571f5aa376/06d70c1d-68a5-32c0-af80-2d983444971c?origin=2,Klabin_2020_DFP.pdf,97,Klabin_2020_DFP.pdf,98
Klabin,2021,8707.777,1185.278,23105.542,,Own-year composition; annual PPE depreciation production charge; separate biological depletion/ROU excluded; ±1 class rounding possible; no physical age/life implied,BRL millions,consolidated,notes_pair_complete,true,extractions/notes_industrials/Klabin_aggregates_2016_2025.csv,https://api.mziq.com/mzfilemanager/v2/d/1c41fa99-efe7-4e72-81dd-5b571f5aa376/0c8ac6e6-c92e-075f-0248-2da117d6807f?origin=2,Klabin_2021_DFP.pdf,79,Klabin_2021_DFP.pdf,80
Klabin,2022,9986.804,1439.178,24166.309,,Own-year composition; annual PPE depreciation production charge; separate biological depletion/ROU excluded; ±1 class rounding possible; no physical age/life implied,BRL millions,consolidated,notes_pair_complete,true,extractions/notes_industrials/Klabin_aggregates_2016_2025.csv,https://api.mziq.com/mzfilemanager/v2/d/1c41fa99-efe7-4e72-81dd-5b571f5aa376/7ca7170e-328f-f7f8-3175-b4d531d357e6?origin=2,Klabin_2022_DFP.pdf,82,Klabin_2022_DFP.pdf,83
Klabin,2023,11535.868,1658.375,30020.893,,Own-year composition; annual PPE depreciation production charge; separate biological depletion/ROU excluded; ±1 class rounding possible; no physical age/life implied,BRL millions,consolidated,notes_pair_complete,true,extractions/notes_industrials/Klabin_aggregates_2016_2025.csv,https://api.mziq.com/mzfilemanager/v2/d/1c41fa99-efe7-4e72-81dd-5b571f5aa376/1faf7b11-af81-faba-c990-41d45a510987?origin=2,Klabin_2023_DFP.pdf,76,Klabin_2023_DFP.pdf,77
Klabin,2024,13398.069,1980.268,33052.782,,Own-year composition; annual PPE depreciation production charge; separate biological depletion/ROU excluded; ±1 class rounding possible; no physical age/life implied,BRL millions,consolidated,notes_pair_complete,true,extractions/notes_industrials/Klabin_aggregates_2016_2025.csv,https://api.mziq.com/mzfilemanager/v2/d/1c41fa99-efe7-4e72-81dd-5b571f5aa376/97a4c880-c08f-0b30-4ee2-6bd83a1b6514?origin=2,Klabin_2024_DFP.pdf,79,Klabin_2024_DFP.pdf,80
Klabin,2025,15401.44,2097.185,34944.897,,Own-year composition; annual PPE depreciation production charge; separate biological depletion/ROU excluded; ±1 class rounding possible; no physical age/life implied,BRL millions,consolidated,notes_pair_complete,true,extractions/notes_industrials/Klabin_aggregates_2016_2025.csv,https://api.mziq.com/mzfilemanager/v2/d/1c41fa99-efe7-4e72-81dd-5b571f5aa376/fcad7df5-9607-78ed-3455-ffa6e0470211?origin=2,Klabin_2025_DFP.pdf,82,Klabin_2025_DFP.pdf,83
Eletrobras,2016,24579.112,1513.054,,,Land not separately quantified; cannot construct land-excluded depreciable gross or physical age. Finance leases separately identified; legacy presentation predates IFRS16. Special concession obligations are a separate net deduction.,BRL millions,consolidated,notes_pair_complete,true,extractions/notes_axia_complete/source_per_cell.csv,https://api.mziq.com/mzfilemanager/v2/d/abb77a17-3348-4bc7-849a-154998e06ca3/bcb88033-3cd4-e576-dde0-282981ddae4d?origin=2,axia_2017.pdf,258,axia_2017.pdf,259
Eletrobras,2017,25657.777,1486.201,,,"Land not separately quantified; cannot construct land-excluded depreciable gross or physical age. Finance leases separately identified; legacy presentation predates IFRS16. Special concession obligations are a separate net deduction. 2018 comparative revises gross/AD upwards by332454/332455, preserving net; retained2017-source amounts.",BRL millions,consolidated,notes_pair_complete,true,extractions/notes_axia_complete/source_per_cell.csv,https://api.mziq.com/mzfilemanager/v2/d/abb77a17-3348-4bc7-849a-154998e06ca3/bcb88033-3cd4-e576-dde0-282981ddae4d?origin=2,axia_2017.pdf,258,axia_2017.pdf,259
Eletrobras,2018,27084.633,1569.308,,,Land not separately quantified; cannot construct land-excluded depreciable gross or physical age. Finance leases separately identified; legacy presentation predates IFRS16. Special concession obligations are a separate net deduction.,BRL millions,consolidated,notes_pair_complete,true,extractions/notes_axia_complete/source_per_cell.csv,https://www.rad.cvm.gov.br/ENET/frmDownloadDocumento.aspx?Tela=ext&descTipo=IPE&CodigoInstituicao=1&numProtocolo=674299&numSequencia=202887&numVersao=2,cvm_2018.pdf,229,cvm_2018.pdf,229
Eletrobras,2019,28597.246,1579.944,,,Land not separately quantified; cannot construct land-excluded depreciable gross or physical age. Uses2020 comparative: cost/AD presentation revised versus2019 original; 2019 charge includes19783 depreciation in CIP.,BRL millions,consolidated,notes_pair_complete,true,extractions/notes_axia_complete/source_per_cell.csv,https://api.mziq.com/mzfilemanager/v2/d/abb77a17-3348-4bc7-849a-154998e06ca3/88632631-5c47-39e4-c2b3-a51d823cfe6d?origin=2,axia_2020.pdf,226,axia_2020.pdf,226
Eletrobras,2020,43323.896,1676.164,,,Land not separately quantified; cannot construct land-excluded depreciable gross or physical age.,BRL millions,consolidated,notes_pair_complete,true,extractions/notes_axia_complete/source_per_cell.csv,https://api.mziq.com/mzfilemanager/v2/d/abb77a17-3348-4bc7-849a-154998e06ca3/88632631-5c47-39e4-c2b3-a51d823cfe6d?origin=2,axia_2020.pdf,226,axia_2020.pdf,225
Eletrobras,2021,44627.507,1676.004,,,Land not separately quantified; cannot construct land-excluded depreciable gross or physical age.,BRL millions,consolidated,notes_pair_complete,true,extractions/notes_axia_complete/source_per_cell.csv,https://api.mziq.com/mzfilemanager/v2/d/abb77a17-3348-4bc7-849a-154998e06ca3/585ea860-6429-8936-4f48-5aa3151598e8?origin=2,axia_2022.pdf,149,axia_2022.pdf,148
Eletrobras,2022,43990.949,1545.138,,,Land not separately quantified; cannot construct land-excluded depreciable gross or physical age.,BRL millions,consolidated,notes_pair_complete,true,extractions/notes_axia_complete/source_per_cell.csv,https://api.mziq.com/mzfilemanager/v2/d/abb77a17-3348-4bc7-849a-154998e06ca3/585ea860-6429-8936-4f48-5aa3151598e8?origin=2,axia_2022.pdf,149,axia_2022.pdf,147
Eletrobras,2023,43357.474,1882.997,,,Land not separately quantified; cannot construct land-excluded depreciable gross or physical age. Uses2025 revised2023 comparative gross/CIP/impairment; original2023 amounts82123503/4500092/1769570. Depreciation from2023 annual. Net difference toDFP1 thousand rounding.,BRL millions,consolidated,notes_pair_complete,true,extractions/notes_axia_complete/source_per_cell.csv,https://api.mziq.com/mzfilemanager/v2/d/abb77a17-3348-4bc7-849a-154998e06ca3/be7c1c6f-b778-8168-194d-166aac47a03d?origin=2,axia_2025.pdf,102,axia_2023.pdf,64
Eletrobras,2024,44680.229,1861.902,,,Land not separately quantified; cannot construct land-excluded depreciable gross or physical age.,BRL millions,consolidated,notes_pair_complete,true,extractions/notes_axia_complete/source_per_cell.csv,https://api.mziq.com/mzfilemanager/v2/d/abb77a17-3348-4bc7-849a-154998e06ca3/be7c1c6f-b778-8168-194d-166aac47a03d?origin=2,axia_2025.pdf,102,axia_2025.pdf,102
Eletrobras,2025,45637.627,2104.986,,,Land not separately quantified; cannot construct land-excluded depreciable gross or physical age.,BRL millions,consolidated,notes_pair_complete,true,extractions/notes_axia_complete/source_per_cell.csv,https://api.mziq.com/mzfilemanager/v2/d/abb77a17-3348-4bc7-849a-154998e06ca3/be7c1c6f-b778-8168-194d-166aac47a03d?origin=2,axia_2025.pdf,102,axia_2025.pdf,102
Unigel,2016,,,,Unigel annual inputs not yet located for this period in the investigated official sources,,BRL millions,consolidated,notes_pair_incomplete,false,,,,,,
Unigel,2017,1196.988,99.396,1963.537,,2017usesoriginal2018CVMv1;2018useslater2019comparative: disclose version/basis boundary,BRL millions,consolidated own PPE excluding separately disclosed ROU,notes_pair_complete,true,extractions/notes_eletrobras_unigel/unigel_ppe_2017_2024_brl_millions.csv,https://www.rad.cvm.gov.br/ENETWeb/frmDownloadDocumento.aspx?Tela=ext&descTipo=IPE&CodigoInstituicao=1&numProtocolo=892164&numSequencia=416898&numVersao=1,unigel_cvm_2018_v1.pdf,71,unigel_cvm_2018_v1.pdf,71
Unigel,2018,1397.581,119.936,2250.574,,2017usesoriginal2018CVMv1;2018useslater2019comparative: disclose version/basis boundary,BRL millions,consolidated own PPE excluding separately disclosed ROU,notes_pair_complete,true,extractions/notes_eletrobras_unigel/unigel_ppe_2017_2024_brl_millions.csv,https://www.rad.cvm.gov.br/ENETWeb/frmDownloadDocumento.aspx?Tela=ext&descTipo=IPE&CodigoInstituicao=1&numProtocolo=892165&numSequencia=416899&numVersao=1,unigel_cvm_2019_v1.pdf,75,unigel_cvm_2019_v1.pdf,75
Unigel,2019,1510.047,125.506,2376.551,,,BRL millions,consolidated own PPE excluding separately disclosed ROU,notes_pair_complete,true,extractions/notes_eletrobras_unigel/unigel_ppe_2017_2024_brl_millions.csv,https://www.rad.cvm.gov.br/ENETWeb/frmDownloadDocumento.aspx?Tela=ext&descTipo=IPE&CodigoInstituicao=1&numProtocolo=892165&numSequencia=416899&numVersao=1,unigel_cvm_2019_v1.pdf,75,unigel_cvm_2019_v1.pdf,75
Unigel,2020,1636.638,93.843,2597.746,,,BRL millions,consolidated own PPE excluding separately disclosed ROU,notes_pair_complete,true,extractions/notes_eletrobras_unigel/unigel_ppe_2017_2024_brl_millions.csv,https://ri.unigel.com.br/documents/demonstracoes-financeiras/2021/Demonstra%C3%A7%C3%B5es%20Financeiras%202021%20%5B47f5ebc5%5D.pdf,unigel_2021.pdf,66,unigel_2021.pdf,67
Unigel,2021,1794.269,146.616,3450.131,,,BRL millions,consolidated own PPE excluding separately disclosed ROU,notes_pair_complete,true,extractions/notes_eletrobras_unigel/unigel_ppe_2017_2024_brl_millions.csv,https://ri.unigel.com.br/documents/demonstracoes-financeiras/2022/Demonstra%C3%A7%C3%B5es%20Financeiras%202022%20%5B5e5ce50b%5D.pdf,unigel_2022.pdf,53,unigel_2022.pdf,53
Unigel,2022,1740.97,177.685,3448.347,,,BRL millions,consolidated own PPE excluding separately disclosed ROU,notes_pair_complete,true,extractions/notes_eletrobras_unigel/unigel_ppe_2017_2024_brl_millions.csv,https://ri.unigel.com.br/documents/demonstracoes-financeiras/2022/Demonstra%C3%A7%C3%B5es%20Financeiras%202022%20%5B5e5ce50b%5D.pdf,unigel_2022.pdf,53,unigel_2022.pdf,53
Unigel,2023,1772.901,189.542,3286.935,,,BRL millions,consolidated own PPE excluding separately disclosed ROU,notes_pair_complete,true,extractions/notes_eletrobras_unigel/unigel_ppe_2017_2024_brl_millions.csv,https://www.rad.cvm.gov.br/ENETWeb/frmDownloadDocumento.aspx?Tela=ext&descTipo=IPE&CodigoInstituicao=1&numProtocolo=1358717&numSequencia=883443&numVersao=4,unigel_cvm_2024_v4.pdf,58,unigel_cvm_2024_v4.pdf,59
Unigel,2024,1887.204,120.876,3411.221,,,BRL millions,consolidated own PPE excluding separately disclosed ROU,notes_pair_complete,true,extractions/notes_eletrobras_unigel/unigel_ppe_2017_2024_brl_millions.csv,https://www.rad.cvm.gov.br/ENETWeb/frmDownloadDocumento.aspx?Tela=ext&descTipo=IPE&CodigoInstituicao=1&numProtocolo=1358717&numSequencia=883443&numVersao=4,unigel_cvm_2024_v4.pdf,58,unigel_cvm_2024_v4.pdf,59
Unigel,2025,,,,Unigel annual inputs not yet located for this period in the investigated official sources,,BRL millions,consolidated,notes_pair_incomplete,false,,,,,,
