source_id,company,source_year,pdf_filename,download_url,sha256,bytes,storage,retrieved_date
f42314a72a68e2bf8d55,Vale,2016,vale_2016.pdf,https://api.mziq.com/mzfilemanager/v2/d/53207d1c-63b4-48f1-96b7-19869fae19fe/172d22c6-df4b-476a-b623-7de0cd723a69?origin=2,f42314a72a68e2bf8d553c62551050b45152d0240b5fe3d2870f4299cf7d39ab,2196874,download_manifest_no_binary,2026-10-04
66bf7b8a04dfd6299acd,Vale,2017,vale_2017.pdf,https://api.mziq.com/mzfilemanager/v2/d/53207d1c-63b4-48f1-96b7-19869fae19fe/2709c3ee-463a-4f49-852e-9f73faf5b0ea?origin=2,66bf7b8a04dfd6299acd512869d19b159a02c9c78a6802c19f6e52ff307db9a3,4295347,download_manifest_no_binary,2026-10-04
526fe7037fef8b164f75,Vale,2018,vale_2018.pdf,https://api.mziq.com/mzfilemanager/v2/d/53207d1c-63b4-48f1-96b7-19869fae19fe/9907537c-4211-4b50-91b1-2f80fdb10196?origin=2,526fe7037fef8b164f752819febe3d41fcb030bf7b194faa1ca7132856f596ee,2375973,download_manifest_no_binary,2026-10-04
b1954e494484bb2af938,Vale,2019,vale_2019.pdf,https://api.mziq.com/mzfilemanager/v2/d/53207d1c-63b4-48f1-96b7-19869fae19fe/84951752-d83d-41cd-b115-4fd7b738bae1?origin=2,b1954e494484bb2af9381ef5863be136fc5babbf66d4095077a239ff50279e58,2449031,download_manifest_no_binary,2026-10-04
e56b89edcfc19c9d76d8,Vale,2020,vale_2020.pdf,https://api.mziq.com/mzfilemanager/v2/d/53207d1c-63b4-48f1-96b7-19869fae19fe/bcfa1e1d-2d80-4546-82c8-80f74dee7977?origin=2,e56b89edcfc19c9d76d8b62f299b9459eb0fc9256f0dda57afb11ca4036e4465,6079726,download_manifest_no_binary,2026-10-04
a0b487f8226f29e33ce7,Vale,2021,vale_2021.pdf,https://api.mziq.com/mzfilemanager/v2/d/53207d1c-63b4-48f1-96b7-19869fae19fe/cea5c27d-00e1-fa3b-a62c-57440b5bab0a?origin=2,a0b487f8226f29e33ce7249d832705bd2294e3c0c28ffe595d46ec052aafb5a6,3961956,download_manifest_no_binary,2026-10-04
d58cf4eb090136cc3bdb,Vale,2022,vale_2022.pdf,https://api.mziq.com/mzfilemanager/v2/d/53207d1c-63b4-48f1-96b7-19869fae19fe/1cd0e346-58b0-7345-49a9-0bafb9bb4e20?origin=2,d58cf4eb090136cc3bdbb2e7144b13bbc041793f1ba7a72640cbceb57efa4595,5325297,download_manifest_no_binary,2026-10-04
13c34408710a5ad4025f,Vale,2023,vale_2023.pdf,https://api.mziq.com/mzfilemanager/v2/d/53207d1c-63b4-48f1-96b7-19869fae19fe/17e39185-7be2-1938-06ff-65fcc417faf6?origin=2,13c34408710a5ad4025f5bbcd4bdcb45994bb3f66cbaa43f58de5cf45d3fbcb1,2736522,download_manifest_no_binary,2026-10-04
1ca035af2f79d08acd19,Vale,2024,vale_2024.pdf,https://api.mziq.com/mzfilemanager/v2/d/53207d1c-63b4-48f1-96b7-19869fae19fe/2c40e129-b431-b356-e932-6db7b2d1728a?origin=2,1ca035af2f79d08acd19bc95a391acd8bbf0661e03f8c5ffe43c96da4e1add16,7004450,download_manifest_no_binary,2026-10-04
7436339edef524a0f29e,Vale,2025,vale_2025.pdf,https://api.mziq.com/mzfilemanager/v2/d/53207d1c-63b4-48f1-96b7-19869fae19fe/218604da-30c7-43a2-cfb0-c392dc272c73?origin=2,7436339edef524a0f29e326b1126353796b7a2861acb4de712cfed20a0208866,7486237,download_manifest_no_binary,2026-10-04
64374360b799450cd93d,Gerdau,2016,Gerdau_2016_DFP.pdf,https://api.mziq.com/mzfilemanager/d/21e1d193-5cab-456d-8bb8-f00a49a43c1c/77969d2f-6e53-4f51-bcdc-6953dda9b6f1?origin=2,64374360b799450cd93d65b5149867aab9ec4023c86418bbd92ee4fa9bab655a,820293,download_manifest_no_binary,2026-10-04
e64cddfbffd71742f521,Gerdau,2017,Gerdau_2017_DFP.pdf,https://api.mziq.com/mzfilemanager/d/21e1d193-5cab-456d-8bb8-f00a49a43c1c/bc16ecf2-8fba-480e-a745-e12dccc00094?origin=2,e64cddfbffd71742f521a3588d9ae05e14292db4b0ef6a0e27eaba73ce9c6ca4,1044294,download_manifest_no_binary,2026-10-04
2752568fd3ff7652b513,Gerdau,2018,Gerdau_2018_DFP.pdf,https://api.mziq.com/mzfilemanager/d/21e1d193-5cab-456d-8bb8-f00a49a43c1c/c1cc5df7-7edc-4848-ae72-2e54af51c643?origin=2,2752568fd3ff7652b513c99cc9db23bfb027b15190b8066a533c2b2b67b324a7,1471172,download_manifest_no_binary,2026-10-04
22fd2a9130d8ced8a6c5,Gerdau,2019,Gerdau_2019_DFP.pdf,https://api.mziq.com/mzfilemanager/d/21e1d193-5cab-456d-8bb8-f00a49a43c1c/2ef4332d-5f08-4eb3-9299-94c35c969e40?origin=2,22fd2a9130d8ced8a6c5ff5a6f712719dfcfff4f0a451a1eb62a5614c2a97e5d,2503622,download_manifest_no_binary,2026-10-04
ab737c0ce5637c080514,Gerdau,2020,Gerdau_2020_DFP.pdf,https://api.mziq.com/mzfilemanager/v2/d/21e1d193-5cab-456d-8bb8-f00a49a43c1c/23e3eb80-27bd-cdaa-4525-10f55f55c4a7?origin=2,ab737c0ce5637c0805149c87232c060a55b7ab462ca0e69d141d2d92e7413f8b,2097152,download_manifest_no_binary,2026-10-04
e1a1bd9aa78c7c24fd63,Gerdau,2021,Gerdau_2021_DFP.pdf,https://api.mziq.com/mzfilemanager/v2/d/21e1d193-5cab-456d-8bb8-f00a49a43c1c/4731decc-34f4-25ea-8c6b-792d7542f00b?origin=2,e1a1bd9aa78c7c24fd63ef844601e3429066bd0567f0d6082a84703e0e37c552,2097152,download_manifest_no_binary,2026-10-04
2576fbc00c3b472d3d9b,Gerdau,2022,Gerdau_2022_DFP.pdf,https://api.mziq.com/mzfilemanager/v2/d/21e1d193-5cab-456d-8bb8-f00a49a43c1c/eed51464-cc34-d6fc-2d06-b09b7b2abd27?origin=2,2576fbc00c3b472d3d9bad1425cee337d1afc71a562740d07e5b8c6ab541f3e1,2097152,download_manifest_no_binary,2026-10-04
de30ee47f72956825982,Gerdau,2023,Gerdau_2023_DFP.pdf,https://api.mziq.com/mzfilemanager/v2/d/21e1d193-5cab-456d-8bb8-f00a49a43c1c/e7c3ac7f-d3f3-dec9-ffbf-158b789512e2?origin=2,de30ee47f7295682598225c124ccc70d6fe82e2b2ead947ce9c69ac245676197,2673822,download_manifest_no_binary,2026-10-04
11208329895aabb33734,Gerdau,2024,Gerdau_2024_DFP.pdf,https://api.mziq.com/mzfilemanager/v2/d/21e1d193-5cab-456d-8bb8-f00a49a43c1c/ef254a89-51fa-cebe-b5b1-5a2405e145dd?origin=2,11208329895aabb33734e9b68f07264dc673206d893d20cb0f6aa563354634fb,8388608,download_manifest_no_binary,2026-10-04
0ae2405d23b9aa560036,Gerdau,2025,Gerdau_2025_DFP.pdf,https://api.mziq.com/mzfilemanager/v2/d/21e1d193-5cab-456d-8bb8-f00a49a43c1c/384d4d5a-11c3-2383-28e1-55287f8a1bcb?origin=2,0ae2405d23b9aa5600369ed08014d0d6b0b9fcd747e2bbf98eef37a56481c313,3105937,download_manifest_no_binary,2026-10-04
50b789bd190c1a7e15c6,CSN,2016,CSN_2016_DFP.pdf,https://api.mziq.com/mzfilemanager/d/29633c00-23f7-4765-9594-926012179477/b93de9b4-aae0-4f2c-b7cb-3cf20c6c0de4?origin=2,50b789bd190c1a7e15c6fd85b3ae45c312b61f0a5b81d713e3c712d9a91b02d8,1734423,download_manifest_no_binary,2026-10-04
b1e6b40c584cff1f2455,CSN,2017,CSN_2017_DFP.pdf,https://api.mziq.com/mzfilemanager/d/29633c00-23f7-4765-9594-926012179477/90aaa7f2-2a70-4117-9980-b7113663dca4?origin=2,b1e6b40c584cff1f245573b69596db4a4bc68f8424ec750445e3f2d10fba8d61,1401983,download_manifest_no_binary,2026-10-04
9fd0a71a9b6836ad245e,CSN,2018,CSN_2018_DFP.pdf,https://api.mziq.com/mzfilemanager/d/29633c00-23f7-4765-9594-926012179477/d219ac74-9311-5565-733d-f3feb34e6d47?origin=2,9fd0a71a9b6836ad245e077f5d40f81bc84103f98d43b06c412306d40f3901df,1417469,download_manifest_no_binary,2026-10-04
e45f4ca4338327122bbd,CSN,2019,CSN_2019_DFP.pdf,https://api.mziq.com/mzfilemanager/d/29633c00-23f7-4765-9594-926012179477/704f07a5-a825-0467-6711-3371d3ab3a76?origin=2,e45f4ca4338327122bbd5c4ed7d93725cc50938447fa859a3df1f96166caa236,1376396,download_manifest_no_binary,2026-10-04
a56f060b3f8efe1a10a6,CSN,2020,CSN_2020_DFP.pdf,https://api.mziq.com/mzfilemanager/v2/d/29633c00-23f7-4765-9594-926012179477/009e737f-3b3d-c178-98ab-d445435202c5?origin=2,a56f060b3f8efe1a10a6401dbaac69f5531e00adba28316d046c2065a5a1aa36,4194304,download_manifest_no_binary,2026-10-04
f57e38ff87fb79a568c6,CSN,2021,CSN_2021_DFP.pdf,https://api.mziq.com/mzfilemanager/v2/d/29633c00-23f7-4765-9594-926012179477/c5874afe-e181-f6df-c2f3-666986ce69a6?origin=2,f57e38ff87fb79a568c61edc826874c076f72a5f09e8e615eefc20e2b0930bdc,4194304,download_manifest_no_binary,2026-10-04
30e420f0e760e491713d,CSN,2022,CSN_2022_DFP.pdf,https://api.mziq.com/mzfilemanager/v2/d/29633c00-23f7-4765-9594-926012179477/dfd0e81e-8f20-49fb-5a2f-4309cb1e86a1?origin=2,30e420f0e760e491713dd90e51cbaf264bda06040aa81509b7dc8b08ea00599e,8388608,download_manifest_no_binary,2026-10-04
2a10363fd91ecd873441,CSN,2023,CSN_2023_DFP.pdf,https://api.mziq.com/mzfilemanager/v2/d/29633c00-23f7-4765-9594-926012179477/1271455a-57ba-7be2-ebae-f102efa70010?origin=2,2a10363fd91ecd87344187b53f16524fb3d83aa68594729091037bd69a36c6ad,4194304,download_manifest_no_binary,2026-10-04
55c839136abbaf924340,CSN,2024,CSN_2024_DFP.pdf,https://api.mziq.com/mzfilemanager/v2/d/29633c00-23f7-4765-9594-926012179477/ffec04ca-09b8-63d6-cb84-2eda6519666a?origin=2,55c839136abbaf924340771cf5496fc7988ab6815901eac319bf1bf0f45949bb,16777216,download_manifest_no_binary,2026-10-04
f25fc9c7f80d54c42291,CSN,2025,CSN_2025_DFP.pdf,https://api.mziq.com/mzfilemanager/v2/d/29633c00-23f7-4765-9594-926012179477/3f0ddc2a-7477-3254-4053-4b83526f457e?origin=2,f25fc9c7f80d54c42291b0c50582a72cb4ca53c65727ecc92798e0816fb978d0,8388608,download_manifest_no_binary,2026-10-04
b75e87de9217304bc24d,Suzano,2016,Suzano_2016_tenq.pdf,https://s201.q4cdn.com/761980458/files/doc_financials/2016/q4/Suzano-Papel-DFP-2016_English-Version.pdf,b75e87de9217304bc24dcbc35062418db653d7536857d14c6bd0f87b1735a7b3,625686,download_manifest_no_binary,2026-10-04
9900a2940e4fa48f2b0e,Suzano,2017,Suzano_2017_tenq.pdf,https://s201.q4cdn.com/761980458/files/doc_financials/2017/q4/Financial-Statement_Suzano-2017.pdf,9900a2940e4fa48f2b0e69c0f28c94011a67063478bfb618572dc35507d9c685,2244703,download_manifest_no_binary,2026-10-04
ad3cbcd7e278d444cb05,Suzano,2018,Suzano_2018_tenq.pdf,https://s201.q4cdn.com/761980458/files/doc_financials/2018/q4/668310.pdf,ad3cbcd7e278d444cb05d61234152c2b4e1f0435080a7cf79c7a2879adf2e180,3652921,download_manifest_no_binary,2026-10-04
6b887beeb013f08915c9,Suzano,2019,Suzano_2019_tenq.pdf,https://s201.q4cdn.com/761980458/files/doc_financials/2019/q4/2019-12-DFP2019-EN_SEC_12.02.20_V6-(FINAL)-Clean-(com-relatrio-e-parecer).pdf,6b887beeb013f08915c9137ca0a8706d792ac604cfc9b2c330d67abcb2c5585f,3501372,download_manifest_no_binary,2026-10-04
9d8e69ce0510cf9cd349,Suzano,2020,Suzano_2020_tenq.pdf,https://s201.q4cdn.com/761980458/files/doc_financials/2020/q4/2020-12-DFP2020-EN_09.02.2021_V8_FINAL_DF-RA-Release.pdf,9d8e69ce0510cf9cd349c73b4c3fa452fca8feb5871040968d60d30d538727c6,3206098,download_manifest_no_binary,2026-10-04
f7cba92f9f53995cfdb1,Suzano,2021,Suzano_2021_tenq.pdf,https://s201.q4cdn.com/761980458/files/doc_financials/2021/q4/2021-12-DFP2021-EN_09.02.2022_FINAL_MR_ER.pdf,f7cba92f9f53995cfdb1c606590402fc05c9d0bdeaa49fbd006b3758e7dbdf1a,3608373,download_manifest_no_binary,2026-10-04
eb1b8758c2b3cfc1782d,Suzano,2022,Suzano_2022_tenq.pdf,https://s201.q4cdn.com/761980458/files/doc_news/2023/02/4Q22/2022-12-DFP-EN.pdf,eb1b8758c2b3cfc1782d1f00537f6b6da1456c10e08a1c085875dfaf9f234809,3946632,download_manifest_no_binary,2026-10-04
6c2a965a0293c779acc8,Suzano,2023,Suzano_2023_tenq.pdf,https://s201.q4cdn.com/761980458/files/doc_news/2024/02/4t23/2023-12-DFP-Suzano-EN_assinado.pdf,6c2a965a0293c779acc8c09b613bc84b5c35c2e7e74ef59ac7c90eb2e2b9dc04,6550458,download_manifest_no_binary,2026-10-04
34f443aab93421a580ce,Suzano,2024,Suzano_2024_tenq.pdf,https://s201.q4cdn.com/761980458/files/doc_news/2025/02/4T24/2024-12-DFP-Suzano-EN.pdf,34f443aab93421a580ce141a3aa00fbd024905aa495ee2efee0c3b1d5ccee20c,6802176,download_manifest_no_binary,2026-10-04
71c47f807d86d22715ef,Suzano,2025,Suzano_2025_tenq.pdf,https://s201.q4cdn.com/761980458/files/doc_news/2026/02/DF/2025-12-DFP-Suzano-EN.pdf,71c47f807d86d22715ef81509d9bca7c99a20757da63b0561ea868e491ded094,2640008,download_manifest_no_binary,2026-10-04
2d48aaad547149e36ab6,Klabin,2016,Klabin_2016_DFP.pdf,https://api.mziq.com/mzfilemanager/d/1c41fa99-efe7-4e72-81dd-5b571f5aa376/6e4fed38-d768-4c5b-a0b2-8cdddfb8e918?origin=2,2d48aaad547149e36ab6f6adba8ea3684cb991f142776037f100fbfbfbedcf4c,3262520,download_manifest_no_binary,2026-10-04
37f82027d7a7f23022f5,Klabin,2017,Klabin_2017_DFP.pdf,https://api.mziq.com/mzfilemanager/d/1c41fa99-efe7-4e72-81dd-5b571f5aa376/5aeddcab-8940-4d69-b7ee-12cba74f27a8?origin=2,37f82027d7a7f23022f5f96baacd294c32786fd0e8e4f7bbb9339ae467bd9686,4103329,download_manifest_no_binary,2026-10-04
59e20f555f4011e16665,Klabin,2018,Klabin_2018_DFP.pdf,https://api.mziq.com/mzfilemanager/d/1c41fa99-efe7-4e72-81dd-5b571f5aa376/4f2b0976-126e-408a-8f76-83d7e3ceb007?origin=2,59e20f555f4011e16665846c737d6f708bb75a9fd3a39024070de6a1b736a39d,3298540,download_manifest_no_binary,2026-10-04
a3188499483a4796683d,Klabin,2019,Klabin_2019_DFP.pdf,https://api.mziq.com/mzfilemanager/d/1c41fa99-efe7-4e72-81dd-5b571f5aa376/42b3a05c-2653-4529-943c-7380e8636a5c?origin=2,a3188499483a4796683d8d9b9a4a4c28057df6e1996b665954ed66dc2c20b6bb,5080947,download_manifest_no_binary,2026-10-04
e00f7990b231b940d411,Klabin,2020,Klabin_2020_DFP.pdf,https://api.mziq.com/mzfilemanager/v2/d/1c41fa99-efe7-4e72-81dd-5b571f5aa376/06d70c1d-68a5-32c0-af80-2d983444971c?origin=2,e00f7990b231b940d411ad2c30f2f590604376cab8786e290f1ecd68803eb6be,4194304,download_manifest_no_binary,2026-10-04
4e8c4fffe2e82f09cae0,Klabin,2021,Klabin_2021_DFP.pdf,https://api.mziq.com/mzfilemanager/v2/d/1c41fa99-efe7-4e72-81dd-5b571f5aa376/0c8ac6e6-c92e-075f-0248-2da117d6807f?origin=2,4e8c4fffe2e82f09cae039ec5b80b134fb41dac701137cc415c93e26e3ced61d,1897030,download_manifest_no_binary,2026-10-04
935b8ed496a540009fbf,Klabin,2022,Klabin_2022_DFP.pdf,https://api.mziq.com/mzfilemanager/v2/d/1c41fa99-efe7-4e72-81dd-5b571f5aa376/7ca7170e-328f-f7f8-3175-b4d531d357e6?origin=2,935b8ed496a540009fbffc52ea5c9d6603dc6ded3d93fd02f131ca4d5dd6390b,3668274,download_manifest_no_binary,2026-10-04
3a63730175b375640f96,Klabin,2023,Klabin_2023_DFP.pdf,https://api.mziq.com/mzfilemanager/v2/d/1c41fa99-efe7-4e72-81dd-5b571f5aa376/1faf7b11-af81-faba-c990-41d45a510987?origin=2,3a63730175b375640f96b6ea93f53931e9f084dd11e8cdfca9336770a7d09109,2758234,download_manifest_no_binary,2026-10-04
dcb0e75aea5884baaad0,Klabin,2024,Klabin_2024_DFP.pdf,https://api.mziq.com/mzfilemanager/v2/d/1c41fa99-efe7-4e72-81dd-5b571f5aa376/97a4c880-c08f-0b30-4ee2-6bd83a1b6514?origin=2,dcb0e75aea5884baaad050eebbbeab1e6adcfe664796feffac79ea5b8b4d7a41,2907037,download_manifest_no_binary,2026-10-04
23984ea9fecc8027a110,Klabin,2025,Klabin_2025_DFP.pdf,https://api.mziq.com/mzfilemanager/v2/d/1c41fa99-efe7-4e72-81dd-5b571f5aa376/fcad7df5-9607-78ed-3455-ffa6e0470211?origin=2,23984ea9fecc8027a11054d9414e7b7677b193e12f3f89bae3253043a214dfab,2959664,download_manifest_no_binary,2026-10-04
0cb70b618d95ed121d8d,Eletrobras,2017,axia_2017.pdf,https://api.mziq.com/mzfilemanager/v2/d/abb77a17-3348-4bc7-849a-154998e06ca3/bcb88033-3cd4-e576-dde0-282981ddae4d?origin=2,0cb70b618d95ed121d8d562c124a8b4ee56f4dc9dc835c171517b5bba2518f20,4329751,download_manifest_no_binary,2026-10-04
9230a634f7bcf7a421e5,Eletrobras,2018,cvm_2018.pdf,https://www.rad.cvm.gov.br/ENET/frmDownloadDocumento.aspx?Tela=ext&descTipo=IPE&CodigoInstituicao=1&numProtocolo=674299&numSequencia=202887&numVersao=2,9230a634f7bcf7a421e5e00de30d6d0827a3cb3e4b7813a0d725955810dd72dc,3947164,download_manifest_no_binary,2026-10-04
4c311c4c002b3c3fa788,Eletrobras,2020,axia_2020.pdf,https://api.mziq.com/mzfilemanager/v2/d/abb77a17-3348-4bc7-849a-154998e06ca3/88632631-5c47-39e4-c2b3-a51d823cfe6d?origin=2,4c311c4c002b3c3fa788356985694889755e786cd7d7fbe549ead30f325170dd,12025085,download_manifest_no_binary,2026-10-04
d9745f02f8f6f3a61430,Eletrobras,2022,axia_2022.pdf,https://api.mziq.com/mzfilemanager/v2/d/abb77a17-3348-4bc7-849a-154998e06ca3/585ea860-6429-8936-4f48-5aa3151598e8?origin=2,d9745f02f8f6f3a6143062318bf1115cfd5be48281283a5954d54a2166d2c2e3,6203648,download_manifest_no_binary,2026-10-04
c71558ad5e48fa5a7f9a,Eletrobras,2025,axia_2025.pdf,https://api.mziq.com/mzfilemanager/v2/d/abb77a17-3348-4bc7-849a-154998e06ca3/be7c1c6f-b778-8168-194d-166aac47a03d?origin=2,c71558ad5e48fa5a7f9a3abaed68b5dda85756456800fc4d20576426884d6cbc,4170982,download_manifest_no_binary,2026-10-04
30376a88b5e630f404aa,Eletrobras,2023,axia_2023.pdf,https://api.mziq.com/mzfilemanager/v2/d/abb77a17-3348-4bc7-849a-154998e06ca3/261db722-4cdf-2b6f-5dc9-5421f512176c?origin=2,30376a88b5e630f404aa76142c61a91104f0d5fc38c8e38ded0aaad6fef0ae94,1757845,download_manifest_no_binary,2026-10-04
ff71c2cc572362917713,Unigel,2018,unigel_cvm_2018_v1.pdf,https://www.rad.cvm.gov.br/ENETWeb/frmDownloadDocumento.aspx?Tela=ext&descTipo=IPE&CodigoInstituicao=1&numProtocolo=892164&numSequencia=416898&numVersao=1,ff71c2cc57236291771359b347c0df1053d63d9c0ce381355318a28d805060a0,1081371,download_manifest_no_binary,2026-10-04
9189ae1139ebcd831fc1,Unigel,2019,unigel_cvm_2019_v1.pdf,https://www.rad.cvm.gov.br/ENETWeb/frmDownloadDocumento.aspx?Tela=ext&descTipo=IPE&CodigoInstituicao=1&numProtocolo=892165&numSequencia=416899&numVersao=1,9189ae1139ebcd831fc103d5389c653f9fa53f77698a86f1bb27dd692ae9287d,1128190,download_manifest_no_binary,2026-10-04
08bddcf4dfd4b99fe028,Unigel,2021,unigel_2021.pdf,https://ri.unigel.com.br/documents/demonstracoes-financeiras/2021/Demonstra%C3%A7%C3%B5es%20Financeiras%202021%20%5B47f5ebc5%5D.pdf,08bddcf4dfd4b99fe0282f763386c5b4c8eabb10bafd5e9208cb24f0ac9704c6,2338495,download_manifest_no_binary,2026-10-04
e1fd2edd98e21aabd237,Unigel,2022,unigel_2022.pdf,https://ri.unigel.com.br/documents/demonstracoes-financeiras/2022/Demonstra%C3%A7%C3%B5es%20Financeiras%202022%20%5B5e5ce50b%5D.pdf,e1fd2edd98e21aabd2373a4404fb08b27995104c51f3575dd3da2cf9d8d0c29e,2428651,download_manifest_no_binary,2026-10-04
c8103767c8299b0f0f4f,Unigel,2024,unigel_cvm_2024_v4.pdf,https://www.rad.cvm.gov.br/ENETWeb/frmDownloadDocumento.aspx?Tela=ext&descTipo=IPE&CodigoInstituicao=1&numProtocolo=1358717&numSequencia=883443&numVersao=4,c8103767c8299b0f0f4fe8277899647621f5453dd4384725282dfe85cc0fb4ff,2925329,download_manifest_no_binary,2026-10-04
76fda062a76f115f92c4,Petrobras,2016,petrobras_2016.pdf,https://api.mziq.com/mzfilemanager/d/25fdf098-34f5-4608-b7fa-17d60b2de47d/3ecfc1de-6dcf-4036-8816-dfeeeb2cadae?origin=2,76fda062a76f115f92c4bad375da42b379d4673afbb751b73665a159c83748dc,2934334,download_manifest_no_binary,2026-10-04
837105a3cf29c2d3b5ce,Petrobras,2017,petrobras_2017.pdf,https://api.mziq.com/mzfilemanager/d/25fdf098-34f5-4608-b7fa-17d60b2de47d/224e7349-8a3a-497a-85c6-eecb67a23abf?origin=2,837105a3cf29c2d3b5ceb60f947a9c6e0001babe33022be8c485cabc1586c85d,4674744,download_manifest_no_binary,2026-10-04
c7b906493ab5b18f33e1,Petrobras,2018,petrobras_2018.pdf,https://api.mziq.com/mzfilemanager/d/25fdf098-34f5-4608-b7fa-17d60b2de47d/a46e1edc-31fc-482d-b30a-29e59fad2085?origin=2,c7b906493ab5b18f33e1583fa21e73432bbd5aa55d1df9abd8155ef3f2b775a2,4177913,download_manifest_no_binary,2026-10-04
9339840cdec89de2994e,Petrobras,2019,petrobras_2019.pdf,https://api.mziq.com/mzfilemanager/d/25fdf098-34f5-4608-b7fa-17d60b2de47d/57e9e799-d8da-47b6-b1d5-8768d05c0392?origin=2,9339840cdec89de2994efb4e98970bc869ad29369d6a4e6518dfbe167377bff6,4749318,download_manifest_no_binary,2026-10-04
90be5f3acd1f27609ebf,Petrobras,2020,petrobras_2020.pdf,https://api.mziq.com/mzfilemanager/v2/d/25fdf098-34f5-4608-b7fa-17d60b2de47d/219e3e62-91f5-595b-cdc7-5dc6ebfdda48?origin=2,90be5f3acd1f27609ebf200869cfaf8ab7f9760219e3f579d8238123eb2bf3c3,4288759,download_manifest_no_binary,2026-10-04
78978ef79fedf279b21f,Petrobras,2021,petrobras_2021.pdf,https://api.mziq.com/mzfilemanager/v2/d/25fdf098-34f5-4608-b7fa-17d60b2de47d/76896fa7-926a-9e9e-a4f1-81bec55c2e66?origin=2,78978ef79fedf279b21f866a53dc362ab73875672a666e92a7a2191c7a81e77a,2993066,download_manifest_no_binary,2026-10-04
66ecad0a4b0b14bdb7c3,Petrobras,2022,petrobras_2022.pdf,https://api.mziq.com/mzfilemanager/v2/d/25fdf098-34f5-4608-b7fa-17d60b2de47d/8673e5d4-3193-0d7a-c981-b8d63515c3dc?origin=2,66ecad0a4b0b14bdb7c3fdba2c85d608348f4a45ed70c3c878d139b867c8cabe,4978760,download_manifest_no_binary,2026-10-04
05751975340c2f537fcd,Petrobras,2023,petrobras_2023.pdf,https://api.mziq.com/mzfilemanager/v2/d/25fdf098-34f5-4608-b7fa-17d60b2de47d/c5d1e372-a40e-b153-03a7-6456f09c37a5?origin=2,05751975340c2f537fcda9ebadc3ee45d6c1e48a43b9add7496b9f7d631f3793,4749422,download_manifest_no_binary,2026-10-04
fa4c2971edcf94c12403,Petrobras,2024,petrobras_2024.pdf,https://api.mziq.com/mzfilemanager/v2/d/25fdf098-34f5-4608-b7fa-17d60b2de47d/8022e72b-cf26-f0f8-592d-771a59efb7d9?origin=2,fa4c2971edcf94c12403f8a5d942749e316baa8a88cb36663ef502a782b18b98,4835532,download_manifest_no_binary,2026-10-04
de0597f588778757c696,Petrobras,2025,petrobras_2025.pdf,https://api.mziq.com/mzfilemanager/v2/d/25fdf098-34f5-4608-b7fa-17d60b2de47d/f0717e7a-c080-fb54-6542-d2c0cb26b269?origin=2,de0597f588778757c696336bd01319599ddeb15ce45e9a45ff035230a3ea1b35,4821178,download_manifest_no_binary,2026-10-04
