CNPJ_CIA;DT_REFER;VERSAO;DENOM_CIA;CD_CVM;GRUPO_DFP;MOEDA;ESCALA_MOEDA;ORDEM_EXERC;DT_FIM_EXERC;CD_CONTA;DS_CONTA;VL_CONTA;ST_CONTA_FIXA
33.592.510/0001-54;2020-12-31;1;VALE S.A.;004170;DFP Consolidado;REAL;MIL;ÚLTIMO;2020-12-31;3.05;Resultado Antes dos Tributos sobre o Lucro;62834.82997254791;S
33.592.510/0001-54;2020-12-31;1;VALE S.A.;004170;DFP Consolidado;REAL;MIL;ÚLTIMO;2020-12-31;3.07;Imposto de Renda e Contribuição Social sobre o Lucro;-21363.84219066629;S
33.592.510/0001-54;2020-12-31;1;VALE S.A.;004170;DFP Consolidado;REAL;MIL;ÚLTIMO;2020-12-31;3.11;Lucro Líquido Consolidado do Período;41470.98778188162;S
33.000.167/0001-01;2020-12-31;1;PETROLEO BRASILEIRO S.A. PETROBRAS;009512;DFP Consolidado;REAL;MIL;ÚLTIMO;2020-12-31;3.05;Resultado Antes dos Tributos sobre o Lucro;114662.71836798951;S
33.000.167/0001-01;2020-12-31;1;PETROLEO BRASILEIRO S.A. PETROBRAS;009512;DFP Consolidado;REAL;MIL;ÚLTIMO;2020-12-31;3.07;Imposto de Renda e Contribuição Social sobre o Lucro;-38985.32424511643;S
33.000.167/0001-01;2020-12-31;1;PETROLEO BRASILEIRO S.A. PETROBRAS;009512;DFP Consolidado;REAL;MIL;ÚLTIMO;2020-12-31;3.11;Lucro Líquido Consolidado do Período;75677.39412287307;S
33.611.500/0001-19;2020-12-31;1;GERDAU S.A.;003336;DFP Consolidado;REAL;MIL;ÚLTIMO;2020-12-31;3.05;Resultado Antes dos Tributos sobre o Lucro;5501.4966113458;S
33.611.500/0001-19;2020-12-31;1;GERDAU S.A.;003336;DFP Consolidado;REAL;MIL;ÚLTIMO;2020-12-31;3.07;Imposto de Renda e Contribuição Social sobre o Lucro;-1870.5088478575724;S
33.611.500/0001-19;2020-12-31;1;GERDAU S.A.;003336;DFP Consolidado;REAL;MIL;ÚLTIMO;2020-12-31;3.11;Lucro Líquido Consolidado do Período;3630.987763488228;S
33.042.730/0001-04;2020-12-31;1;CIA SIDERURGICA NACIONAL - CSN;004030;DFP Consolidado;REAL;MIL;ÚLTIMO;2020-12-31;3.05;Resultado Antes dos Tributos sobre o Lucro;4298.66783952981;S
33.042.730/0001-04;2020-12-31;1;CIA SIDERURGICA NACIONAL - CSN;004030;DFP Consolidado;REAL;MIL;ÚLTIMO;2020-12-31;3.07;Imposto de Renda e Contribuição Social sobre o Lucro;-1461.5470654401358;S
33.042.730/0001-04;2020-12-31;1;CIA SIDERURGICA NACIONAL - CSN;004030;DFP Consolidado;REAL;MIL;ÚLTIMO;2020-12-31;3.11;Lucro Líquido Consolidado do Período;2837.1207740896743;S
16.404.287/0001-55;2020-12-31;1;SUZANO S.A.;013986;DFP Consolidado;REAL;MIL;ÚLTIMO;2020-12-31;3.05;Resultado Antes dos Tributos sobre o Lucro;8303.896985430707;S
16.404.287/0001-55;2020-12-31;1;SUZANO S.A.;013986;DFP Consolidado;REAL;MIL;ÚLTIMO;2020-12-31;3.07;Imposto de Renda e Contribuição Social sobre o Lucro;-2823.3249750464406;S
16.404.287/0001-55;2020-12-31;1;SUZANO S.A.;013986;DFP Consolidado;REAL;MIL;ÚLTIMO;2020-12-31;3.11;Lucro Líquido Consolidado do Período;5480.572010384265;S
89.637.490/0001-45;2020-12-31;1;KLABIN S.A.;012653;DFP Consolidado;REAL;MIL;ÚLTIMO;2020-12-31;3.05;Resultado Antes dos Tributos sobre o Lucro;4350.353927778165;S
89.637.490/0001-45;2020-12-31;1;KLABIN S.A.;012653;DFP Consolidado;REAL;MIL;ÚLTIMO;2020-12-31;3.07;Imposto de Renda e Contribuição Social sobre o Lucro;-1479.120335444576;S
89.637.490/0001-45;2020-12-31;1;KLABIN S.A.;012653;DFP Consolidado;REAL;MIL;ÚLTIMO;2020-12-31;3.11;Lucro Líquido Consolidado do Período;2871.2335923335886;S
00.001.180/0001-26;2020-12-31;1;CENTRAIS ELETRICAS BRASILEIRAS S.A. - ELETROBRAS;002437;DFP Consolidado;REAL;MIL;ÚLTIMO;2020-12-31;3.05;Resultado Antes dos Tributos sobre o Lucro;18992.60405822427;S
00.001.180/0001-26;2020-12-31;1;CENTRAIS ELETRICAS BRASILEIRAS S.A. - ELETROBRAS;002437;DFP Consolidado;REAL;MIL;ÚLTIMO;2020-12-31;3.07;Imposto de Renda e Contribuição Social sobre o Lucro;-6457.485379796252;S
00.001.180/0001-26;2020-12-31;1;CENTRAIS ELETRICAS BRASILEIRAS S.A. - ELETROBRAS;002437;DFP Consolidado;REAL;MIL;ÚLTIMO;2020-12-31;3.11;Lucro Líquido Consolidado do Período;12535.11867842802;S
08.629.832/0001-00;2020-12-31;1;UNIGEL PARTICIPACOES S.A.;021024;DFP Consolidado;REAL;MIL;ÚLTIMO;2020-12-31;3.05;Resultado Antes dos Tributos sobre o Lucro;564.715230855428;S
08.629.832/0001-00;2020-12-31;1;UNIGEL PARTICIPACOES S.A.;021024;DFP Consolidado;REAL;MIL;ÚLTIMO;2020-12-31;3.07;Imposto de Renda e Contribuição Social sobre o Lucro;-192.00317849084556;S
08.629.832/0001-00;2020-12-31;1;UNIGEL PARTICIPACOES S.A.;021024;DFP Consolidado;REAL;MIL;ÚLTIMO;2020-12-31;3.11;Lucro Líquido Consolidado do Período;372.71205236458246;S
