issuer,year,note_net_all_classes,separate_ROU_net_added,held_for_sale_net_added,official_CVM_PPE_net,difference,verification,pdf,pdf_page
CSN,2016,18135879.0,0,0.0,18135879.0,0.0,PASS_exact,CSN_2016_DFP.pdf,84
CSN,2017,17964839.0,0,0.0,17964839.0,0.0,PASS_exact,CSN_2017_DFP.pdf,66
CSN,2018,18046864.0,0,0.0,18046864.0,0.0,PASS_exact,CSN_2018_DFP.pdf,66
CSN,2019,19700944.0,0,0.0,19700944.0,0.0,PASS_exact,CSN_2019_DFP.pdf,67
CSN,2020,19716223.0,0,0.0,19716223.0,0.0,PASS_exact,CSN_2020_DFP.pdf,83
CSN,2021,21531134.0,0,0.0,21531134.0,0.0,PASS_exact,CSN_2021_DFP.pdf,96
CSN,2022,26370445.0,0,0.0,26370445.0,0.0,PASS_exact,CSN_2022_DFP.pdf,110
CSN,2023,27927458.0,0,0.0,27927458.0,0.0,PASS_exact,CSN_2023_DFP.pdf,91
CSN,2024,30426023.0,0,0.0,30426023.0,0.0,PASS_exact,CSN_2024_DFP.pdf,80
CSN,2025,33919169.0,0,0.0,33919169.0,0.0,PASS_exact,CSN_2025_DFP.pdf,92
Klabin,2016,12995407.0,0.0,0.0,12995407.0,0.0,PASS_exact,Klabin_2016_DFP.pdf,77
Klabin,2017,12619495.0,0.0,0.0,12619495.0,0.0,PASS_exact,Klabin_2017_DFP.pdf,76
Klabin,2018,12262472.0,0.0,0.0,12262472.0,0.0,PASS_exact,Klabin_2018_DFP.pdf,76
Klabin,2019,13241181.0,494399.0,0.0,13735580.0,0.0,PASS_exact,Klabin_2019_DFP.pdf,83
Klabin,2020,16670773.0,808420.0,175064.0,17654257.0,0.0,PASS_exact,Klabin_2020_DFP.pdf,97
Klabin,2021,19549018.0,1067698.0,0.0,20616716.0,0.0,PASS_exact,Klabin_2021_DFP.pdf,79
Klabin,2022,24159980.0,1610604.0,0.0,25770584.0,0.0,PASS_exact,Klabin_2022_DFP.pdf,82
Klabin,2023,25386550.0,1901652.0,0.0,27288202.0,0.0,PASS_exact,Klabin_2023_DFP.pdf,76
Klabin,2024,28965380.0,1787971.0,0.0,30753351.0,0.0,PASS_exact,Klabin_2024_DFP.pdf,79
Klabin,2025,28648316.0,1659808.0,0.0,30308124.0,0.0,PASS_exact,Klabin_2025_DFP.pdf,82
Suzano,2016,16235281.0,0.0,0.0,16235280.0,1.0,PASS_rounding,Suzano_2016_tenq.pdf,74
Suzano,2017,16211228.0,0.0,0.0,16211228.0,0.0,PASS_exact,Suzano_2017_tenq.pdf,68
Suzano,2018,17020261.0,0.0,0.0,17020259.0,2.0,PASS_rounding,Suzano_2018_tenq.pdf,84
Suzano,2019,41120945.0,3850237.0,0.0,44971182.0,0.0,PASS_exact,Suzano_2019_tenq.pdf,71
Suzano,2020,39156890.0,4344078.0,0.0,43500968.0,0.0,PASS_exact,Suzano_2020_tenq.pdf,68
Suzano,2021,38169703.0,4794023.0,0.0,42963726.0,0.0,PASS_exact,Suzano_2021_tenq.pdf,68
Suzano,2022,50656634.0,5109226.0,0.0,55765860.0,0.0,PASS_exact,Suzano_2022_tenq.pdf,61
Suzano,2023,59289069.0,5196631.0,0.0,64485700.0,0.0,PASS_exact,Suzano_2023_tenq.pdf,62
Suzano,2024,64986040.0,5180691.0,0.0,70166731.0,0.0,PASS_exact,Suzano_2024_tenq.pdf,65
Suzano,2025,64296187.0,5331789.0,0.0,69627976.0,0.0,PASS_exact,Suzano_2025_tenq.pdf,125
Gerdau,2016,19351891.0,0.0,0.0,19351891.0,0.0,PASS_exact,Gerdau_2016_DFP.pdf,53
Gerdau,2017,16443742.0,0.0,0.0,16443741.999999998,0.0,PASS_exact,Gerdau_2017_DFP.pdf,53
Gerdau,2018,15546479.0,0.0,0.0,15546481.0,-2.0,PASS_rounding,Gerdau_2018_DFP.pdf,59
Gerdau,2019,15901493.0,777314.0,0.0,16678807.0,0.0,PASS_exact,Gerdau_2019_DFP.pdf,46
Gerdau,2020,17252915.0,815311.0,0.0,18068226.0,0.0,PASS_exact,Gerdau_2020_DFP.pdf,64
Gerdau,2021,18741786.0,861744.0,0.0,19603530.0,0.0,PASS_exact,Gerdau_2021_DFP.pdf,64
Gerdau,2022,20422734.0,960876.0,0.0,21383610.0,0.0,PASS_exact,Gerdau_2022_DFP.pdf,64
Gerdau,2023,22880530.0,1182654.0,0.0,24063184.0,0.0,PASS_exact,Gerdau_2023_DFP.pdf,72
Gerdau,2024,29591314.0,1168694.0,0.0,30760008.0,0.0,PASS_exact,Gerdau_2024_DFP.pdf,69
Gerdau,2025,30640833.0,1271462.0,0.0,31912295.0,0.0,PASS_exact,Gerdau_2025_DFP.pdf,63
