issuer,year,gross_depreciable_excluding_land_cip_rou,accum_depreciation_excluding_rou,annual_ppe_depreciation_excluding_land_cip_rou,excluded_land,excluded_cip,excluded_rou_gross,net_all_classes_check,currency,unit,pdf,pdf_page,qualification
CSN,2016,25200624,9590238,1254179,264629,2260864,0,18135879,BRL,thousands,CSN_2016_DFP.pdf,84,Accounting proxy only; no physical age/life or validated linear steady-state; impairments may reduce gross; pre2019 embedded finance-leased PPE not separately removable; 2020 source records458 depreciation in land column excluded here
CSN,2017,26327539,11118375,1380193,279740,2475935,0,17964839,BRL,thousands,CSN_2017_DFP.pdf,66,Accounting proxy only; no physical age/life or validated linear steady-state; impairments may reduce gross; pre2019 embedded finance-leased PPE not separately removable; 2020 source records458 depreciation in land column excluded here
CSN,2018,26699310,12222736,1205572,287854,3282436,0,18046864,BRL,thousands,CSN_2018_DFP.pdf,66,Accounting proxy only; no physical age/life or validated linear steady-state; impairments may reduce gross; pre2019 embedded finance-leased PPE not separately removable; 2020 source records458 depreciation in land column excluded here
CSN,2019,29179358,13394760,1407376,226949,3217052,531044,19700944,BRL,thousands,CSN_2019_DFP.pdf,67,Accounting proxy only; no physical age/life or validated linear steady-state; impairments may reduce gross; pre2019 embedded finance-leased PPE not separately removable; 2020 source records458 depreciation in land column excluded here
CSN,2020,31563316,16301769,2376184,257686,3680322,634786,19716223,BRL,thousands,CSN_2020_DFP.pdf,83,Accounting proxy only; no physical age/life or validated linear steady-state; impairments may reduce gross; pre2019 embedded finance-leased PPE not separately removable; 2020 source records458 depreciation in land column excluded here
CSN,2021,35343153,18387020,2044589,349495,3643682,754606,21531134,BRL,thousands,CSN_2021_DFP.pdf,96,Accounting proxy only; no physical age/life or validated linear steady-state; impairments may reduce gross; pre2019 embedded finance-leased PPE not separately removable; 2020 source records458 depreciation in land column excluded here
CSN,2022,46043464,24828556,2615319,485107,4025550,1057566,26370445,BRL,thousands,CSN_2022_DFP.pdf,110,Accounting proxy only; no physical age/life or validated linear steady-state; impairments may reduce gross; pre2019 embedded finance-leased PPE not separately removable; 2020 source records458 depreciation in land column excluded here
CSN,2023,49866602,27564367,2962287,525307,4425130,1126977,27927458,BRL,thousands,CSN_2023_DFP.pdf,91,Accounting proxy only; no physical age/life or validated linear steady-state; impairments may reduce gross; pre2019 embedded finance-leased PPE not separately removable; 2020 source records458 depreciation in land column excluded here
CSN,2024,54069258,30874101,3337847,592716,5881336,1269089,30426023,BRL,thousands,CSN_2024_DFP.pdf,80,Accounting proxy only; no physical age/life or validated linear steady-state; impairments may reduce gross; pre2019 embedded finance-leased PPE not separately removable; 2020 source records458 depreciation in land column excluded here
CSN,2025,55726740,31343069,3672315,629025,7947457,1711164,33919169,BRL,thousands,CSN_2025_DFP.pdf,92,Accounting proxy only; no physical age/life or validated linear steady-state; impairments may reduce gross; pre2019 embedded finance-leased PPE not separately removable; 2020 source records458 depreciation in land column excluded here
