issuer,year,class,gross_cost,accumulated_depreciation,net,annual_ppe_depreciation_depletion,annual_ppe_depreciation,currency,unit,scope,pdf,pdf_page,depreciation_pdf_page,note,qualification
Gerdau,2016,Terrenos prédios e construções (combined),9483753,3898671,5585082,334365,,BRL,thousands,consolidated,Gerdau_2016_DFP.pdf,53,53,10,LAND NOT SEPARABLE; annual charge combines depreciation and depletion; gross may be impairment-adjusted; separate ROU excluded; no exact depreciable aggregate or physical age/life
Gerdau,2016,Máquinas equipamentos e instalações,30633880,19604579,11029301,1738759,,BRL,thousands,consolidated,Gerdau_2016_DFP.pdf,53,53,10,LAND NOT SEPARABLE; annual charge combines depreciation and depletion; gross may be impairment-adjusted; separate ROU excluded; no exact depreciable aggregate or physical age/life
Gerdau,2016,Equipamento eletrônico de dados,762074,649642,112432,44437,,BRL,thousands,consolidated,Gerdau_2016_DFP.pdf,53,53,10,LAND NOT SEPARABLE; annual charge combines depreciation and depletion; gross may be impairment-adjusted; separate ROU excluded; no exact depreciable aggregate or physical age/life
Gerdau,2016,Imobilizado em construção,1762648,0,1762648,0,,BRL,thousands,consolidated,Gerdau_2016_DFP.pdf,53,53,10,LAND NOT SEPARABLE; annual charge combines depreciation and depletion; gross may be impairment-adjusted; separate ROU excluded; no exact depreciable aggregate or physical age/life
Gerdau,2016,Outros,1359244,496816,862428,100259,,BRL,thousands,consolidated,Gerdau_2016_DFP.pdf,53,53,10,LAND NOT SEPARABLE; annual charge combines depreciation and depletion; gross may be impairment-adjusted; separate ROU excluded; no exact depreciable aggregate or physical age/life
Gerdau,2017,Terrenos prédios e construções (combined),9085698,3915023,5170675,343373,,BRL,thousands,consolidated,Gerdau_2017_DFP.pdf,53,54,10,LAND NOT SEPARABLE; annual charge combines depreciation and depletion; gross may be impairment-adjusted; separate ROU excluded; no exact depreciable aggregate or physical age/life
Gerdau,2017,Máquinas equipamentos e instalações,28016604,18576836,9439768,1361561,,BRL,thousands,consolidated,Gerdau_2017_DFP.pdf,53,54,10,LAND NOT SEPARABLE; annual charge combines depreciation and depletion; gross may be impairment-adjusted; separate ROU excluded; no exact depreciable aggregate or physical age/life
Gerdau,2017,Equipamento eletrônico de dados,711638,622234,89404,40915,,BRL,thousands,consolidated,Gerdau_2017_DFP.pdf,53,54,10,LAND NOT SEPARABLE; annual charge combines depreciation and depletion; gross may be impairment-adjusted; separate ROU excluded; no exact depreciable aggregate or physical age/life
Gerdau,2017,Imobilizado em construção,950680,0,950680,0,,BRL,thousands,consolidated,Gerdau_2017_DFP.pdf,53,54,10,LAND NOT SEPARABLE; annual charge combines depreciation and depletion; gross may be impairment-adjusted; separate ROU excluded; no exact depreciable aggregate or physical age/life
Gerdau,2017,Outros,1175697,382482,793215,61506,,BRL,thousands,consolidated,Gerdau_2017_DFP.pdf,53,54,10,LAND NOT SEPARABLE; annual charge combines depreciation and depletion; gross may be impairment-adjusted; separate ROU excluded; no exact depreciable aggregate or physical age/life
Gerdau,2018,Terrenos prédios e construções (combined),8700749,4181805,4518944,291315,,BRL,thousands,consolidated,Gerdau_2018_DFP.pdf,59,59,10,LAND NOT SEPARABLE; annual charge combines depreciation and depletion; gross may be impairment-adjusted; separate ROU excluded; no exact depreciable aggregate or physical age/life
Gerdau,2018,Máquinas equipamentos e instalações,29608998,20366821,9242177,1128138,,BRL,thousands,consolidated,Gerdau_2018_DFP.pdf,59,59,10,LAND NOT SEPARABLE; annual charge combines depreciation and depletion; gross may be impairment-adjusted; separate ROU excluded; no exact depreciable aggregate or physical age/life
Gerdau,2018,Equipamento eletrônico de dados,753078,686946,66132,34814,,BRL,thousands,consolidated,Gerdau_2018_DFP.pdf,59,59,10,LAND NOT SEPARABLE; annual charge combines depreciation and depletion; gross may be impairment-adjusted; separate ROU excluded; no exact depreciable aggregate or physical age/life
Gerdau,2018,Imobilizado em construção,1021247,0,1021247,0,,BRL,thousands,consolidated,Gerdau_2018_DFP.pdf,59,59,10,LAND NOT SEPARABLE; annual charge combines depreciation and depletion; gross may be impairment-adjusted; separate ROU excluded; no exact depreciable aggregate or physical age/life
Gerdau,2018,Outros,988112,290133,697979,130611,,BRL,thousands,consolidated,Gerdau_2018_DFP.pdf,59,59,10,LAND NOT SEPARABLE; annual charge combines depreciation and depletion; gross may be impairment-adjusted; separate ROU excluded; no exact depreciable aggregate or physical age/life
Gerdau,2019,Terrenos prédios e construções (combined),8912943,4513462,4399481,295615,,BRL,thousands,consolidated,Gerdau_2019_DFP.pdf,46,47,10,LAND NOT SEPARABLE; annual charge combines depreciation and depletion; gross may be impairment-adjusted; separate ROU excluded; no exact depreciable aggregate or physical age/life
Gerdau,2019,Máquinas equipamentos e instalações,31031208,21841411,9189797,1136040,,BRL,thousands,consolidated,Gerdau_2019_DFP.pdf,46,47,10,LAND NOT SEPARABLE; annual charge combines depreciation and depletion; gross may be impairment-adjusted; separate ROU excluded; no exact depreciable aggregate or physical age/life
Gerdau,2019,Equipamento eletrônico de dados,802549,730422,72127,33143,,BRL,thousands,consolidated,Gerdau_2019_DFP.pdf,46,47,10,LAND NOT SEPARABLE; annual charge combines depreciation and depletion; gross may be impairment-adjusted; separate ROU excluded; no exact depreciable aggregate or physical age/life
Gerdau,2019,Imobilizado em construção,1515729,0,1515729,0,,BRL,thousands,consolidated,Gerdau_2019_DFP.pdf,46,47,10,LAND NOT SEPARABLE; annual charge combines depreciation and depletion; gross may be impairment-adjusted; separate ROU excluded; no exact depreciable aggregate or physical age/life
Gerdau,2019,Outros,1029408,305049,724359,112384,,BRL,thousands,consolidated,Gerdau_2019_DFP.pdf,46,47,10,LAND NOT SEPARABLE; annual charge combines depreciation and depletion; gross may be impairment-adjusted; separate ROU excluded; no exact depreciable aggregate or physical age/life
Gerdau,2020,Terrenos prédios e construções (combined),9939856,5144539,4795317,413252,,BRL,thousands,consolidated,Gerdau_2020_DFP.pdf,64,65,10,LAND NOT SEPARABLE; annual charge combines depreciation and depletion; gross may be impairment-adjusted; separate ROU excluded; no exact depreciable aggregate or physical age/life
Gerdau,2020,Máquinas equipamentos e instalações,34900469,25534221,9366248,1354559,,BRL,thousands,consolidated,Gerdau_2020_DFP.pdf,64,65,10,LAND NOT SEPARABLE; annual charge combines depreciation and depletion; gross may be impairment-adjusted; separate ROU excluded; no exact depreciable aggregate or physical age/life
Gerdau,2020,Equipamento eletrônico de dados,922143,857675,64468,37616,,BRL,thousands,consolidated,Gerdau_2020_DFP.pdf,64,65,10,LAND NOT SEPARABLE; annual charge combines depreciation and depletion; gross may be impairment-adjusted; separate ROU excluded; no exact depreciable aggregate or physical age/life
Gerdau,2020,Imobilizado em construção,2254205,0,2254205,0,,BRL,thousands,consolidated,Gerdau_2020_DFP.pdf,64,65,10,LAND NOT SEPARABLE; annual charge combines depreciation and depletion; gross may be impairment-adjusted; separate ROU excluded; no exact depreciable aggregate or physical age/life
Gerdau,2020,Outros,1078537,305860,772677,100210,,BRL,thousands,consolidated,Gerdau_2020_DFP.pdf,64,65,10,LAND NOT SEPARABLE; annual charge combines depreciation and depletion; gross may be impairment-adjusted; separate ROU excluded; no exact depreciable aggregate or physical age/life
Gerdau,2021,Terrenos prédios e construções (combined),10220614,5540394,4680220,383122,,BRL,thousands,consolidated,Gerdau_2021_DFP.pdf,64,65,10,LAND NOT SEPARABLE; annual charge combines depreciation and depletion; gross may be impairment-adjusted; separate ROU excluded; no exact depreciable aggregate or physical age/life
Gerdau,2021,Máquinas equipamentos e instalações,36863451,27309057,9554394,1468513,,BRL,thousands,consolidated,Gerdau_2021_DFP.pdf,64,65,10,LAND NOT SEPARABLE; annual charge combines depreciation and depletion; gross may be impairment-adjusted; separate ROU excluded; no exact depreciable aggregate or physical age/life
Gerdau,2021,Equipamento eletrônico de dados,1020016,923004,97012,41973,,BRL,thousands,consolidated,Gerdau_2021_DFP.pdf,64,65,10,LAND NOT SEPARABLE; annual charge combines depreciation and depletion; gross may be impairment-adjusted; separate ROU excluded; no exact depreciable aggregate or physical age/life
Gerdau,2021,Imobilizado em construção,3620929,0,3620929,0,,BRL,thousands,consolidated,Gerdau_2021_DFP.pdf,64,65,10,LAND NOT SEPARABLE; annual charge combines depreciation and depletion; gross may be impairment-adjusted; separate ROU excluded; no exact depreciable aggregate or physical age/life
Gerdau,2021,Outros,1184922,395691,789231,163803,,BRL,thousands,consolidated,Gerdau_2021_DFP.pdf,64,65,10,LAND NOT SEPARABLE; annual charge combines depreciation and depletion; gross may be impairment-adjusted; separate ROU excluded; no exact depreciable aggregate or physical age/life
Gerdau,2022,Terrenos prédios e construções (combined),10430215,5716422,4713793,440471,,BRL,thousands,consolidated,Gerdau_2022_DFP.pdf,64,65,10,LAND NOT SEPARABLE; annual charge combines depreciation and depletion; gross may be impairment-adjusted; separate ROU excluded; no exact depreciable aggregate or physical age/life
Gerdau,2022,Máquinas equipamentos e instalações,38638694,27719696,10918998,1709643,,BRL,thousands,consolidated,Gerdau_2022_DFP.pdf,64,65,10,LAND NOT SEPARABLE; annual charge combines depreciation and depletion; gross may be impairment-adjusted; separate ROU excluded; no exact depreciable aggregate or physical age/life
Gerdau,2022,Equipamento eletrônico de dados,1022633,918769,103864,41423,,BRL,thousands,consolidated,Gerdau_2022_DFP.pdf,64,65,10,LAND NOT SEPARABLE; annual charge combines depreciation and depletion; gross may be impairment-adjusted; separate ROU excluded; no exact depreciable aggregate or physical age/life
Gerdau,2022,Imobilizado em construção,3714681,0,3714681,0,,BRL,thousands,consolidated,Gerdau_2022_DFP.pdf,64,65,10,LAND NOT SEPARABLE; annual charge combines depreciation and depletion; gross may be impairment-adjusted; separate ROU excluded; no exact depreciable aggregate or physical age/life
Gerdau,2022,Outros,1374158,402760,971398,83150,,BRL,thousands,consolidated,Gerdau_2022_DFP.pdf,64,65,10,LAND NOT SEPARABLE; annual charge combines depreciation and depletion; gross may be impairment-adjusted; separate ROU excluded; no exact depreciable aggregate or physical age/life
Gerdau,2023,Terrenos prédios e construções (combined),10873391,6069237,4804154,542419,,BRL,thousands,consolidated,Gerdau_2023_DFP.pdf,72,73,10,LAND NOT SEPARABLE; annual charge combines depreciation and depletion; gross may be impairment-adjusted; separate ROU excluded; no exact depreciable aggregate or physical age/life
Gerdau,2023,Máquinas equipamentos e instalações,39079732,27983621,11096111,1773479,,BRL,thousands,consolidated,Gerdau_2023_DFP.pdf,72,73,10,LAND NOT SEPARABLE; annual charge combines depreciation and depletion; gross may be impairment-adjusted; separate ROU excluded; no exact depreciable aggregate or physical age/life
Gerdau,2023,Equipamento eletrônico de dados,1087109,929259,157850,62072,,BRL,thousands,consolidated,Gerdau_2023_DFP.pdf,72,73,10,LAND NOT SEPARABLE; annual charge combines depreciation and depletion; gross may be impairment-adjusted; separate ROU excluded; no exact depreciable aggregate or physical age/life
Gerdau,2023,Imobilizado em construção,5516550,0,5516550,0,,BRL,thousands,consolidated,Gerdau_2023_DFP.pdf,72,73,10,LAND NOT SEPARABLE; annual charge combines depreciation and depletion; gross may be impairment-adjusted; separate ROU excluded; no exact depreciable aggregate or physical age/life
Gerdau,2023,Outros,1702649,396784,1305865,72227,,BRL,thousands,consolidated,Gerdau_2023_DFP.pdf,72,73,10,LAND NOT SEPARABLE; annual charge combines depreciation and depletion; gross may be impairment-adjusted; separate ROU excluded; no exact depreciable aggregate or physical age/life
Gerdau,2024,Terrenos prédios e construções (combined),12744122,7053039,5691083,427553,,BRL,thousands,consolidated,Gerdau_2024_DFP.pdf,69,70,10,LAND NOT SEPARABLE; annual charge combines depreciation and depletion; gross may be impairment-adjusted; separate ROU excluded; no exact depreciable aggregate or physical age/life
Gerdau,2024,Máquinas equipamentos e instalações,47362045,33817318,13544727,1922750,,BRL,thousands,consolidated,Gerdau_2024_DFP.pdf,69,70,10,LAND NOT SEPARABLE; annual charge combines depreciation and depletion; gross may be impairment-adjusted; separate ROU excluded; no exact depreciable aggregate or physical age/life
Gerdau,2024,Equipamento eletrônico de dados,890127,707829,182298,76514,,BRL,thousands,consolidated,Gerdau_2024_DFP.pdf,69,70,10,LAND NOT SEPARABLE; annual charge combines depreciation and depletion; gross may be impairment-adjusted; separate ROU excluded; no exact depreciable aggregate or physical age/life
Gerdau,2024,Imobilizado em construção,8600123,0,8600123,0,,BRL,thousands,consolidated,Gerdau_2024_DFP.pdf,69,70,10,LAND NOT SEPARABLE; annual charge combines depreciation and depletion; gross may be impairment-adjusted; separate ROU excluded; no exact depreciable aggregate or physical age/life
Gerdau,2024,Outros,2047107,474024,1573083,57626,,BRL,thousands,consolidated,Gerdau_2024_DFP.pdf,69,70,10,LAND NOT SEPARABLE; annual charge combines depreciation and depletion; gross may be impairment-adjusted; separate ROU excluded; no exact depreciable aggregate or physical age/life
Gerdau,2025,Terrenos prédios e construções (combined),12901550,7208188,5693362,462279,,BRL,thousands,consolidated,Gerdau_2025_DFP.pdf,63,63,10,LAND NOT SEPARABLE; annual charge combines depreciation and depletion; gross may be impairment-adjusted; separate ROU excluded; no exact depreciable aggregate or physical age/life
Gerdau,2025,Máquinas equipamentos e instalações,48919065,34448701,14470364,2332157,,BRL,thousands,consolidated,Gerdau_2025_DFP.pdf,63,63,10,LAND NOT SEPARABLE; annual charge combines depreciation and depletion; gross may be impairment-adjusted; separate ROU excluded; no exact depreciable aggregate or physical age/life
Gerdau,2025,Equipamento eletrônico de dados,957731,762506,195225,91877,,BRL,thousands,consolidated,Gerdau_2025_DFP.pdf,63,63,10,LAND NOT SEPARABLE; annual charge combines depreciation and depletion; gross may be impairment-adjusted; separate ROU excluded; no exact depreciable aggregate or physical age/life
Gerdau,2025,Imobilizado em construção,8660488,0,8660488,0,,BRL,thousands,consolidated,Gerdau_2025_DFP.pdf,63,63,10,LAND NOT SEPARABLE; annual charge combines depreciation and depletion; gross may be impairment-adjusted; separate ROU excluded; no exact depreciable aggregate or physical age/life
Gerdau,2025,Outros,2151738,530344,1621394,105660,,BRL,thousands,consolidated,Gerdau_2025_DFP.pdf,63,63,10,LAND NOT SEPARABLE; annual charge combines depreciation and depletion; gross may be impairment-adjusted; separate ROU excluded; no exact depreciable aggregate or physical age/life
