issuer,year,accumulated_PPE_consumption_as_disclosed,annual_PPE_consumption_as_disclosed,accumulated_consumption_to_annual_consumption,gross_stock_including_combined_land,gross_stock_to_annual_consumption_CONTAMINATED,ratio_unit,currency,stock_charge_unit,pdf,stock_pdf_page,charge_pdf_page,qualification
Gerdau,2016,24649708,2217820,11.114386199060338,42238951,19.0452566033312,years,BRL,thousands,Gerdau_2016_DFP.pdf,53,53,Supplementary accumulated-consumption/current-PPE-consumption ratio only; charge may include mineral depletion/amortization; combined land/buildings/mineral rights retained; gross/charge contaminated by nondepreciable land; neither physical age nor useful-life estimate
Gerdau,2017,23496575,1807355,13.000531162942533,38989637,21.572760747058545,years,BRL,thousands,Gerdau_2017_DFP.pdf,53,54,Supplementary accumulated-consumption/current-PPE-consumption ratio only; charge may include mineral depletion/amortization; combined land/buildings/mineral rights retained; gross/charge contaminated by nondepreciable land; neither physical age nor useful-life estimate
Gerdau,2018,25525705,1584878,16.105785429540948,40050937,25.270675092972457,years,BRL,thousands,Gerdau_2018_DFP.pdf,59,59,Supplementary accumulated-consumption/current-PPE-consumption ratio only; charge may include mineral depletion/amortization; combined land/buildings/mineral rights retained; gross/charge contaminated by nondepreciable land; neither physical age nor useful-life estimate
Gerdau,2019,27390344,1577182,17.366634922285442,41776108,26.48781687845791,years,BRL,thousands,Gerdau_2019_DFP.pdf,46,47,Supplementary accumulated-consumption/current-PPE-consumption ratio only; charge may include mineral depletion/amortization; combined land/buildings/mineral rights retained; gross/charge contaminated by nondepreciable land; neither physical age nor useful-life estimate
Gerdau,2020,31842295,1905637,16.709528100052633,46841005,24.580234850603762,years,BRL,thousands,Gerdau_2020_DFP.pdf,64,65,Supplementary accumulated-consumption/current-PPE-consumption ratio only; charge may include mineral depletion/amortization; combined land/buildings/mineral rights retained; gross/charge contaminated by nondepreciable land; neither physical age nor useful-life estimate
Gerdau,2021,34168146,2057411,16.60735069463515,49289003,23.956809310341978,years,BRL,thousands,Gerdau_2021_DFP.pdf,64,65,Supplementary accumulated-consumption/current-PPE-consumption ratio only; charge may include mineral depletion/amortization; combined land/buildings/mineral rights retained; gross/charge contaminated by nondepreciable land; neither physical age nor useful-life estimate
Gerdau,2022,34757647,2274687,15.280188878733645,51465700,22.625398571319923,years,BRL,thousands,Gerdau_2022_DFP.pdf,64,65,Supplementary accumulated-consumption/current-PPE-consumption ratio only; charge may include mineral depletion/amortization; combined land/buildings/mineral rights retained; gross/charge contaminated by nondepreciable land; neither physical age nor useful-life estimate
Gerdau,2023,35378901,2450197,14.439206725010274,52742881,21.525975666446413,years,BRL,thousands,Gerdau_2023_DFP.pdf,72,73,Supplementary accumulated-consumption/current-PPE-consumption ratio only; charge may include mineral depletion/amortization; combined land/buildings/mineral rights retained; gross/charge contaminated by nondepreciable land; neither physical age nor useful-life estimate
Gerdau,2024,42052210,2484443,16.926212434738893,63043401,25.37526560279306,years,BRL,thousands,Gerdau_2024_DFP.pdf,69,70,Supplementary accumulated-consumption/current-PPE-consumption ratio only; charge may include mineral depletion/amortization; combined land/buildings/mineral rights retained; gross/charge contaminated by nondepreciable land; neither physical age nor useful-life estimate
Gerdau,2025,42949739,2991973,14.354988831784244,64930084,21.70142711849338,years,BRL,thousands,Gerdau_2025_DFP.pdf,63,63,Supplementary accumulated-consumption/current-PPE-consumption ratio only; charge may include mineral depletion/amortization; combined land/buildings/mineral rights retained; gross/charge contaminated by nondepreciable land; neither physical age nor useful-life estimate
