issuer,year,class,gross_cost,accumulated_depreciation,net,annual_ppe_depreciation,currency,unit,scope,pdf,pdf_page,depreciation_pdf_page,note,qualification
Klabin,2016,Terrenos,2066047,0,2066047,0,BRL,thousands,consolidated,Klabin_2016_DFP.pdf,77,78,12,Own-year composition; annual PPE depreciation production charge; separate biological depletion/ROU excluded; ±1 class rounding possible; no physical age/life implied
Klabin,2016,Edifícios e construções,1964206,300534,1663672,61955,BRL,thousands,consolidated,Klabin_2016_DFP.pdf,77,78,12,Own-year composition; annual PPE depreciation production charge; separate biological depletion/ROU excluded; ±1 class rounding possible; no physical age/life implied
Klabin,2016,Máquinas equipamentos e instalações,10600003,2828346,7771657,655942,BRL,thousands,consolidated,Klabin_2016_DFP.pdf,77,78,12,Own-year composition; annual PPE depreciation production charge; separate biological depletion/ROU excluded; ±1 class rounding possible; no physical age/life implied
Klabin,2016,Obras e instalações em andamento,973342,0,973342,0,BRL,thousands,consolidated,Klabin_2016_DFP.pdf,77,78,12,Own-year composition; annual PPE depreciation production charge; separate biological depletion/ROU excluded; ±1 class rounding possible; no physical age/life implied
Klabin,2016,Outros,929021,408332,520689,87935,BRL,thousands,consolidated,Klabin_2016_DFP.pdf,77,78,12,Own-year composition; annual PPE depreciation production charge; separate biological depletion/ROU excluded; ±1 class rounding possible; no physical age/life implied
Klabin,2017,Terrenos,2004105,0,2004105,0,BRL,thousands,consolidated,Klabin_2017_DFP.pdf,76,77,12,Own-year composition; annual PPE depreciation production charge; separate biological depletion/ROU excluded; ±1 class rounding possible; no physical age/life implied
Klabin,2017,Edifícios e construções,2140596,374426,1766170,75112,BRL,thousands,consolidated,Klabin_2017_DFP.pdf,76,77,12,Own-year composition; annual PPE depreciation production charge; separate biological depletion/ROU excluded; ±1 class rounding possible; no physical age/life implied
Klabin,2017,Máquinas equipamentos e instalações,11643268,3599231,8044037,822236,BRL,thousands,consolidated,Klabin_2017_DFP.pdf,76,77,12,Own-year composition; annual PPE depreciation production charge; separate biological depletion/ROU excluded; ±1 class rounding possible; no physical age/life implied
Klabin,2017,Obras e instalações em andamento,566423,0,566423,0,BRL,thousands,consolidated,Klabin_2017_DFP.pdf,76,77,12,Own-year composition; annual PPE depreciation production charge; separate biological depletion/ROU excluded; ±1 class rounding possible; no physical age/life implied
Klabin,2017,Outros,761700,522940,238760,122273,BRL,thousands,consolidated,Klabin_2017_DFP.pdf,76,77,12,Own-year composition; annual PPE depreciation production charge; separate biological depletion/ROU excluded; ±1 class rounding possible; no physical age/life implied
Klabin,2018,Terrenos,2102042,0,2102042,0,BRL,thousands,consolidated,Klabin_2018_DFP.pdf,76,77,12,Own-year composition; annual PPE depreciation production charge; separate biological depletion/ROU excluded; ±1 class rounding possible; no physical age/life implied
Klabin,2018,Edifícios e construções,2557769,541795,2015974,89685,BRL,thousands,consolidated,Klabin_2018_DFP.pdf,76,77,12,Own-year composition; annual PPE depreciation production charge; separate biological depletion/ROU excluded; ±1 class rounding possible; no physical age/life implied
Klabin,2018,Máquinas equipamentos e instalações,12039195,4608045,7431150,938520,BRL,thousands,consolidated,Klabin_2018_DFP.pdf,76,77,12,Own-year composition; annual PPE depreciation production charge; separate biological depletion/ROU excluded; ±1 class rounding possible; no physical age/life implied
Klabin,2018,Obras e instalações em andamento,410812,0,410812,0,BRL,thousands,consolidated,Klabin_2018_DFP.pdf,76,77,12,Own-year composition; annual PPE depreciation production charge; separate biological depletion/ROU excluded; ±1 class rounding possible; no physical age/life implied
Klabin,2018,Outros,604511,302017,302494,67105,BRL,thousands,consolidated,Klabin_2018_DFP.pdf,76,77,12,Own-year composition; annual PPE depreciation production charge; separate biological depletion/ROU excluded; ±1 class rounding possible; no physical age/life implied
Klabin,2019,Terrenos,2210453,0,2210453,0,BRL,thousands,consolidated,Klabin_2019_DFP.pdf,83,84,12,Own-year composition; annual PPE depreciation production charge; separate biological depletion/ROU excluded; ±1 class rounding possible; no physical age/life implied;2019 image tables transcribed visually
Klabin,2019,Edifícios e construções,2611749,638951,1972798,93603,BRL,thousands,consolidated,Klabin_2019_DFP.pdf,83,84,12,Own-year composition; annual PPE depreciation production charge; separate biological depletion/ROU excluded; ±1 class rounding possible; no physical age/life implied;2019 image tables transcribed visually
Klabin,2019,Máquinas equipamentos e instalações,12521335,5508702,7012633,955827,BRL,thousands,consolidated,Klabin_2019_DFP.pdf,83,84,12,Own-year composition; annual PPE depreciation production charge; separate biological depletion/ROU excluded; ±1 class rounding possible; no physical age/life implied;2019 image tables transcribed visually
Klabin,2019,Obras e instalações em andamento,1873387,0,1873387,0,BRL,thousands,consolidated,Klabin_2019_DFP.pdf,83,84,12,Own-year composition; annual PPE depreciation production charge; separate biological depletion/ROU excluded; ±1 class rounding possible; no physical age/life implied;2019 image tables transcribed visually
Klabin,2019,Outros,534922,363012,171910,71198,BRL,thousands,consolidated,Klabin_2019_DFP.pdf,83,84,12,Own-year composition; annual PPE depreciation production charge; separate biological depletion/ROU excluded; ±1 class rounding possible; no physical age/life implied;2019 image tables transcribed visually
Klabin,2020,Terrenos,2374134,0,2374134,0,BRL,thousands,consolidated,Klabin_2020_DFP.pdf,97,98,13,Own-year composition; annual PPE depreciation production charge; separate biological depletion/ROU excluded; ±1 class rounding possible; no physical age/life implied
Klabin,2020,Edifícios e construções,2821878,747070,2074808,96164,BRL,thousands,consolidated,Klabin_2020_DFP.pdf,97,98,13,Own-year composition; annual PPE depreciation production charge; separate biological depletion/ROU excluded; ±1 class rounding possible; no physical age/life implied
Klabin,2020,Máquinas equipamentos e instalações,12936401,6504244,6432157,1002191,BRL,thousands,consolidated,Klabin_2020_DFP.pdf,97,98,13,Own-year composition; annual PPE depreciation production charge; separate biological depletion/ROU excluded; ±1 class rounding possible; no physical age/life implied
Klabin,2020,Obras e instalações em andamento,5648428,0,5648428,0,BRL,thousands,consolidated,Klabin_2020_DFP.pdf,97,98,13,Own-year composition; annual PPE depreciation production charge; separate biological depletion/ROU excluded; ±1 class rounding possible; no physical age/life implied
Klabin,2020,Outros,568824,427578,141246,68856,BRL,thousands,consolidated,Klabin_2020_DFP.pdf,97,98,13,Own-year composition; annual PPE depreciation production charge; separate biological depletion/ROU excluded; ±1 class rounding possible; no physical age/life implied
Klabin,2021,Terrenos,2503224,0,2503224,0,BRL,thousands,consolidated,Klabin_2021_DFP.pdf,79,80,13,Own-year composition; annual PPE depreciation production charge; separate biological depletion/ROU excluded; ±1 class rounding possible; no physical age/life implied
Klabin,2021,Edifícios e construções,3421004,851832,2569172,113011,BRL,thousands,consolidated,Klabin_2021_DFP.pdf,79,80,13,Own-year composition; annual PPE depreciation production charge; separate biological depletion/ROU excluded; ±1 class rounding possible; no physical age/life implied
Klabin,2021,Máquinas equipamentos e instalações,19059463,7389145,11670318,1011353,BRL,thousands,consolidated,Klabin_2021_DFP.pdf,79,80,13,Own-year composition; annual PPE depreciation production charge; separate biological depletion/ROU excluded; ±1 class rounding possible; no physical age/life implied
Klabin,2021,Obras e instalações em andamento,2648029,0,2648029,0,BRL,thousands,consolidated,Klabin_2021_DFP.pdf,79,80,13,Own-year composition; annual PPE depreciation production charge; separate biological depletion/ROU excluded; ±1 class rounding possible; no physical age/life implied
Klabin,2021,Outros,625075,466800,158275,60914,BRL,thousands,consolidated,Klabin_2021_DFP.pdf,79,80,13,Own-year composition; annual PPE depreciation production charge; separate biological depletion/ROU excluded; ±1 class rounding possible; no physical age/life implied
Klabin,2022,Terrenos,2932230,0,2932230,0,BRL,thousands,consolidated,Klabin_2022_DFP.pdf,82,83,15,Own-year composition; annual PPE depreciation production charge; separate biological depletion/ROU excluded; ±1 class rounding possible; no physical age/life implied
Klabin,2022,Edifícios e construções,3405713,965403,2440310,131047,BRL,thousands,consolidated,Klabin_2022_DFP.pdf,82,83,15,Own-year composition; annual PPE depreciation production charge; separate biological depletion/ROU excluded; ±1 class rounding possible; no physical age/life implied
Klabin,2022,Máquinas equipamentos e instalações,20093391,8527833,11565558,1253472,BRL,thousands,consolidated,Klabin_2022_DFP.pdf,82,83,15,Own-year composition; annual PPE depreciation production charge; separate biological depletion/ROU excluded; ±1 class rounding possible; no physical age/life implied
Klabin,2022,Obras e instalações em andamento,7048245,0,7048245,0,BRL,thousands,consolidated,Klabin_2022_DFP.pdf,82,83,15,Own-year composition; annual PPE depreciation production charge; separate biological depletion/ROU excluded; ±1 class rounding possible; no physical age/life implied
Klabin,2022,Outros,667205,493568,173637,54659,BRL,thousands,consolidated,Klabin_2022_DFP.pdf,82,83,15,Own-year composition; annual PPE depreciation production charge; separate biological depletion/ROU excluded; ±1 class rounding possible; no physical age/life implied
Klabin,2023,Terrenos,3657239,0,3657239,0,BRL,thousands,consolidated,Klabin_2023_DFP.pdf,76,77,14,Own-year composition; annual PPE depreciation production charge; separate biological depletion/ROU excluded; ±1 class rounding possible; no physical age/life implied
Klabin,2023,Edifícios e construções,3978290,1100695,2877595,142858,BRL,thousands,consolidated,Klabin_2023_DFP.pdf,76,77,14,Own-year composition; annual PPE depreciation production charge; separate biological depletion/ROU excluded; ±1 class rounding possible; no physical age/life implied
Klabin,2023,Máquinas equipamentos e instalações,25287490,9904486,15383004,1459007,BRL,thousands,consolidated,Klabin_2023_DFP.pdf,76,77,14,Own-year composition; annual PPE depreciation production charge; separate biological depletion/ROU excluded; ±1 class rounding possible; no physical age/life implied
Klabin,2023,Obras e instalações em andamento,3244286,0,3244286,0,BRL,thousands,consolidated,Klabin_2023_DFP.pdf,76,77,14,Own-year composition; annual PPE depreciation production charge; separate biological depletion/ROU excluded; ±1 class rounding possible; no physical age/life implied
Klabin,2023,Outros,755113,530687,224426,56510,BRL,thousands,consolidated,Klabin_2023_DFP.pdf,76,77,14,Own-year composition; annual PPE depreciation production charge; separate biological depletion/ROU excluded; ±1 class rounding possible; no physical age/life implied
Klabin,2024,Terrenos,7326082,0,7326082,0,BRL,thousands,consolidated,Klabin_2024_DFP.pdf,79,80,14,Own-year composition; annual PPE depreciation production charge; separate biological depletion/ROU excluded; ±1 class rounding possible; no physical age/life implied
Klabin,2024,Edifícios e construções,4544611,1252928,3291683,159201,BRL,thousands,consolidated,Klabin_2024_DFP.pdf,79,80,14,Own-year composition; annual PPE depreciation production charge; separate biological depletion/ROU excluded; ±1 class rounding possible; no physical age/life implied
Klabin,2024,Máquinas equipamentos e instalações,27681238,11555890,16125348,1751190,BRL,thousands,consolidated,Klabin_2024_DFP.pdf,79,80,14,Own-year composition; annual PPE depreciation production charge; separate biological depletion/ROU excluded; ±1 class rounding possible; no physical age/life implied
Klabin,2024,Obras e instalações em andamento,1984585,0,1984585,0,BRL,thousands,consolidated,Klabin_2024_DFP.pdf,79,80,14,Own-year composition; annual PPE depreciation production charge; separate biological depletion/ROU excluded; ±1 class rounding possible; no physical age/life implied
Klabin,2024,Outros,826933,589251,237682,69877,BRL,thousands,consolidated,Klabin_2024_DFP.pdf,79,80,14,Own-year composition; annual PPE depreciation production charge; separate biological depletion/ROU excluded; ±1 class rounding possible; no physical age/life implied
Klabin,2025,Terrenos,7357428,0,7357428,0,BRL,thousands,consolidated,Klabin_2025_DFP.pdf,82,83,13,Own-year composition; annual PPE depreciation production charge; separate biological depletion/ROU excluded; ±1 class rounding possible; no physical age/life implied
Klabin,2025,Edifícios e construções,4760269,1419591,3340678,167140,BRL,thousands,consolidated,Klabin_2025_DFP.pdf,82,83,13,Own-year composition; annual PPE depreciation production charge; separate biological depletion/ROU excluded; ±1 class rounding possible; no physical age/life implied
Klabin,2025,Máquinas equipamentos e instalações,29270589,13346607,15923982,1853219,BRL,thousands,consolidated,Klabin_2025_DFP.pdf,82,83,13,Own-year composition; annual PPE depreciation production charge; separate biological depletion/ROU excluded; ±1 class rounding possible; no physical age/life implied
Klabin,2025,Obras e instalações em andamento,1747431,0,1747431,0,BRL,thousands,consolidated,Klabin_2025_DFP.pdf,82,83,13,Own-year composition; annual PPE depreciation production charge; separate biological depletion/ROU excluded; ±1 class rounding possible; no physical age/life implied
Klabin,2025,Outros,914039,635242,278797,76826,BRL,thousands,consolidated,Klabin_2025_DFP.pdf,82,83,13,Own-year composition; annual PPE depreciation production charge; separate biological depletion/ROU excluded; ±1 class rounding possible; no physical age/life implied
