issuer,year,class,gross_cost,accumulated_depreciation,net,annual_ppe_depreciation,currency,unit,scope,pdf,pdf_page,note,qualification
Suzano,2016,Land,4368577,0,4368577,0,BRL,thousands,consolidated,Suzano_2016_tenq.pdf,74,15,Own-year consolidated PPE note15; no physical age/life claim; separate biological depletion and ROU excluded; machinery includes finance-leased PPE; impairment192538 reduced landgross
Suzano,2016,Buildings,2683827,762686,1921141,77723,BRL,thousands,consolidated,Suzano_2016_tenq.pdf,74,15,Own-year consolidated PPE note15; no physical age/life claim; separate biological depletion and ROU excluded; machinery includes finance-leased PPE; impairment192538 reduced landgross
Suzano,2016,Machinery equipment facilities,15345570,5908943,9436627,691552,BRL,thousands,consolidated,Suzano_2016_tenq.pdf,74,15,Own-year consolidated PPE note15; no physical age/life claim; separate biological depletion and ROU excluded; machinery includes finance-leased PPE; impairment192538 reduced landgross
Suzano,2016,Work in progress,390671,0,390671,0,BRL,thousands,consolidated,Suzano_2016_tenq.pdf,74,15,Own-year consolidated PPE note15; no physical age/life claim; separate biological depletion and ROU excluded; machinery includes finance-leased PPE; impairment192538 reduced landgross
Suzano,2016,Other,299131,180866,118265,26078,BRL,thousands,consolidated,Suzano_2016_tenq.pdf,74,15,Own-year consolidated PPE note15; no physical age/life claim; separate biological depletion and ROU excluded; machinery includes finance-leased PPE; impairment192538 reduced landgross
Suzano,2017,Land,4348592,0,4348592,0,BRL,thousands,consolidated,Suzano_2017_tenq.pdf,68,15,Own-year consolidated PPE note15; no physical age/life claim; separate biological depletion and ROU excluded; machinery includes finance-leased PPE
Suzano,2017,Buildings,2815673,829821,1985852,70315,BRL,thousands,consolidated,Suzano_2017_tenq.pdf,68,15,Own-year consolidated PPE note15; no physical age/life claim; separate biological depletion and ROU excluded; machinery includes finance-leased PPE
Suzano,2017,Machinery equipment facilities,15846331,6545959,9300372,701822,BRL,thousands,consolidated,Suzano_2017_tenq.pdf,68,15,Own-year consolidated PPE note15; no physical age/life claim; separate biological depletion and ROU excluded; machinery includes finance-leased PPE
Suzano,2017,Work in progress,483735,0,483735,0,BRL,thousands,consolidated,Suzano_2017_tenq.pdf,68,15,Own-year consolidated PPE note15; no physical age/life claim; separate biological depletion and ROU excluded; machinery includes finance-leased PPE
Suzano,2017,Other,288395,195718,92677,27719,BRL,thousands,consolidated,Suzano_2017_tenq.pdf,68,15,Own-year consolidated PPE note15; no physical age/life claim; separate biological depletion and ROU excluded; machinery includes finance-leased PPE
Suzano,2018,Land,5077336,0,5077336,0,BRL,thousands,consolidated,Suzano_2018_tenq.pdf,84,15,Own-year consolidated PPE note15; no physical age/life claim; separate biological depletion and ROU excluded; machinery includes finance-leased PPE;PPAaddedvalue remains separate depreciable class and dep4178 included; gross/net source total rounding2thousand
Suzano,2018,Buildings,3061534,906616,2154918,78264,BRL,thousands,consolidated,Suzano_2018_tenq.pdf,84,15,Own-year consolidated PPE note15; no physical age/life claim; separate biological depletion and ROU excluded; machinery includes finance-leased PPE;PPAaddedvalue remains separate depreciable class and dep4178 included; gross/net source total rounding2thousand
Suzano,2018,Machinery equipment facilities,16413525,7244696,9168829,760634,BRL,thousands,consolidated,Suzano_2018_tenq.pdf,84,15,Own-year consolidated PPE note15; no physical age/life claim; separate biological depletion and ROU excluded; machinery includes finance-leased PPE;PPAaddedvalue remains separate depreciable class and dep4178 included; gross/net source total rounding2thousand
Suzano,2018,Work in progress,471036,0,471036,0,BRL,thousands,consolidated,Suzano_2018_tenq.pdf,84,15,Own-year consolidated PPE note15; no physical age/life claim; separate biological depletion and ROU excluded; machinery includes finance-leased PPE;PPAaddedvalue remains separate depreciable class and dep4178 included; gross/net source total rounding2thousand
Suzano,2018,Other,329270,226764,102506,29844,BRL,thousands,consolidated,Suzano_2018_tenq.pdf,84,15,Own-year consolidated PPE note15; no physical age/life claim; separate biological depletion and ROU excluded; machinery includes finance-leased PPE;PPAaddedvalue remains separate depreciable class and dep4178 included; gross/net source total rounding2thousand
Suzano,2018,Added value PPA,49814,4178,45636,4178,BRL,thousands,consolidated,Suzano_2018_tenq.pdf,84,15,Own-year consolidated PPE note15; no physical age/life claim; separate biological depletion and ROU excluded; machinery includes finance-leased PPE;PPAaddedvalue remains separate depreciable class and dep4178 included; gross/net source total rounding2thousand
Suzano,2019,Land,10321574,0,10321574,0,BRL,thousands,consolidated,Suzano_2019_tenq.pdf,71,15,Own-year consolidated PPE note15; no physical age/life claim; separate biological depletion and ROU excluded;ANNUAL CHARGE INCOMPLETE: depsection Additions2470251 plus PPAFibria additions624327 and FVFacepa12318/FVIbema593 separately; cannot label2470251 complete annualPPEdepreciation
Suzano,2019,Buildings,8767789,2979916,5787873,255888,BRL,thousands,consolidated,Suzano_2019_tenq.pdf,71,15,Own-year consolidated PPE note15; no physical age/life claim; separate biological depletion and ROU excluded;ANNUAL CHARGE INCOMPLETE: depsection Additions2470251 plus PPAFibria additions624327 and FVFacepa12318/FVIbema593 separately; cannot label2470251 complete annualPPEdepreciation
Suzano,2019,Machinery equipment facilities,42520577,18850386,23670191,2123193,BRL,thousands,consolidated,Suzano_2019_tenq.pdf,71,15,Own-year consolidated PPE note15; no physical age/life claim; separate biological depletion and ROU excluded;ANNUAL CHARGE INCOMPLETE: depsection Additions2470251 plus PPAFibria additions624327 and FVFacepa12318/FVIbema593 separately; cannot label2470251 complete annualPPEdepreciation
Suzano,2019,Work in progress,969701,0,969701,0,BRL,thousands,consolidated,Suzano_2019_tenq.pdf,71,15,Own-year consolidated PPE note15; no physical age/life claim; separate biological depletion and ROU excluded;ANNUAL CHARGE INCOMPLETE: depsection Additions2470251 plus PPAFibria additions624327 and FVFacepa12318/FVIbema593 separately; cannot label2470251 complete annualPPEdepreciation
Suzano,2019,Other,933326,561720,371606,91170,BRL,thousands,consolidated,Suzano_2019_tenq.pdf,71,15,Own-year consolidated PPE note15; no physical age/life claim; separate biological depletion and ROU excluded;ANNUAL CHARGE INCOMPLETE: depsection Additions2470251 plus PPAFibria additions624327 and FVFacepa12318/FVIbema593 separately; cannot label2470251 complete annualPPEdepreciation
Suzano,2020,Land,9912305,0,9912305,0,BRL,thousands,consolidated,Suzano_2020_tenq.pdf,68,15,Own-year consolidated PPE note15; no physical age/life claim; separate biological depletion and ROU excluded
Suzano,2020,Buildings,9203134,3245786,5957348,291862,BRL,thousands,consolidated,Suzano_2020_tenq.pdf,68,15,Own-year consolidated PPE note15; no physical age/life claim; separate biological depletion and ROU excluded
Suzano,2020,Machinery equipment facilities,43184495,21176572,22007923,2390583,BRL,thousands,consolidated,Suzano_2020_tenq.pdf,68,15,Own-year consolidated PPE note15; no physical age/life claim; separate biological depletion and ROU excluded
Suzano,2020,Work in progress,883384,0,883384,0,BRL,thousands,consolidated,Suzano_2020_tenq.pdf,68,15,Own-year consolidated PPE note15; no physical age/life claim; separate biological depletion and ROU excluded
Suzano,2020,Other,1059595,663665,395930,110012,BRL,thousands,consolidated,Suzano_2020_tenq.pdf,68,15,Own-year consolidated PPE note15; no physical age/life claim; separate biological depletion and ROU excluded
Suzano,2021,Land,9791102,0,9791102,0,BRL,thousands,consolidated,Suzano_2021_tenq.pdf,68,15,Own-year consolidated PPE note15; no physical age/life claim; separate biological depletion and ROU excluded
Suzano,2021,Buildings,9415818,3577097,5838721,331691,BRL,thousands,consolidated,Suzano_2021_tenq.pdf,68,15,Own-year consolidated PPE note15; no physical age/life claim; separate biological depletion and ROU excluded
Suzano,2021,Machinery equipment facilities,43949632,23344836,20604796,2356184,BRL,thousands,consolidated,Suzano_2021_tenq.pdf,68,15,Own-year consolidated PPE note15; no physical age/life claim; separate biological depletion and ROU excluded
Suzano,2021,Work in progress,1603915,0,1603915,0,BRL,thousands,consolidated,Suzano_2021_tenq.pdf,68,15,Own-year consolidated PPE note15; no physical age/life claim; separate biological depletion and ROU excluded
Suzano,2021,Other,1104601,773432,331169,120796,BRL,thousands,consolidated,Suzano_2021_tenq.pdf,68,15,Own-year consolidated PPE note15; no physical age/life claim; separate biological depletion and ROU excluded
Suzano,2022,Land,14486408,0,14486408,0,BRL,thousands,consolidated,Suzano_2022_tenq.pdf,61,15,Own-year consolidated PPE note15; no physical age/life claim; separate biological depletion and ROU excluded
Suzano,2022,Buildings,9644875,3879898,5764977,310429,BRL,thousands,consolidated,Suzano_2022_tenq.pdf,61,15,Own-year consolidated PPE note15; no physical age/life claim; separate biological depletion and ROU excluded
Suzano,2022,Machinery equipment facilities,45160365,25541712,19618653,2367163,BRL,thousands,consolidated,Suzano_2022_tenq.pdf,61,15,Own-year consolidated PPE note15; no physical age/life claim; separate biological depletion and ROU excluded
Suzano,2022,Work in progress,10373151,0,10373151,0,BRL,thousands,consolidated,Suzano_2022_tenq.pdf,61,15,Own-year consolidated PPE note15; no physical age/life claim; separate biological depletion and ROU excluded
Suzano,2022,Other,1281328,867883,413445,124464,BRL,thousands,consolidated,Suzano_2022_tenq.pdf,61,15,Own-year consolidated PPE note15; no physical age/life claim; separate biological depletion and ROU excluded
Suzano,2023,Land,14859189,0,14859189,0,BRL,thousands,consolidated,Suzano_2023_tenq.pdf,62,15,Own-year consolidated PPE note15; no physical age/life claim; separate biological depletion and ROU excluded
Suzano,2023,Buildings,10032317,4125823,5906494,313304,BRL,thousands,consolidated,Suzano_2023_tenq.pdf,62,15,Own-year consolidated PPE note15; no physical age/life claim; separate biological depletion and ROU excluded
Suzano,2023,Machinery equipment facilities,48456537,27918585,20537952,2570734,BRL,thousands,consolidated,Suzano_2023_tenq.pdf,62,15,Own-year consolidated PPE note15; no physical age/life claim; separate biological depletion and ROU excluded
Suzano,2023,Work in progress,17485109,0,17485109,0,BRL,thousands,consolidated,Suzano_2023_tenq.pdf,62,15,Own-year consolidated PPE note15; no physical age/life claim; separate biological depletion and ROU excluded
Suzano,2023,Other,1491663,991338,500325,145092,BRL,thousands,consolidated,Suzano_2023_tenq.pdf,62,15,Own-year consolidated PPE note15; no physical age/life claim; separate biological depletion and ROU excluded
Suzano,2024,Land,16775348,0,16775348,0,BRL,thousands,consolidated,Suzano_2024_tenq.pdf,65,15,Own-year consolidated PPE note15; no physical age/life claim; separate biological depletion and ROU excluded
Suzano,2024,Buildings,13816631,4294038,9522593,366398,BRL,thousands,consolidated,Suzano_2024_tenq.pdf,65,15,Own-year consolidated PPE note15; no physical age/life claim; separate biological depletion and ROU excluded
Suzano,2024,Machinery equipment facilities,62822096,28541598,34280498,3214550,BRL,thousands,consolidated,Suzano_2024_tenq.pdf,65,15,Own-year consolidated PPE note15; no physical age/life claim; separate biological depletion and ROU excluded
Suzano,2024,Work in progress,3510535,0,3510535,0,BRL,thousands,consolidated,Suzano_2024_tenq.pdf,65,15,Own-year consolidated PPE note15; no physical age/life claim; separate biological depletion and ROU excluded
Suzano,2024,Other,1806592,909526,897066,222993,BRL,thousands,consolidated,Suzano_2024_tenq.pdf,65,15,Own-year consolidated PPE note15; no physical age/life claim; separate biological depletion and ROU excluded
Suzano,2025,Land,16720186,0,16720186,0,BRL,thousands,consolidated,Suzano_2025_tenq.pdf,125,15,Own-year consolidated PPE note15; no physical age/life claim; separate biological depletion and ROU excluded
Suzano,2025,Buildings,14589194,4659310,9929884,434875,BRL,thousands,consolidated,Suzano_2025_tenq.pdf,125,15,Own-year consolidated PPE note15; no physical age/life claim; separate biological depletion and ROU excluded
Suzano,2025,Machinery equipment facilities,66353229,32174476,34178753,4123031,BRL,thousands,consolidated,Suzano_2025_tenq.pdf,125,15,Own-year consolidated PPE note15; no physical age/life claim; separate biological depletion and ROU excluded
Suzano,2025,Work in progress,2764799,0,2764799,0,BRL,thousands,consolidated,Suzano_2025_tenq.pdf,125,15,Own-year consolidated PPE note15; no physical age/life claim; separate biological depletion and ROU excluded
Suzano,2025,Other,1830011,1127446,702565,287270,BRL,thousands,consolidated,Suzano_2025_tenq.pdf,125,15,Own-year consolidated PPE note15; no physical age/life claim; separate biological depletion and ROU excluded
