issuer,year,gross_depreciable_excluding_land_cip_rou,accum_depreciation_excluding_rou,annual_ppe_depreciation_excluding_land_cip_rou,annual_charge_as_disclosed,excluded_land_gross,excluded_cip_gross,excluded_rou_net,excluded_held_for_sale_net,note_net_all_classes,official_cvm_ppe_net,bridge_difference,currency,unit,pdf,pdf_page,depreciation_pdf_page,qualification
Suzano,2016,18328528,6852495,795353,795353,4368577,390671,0,0,16235281,16235280.0,1.0,BRL,thousands,Suzano_2016_tenq.pdf,74,74,Own-year consolidated PPE note15; no physical age/life claim; separate biological depletion and ROU excluded; machinery includes finance-leased PPE; impairment192538 reduced landgross
Suzano,2017,18950399,7571498,799856,799856,4348592,483735,0,0,16211228,16211228.0,0.0,BRL,thousands,Suzano_2017_tenq.pdf,68,68,Own-year consolidated PPE note15; no physical age/life claim; separate biological depletion and ROU excluded; machinery includes finance-leased PPE
Suzano,2018,19854143,8382254,872920,872920,5077336,471036,0,0,17020261,17020259.0,2.0,BRL,thousands,Suzano_2018_tenq.pdf,84,84,Own-year consolidated PPE note15; no physical age/life claim; separate biological depletion and ROU excluded; machinery includes finance-leased PPE;PPAaddedvalue remains separate depreciable class and dep4178 included; gross/net source total rounding2thousand
Suzano,2019,52221692,22392022,,2470251,10321574,969701,3850237,0,41120945,44971182.0,0.0,BRL,thousands,Suzano_2019_tenq.pdf,71,71,Own-year consolidated PPE note15; no physical age/life claim; separate biological depletion and ROU excluded;ANNUAL CHARGE INCOMPLETE: depsection Additions2470251 plus PPAFibria additions624327 and FVFacepa12318/FVIbema593 separately; cannot label2470251 complete annualPPEdepreciation;strict annual depreciation left blank; disclosed base charge2470251 not full annualPPEcharge
Suzano,2020,53447224,25086023,2792457,2792457,9912305,883384,4344078,0,39156890,43500968.0,0.0,BRL,thousands,Suzano_2020_tenq.pdf,68,68,Own-year consolidated PPE note15; no physical age/life claim; separate biological depletion and ROU excluded
Suzano,2021,54470051,27695365,2808671,2808671,9791102,1603915,4794023,0,38169703,42963726.0,0.0,BRL,thousands,Suzano_2021_tenq.pdf,68,68,Own-year consolidated PPE note15; no physical age/life claim; separate biological depletion and ROU excluded
Suzano,2022,56086568,30289493,2802056,2802056,14486408,10373151,5109226,0,50656634,55765860.0,0.0,BRL,thousands,Suzano_2022_tenq.pdf,61,61,Own-year consolidated PPE note15; no physical age/life claim; separate biological depletion and ROU excluded
Suzano,2023,59980517,33035746,3029130,3029130,14859189,17485109,5196631,0,59289069,64485700.0,0.0,BRL,thousands,Suzano_2023_tenq.pdf,62,62,Own-year consolidated PPE note15; no physical age/life claim; separate biological depletion and ROU excluded
Suzano,2024,78445319,33745162,3803941,3803941,16775348,3510535,5180691,0,64986040,70166731.0,0.0,BRL,thousands,Suzano_2024_tenq.pdf,65,65,Own-year consolidated PPE note15; no physical age/life claim; separate biological depletion and ROU excluded
Suzano,2025,82772434,37961232,4845176,4845176,16720186,2764799,5331789,0,64296187,69627976.0,0.0,BRL,thousands,Suzano_2025_tenq.pdf,125,125,Own-year consolidated PPE note15; no physical age/life claim; separate biological depletion and ROU excluded
