company,year,field,value,currency,unit,scope,pdf_page,table_line,source_url,raw_row,qualification
vale,2016,ppe_gross_reported,274628,BRL,million,consolidated,42,54,https://api.mziq.com/mzfilemanager/v2/d/53207d1c-63b4-48f1-96b7-19869fae19fe/172d22c6-df4b-476a-b623-7de0cd723a69?origin=2,"Cost                                                       2,360     54,359          51,051         38,955       52,360     36,890          38,653     274,628","Annual DDA is the PPE note flow, excluding intangible note; accumulated reported label includes depletion and may include impairment; do not call pure depreciation"
vale,2016,ppe_accumulated_reported_combined,94012,BRL,million,consolidated,42,55,https://api.mziq.com/mzfilemanager/v2/d/53207d1c-63b4-48f1-96b7-19869fae19fe/172d22c6-df4b-476a-b623-7de0cd723a69?origin=2,"Accumulated depreciation                                        -   (19,569)        (20,185)       (16,814)     (25,048)   (12,396)               -    (94,012)","Annual DDA is the PPE note flow, excluding intangible note; accumulated reported label includes depletion and may include impairment; do not call pure depreciation"
vale,2016,ppe_annual_dda_reported,12338,BRL,million,consolidated,42,44,https://api.mziq.com/mzfilemanager/v2/d/53207d1c-63b4-48f1-96b7-19869fae19fe/172d22c6-df4b-476a-b623-7de0cd723a69?origin=2,"Depreciation, amortization and depletion                        -    (1,789)          (2,432)       (3,156)      (2,766)    (2,195)               -    (12,338)","Annual DDA is the PPE note flow, excluding intangible note; accumulated reported label includes depletion and may include impairment; do not call pure depreciation"
vale,2016,construction_gross,38653,BRL,million,consolidated,42,54,https://api.mziq.com/mzfilemanager/v2/d/53207d1c-63b4-48f1-96b7-19869fae19fe/172d22c6-df4b-476a-b623-7de0cd723a69?origin=2,"Cost                                                       2,360     54,359          51,051         38,955       52,360     36,890          38,653     274,628","Annual DDA is the PPE note flow, excluding intangible note; accumulated reported label includes depletion and may include impairment; do not call pure depreciation"
vale,2016,mineral_properties_gross,52360,BRL,million,consolidated,42,54,https://api.mziq.com/mzfilemanager/v2/d/53207d1c-63b4-48f1-96b7-19869fae19fe/172d22c6-df4b-476a-b623-7de0cd723a69?origin=2,"Cost                                                       2,360     54,359          51,051         38,955       52,360     36,890          38,653     274,628","Annual DDA is the PPE note flow, excluding intangible note; accumulated reported label includes depletion and may include impairment; do not call pure depreciation"
vale,2016,mineral_properties_annual_dda,2766,BRL,million,consolidated,42,44,https://api.mziq.com/mzfilemanager/v2/d/53207d1c-63b4-48f1-96b7-19869fae19fe/172d22c6-df4b-476a-b623-7de0cd723a69?origin=2,"Depreciation, amortization and depletion                        -    (1,789)          (2,432)       (3,156)      (2,766)    (2,195)               -    (12,338)","Annual DDA is the PPE note flow, excluding intangible note; accumulated reported label includes depletion and may include impairment; do not call pure depreciation"
vale,2016,land_gross,2360,BRL,million,consolidated,42,54,https://api.mziq.com/mzfilemanager/v2/d/53207d1c-63b4-48f1-96b7-19869fae19fe/172d22c6-df4b-476a-b623-7de0cd723a69?origin=2,"Cost                                                       2,360     54,359          51,051         38,955       52,360     36,890          38,653     274,628","Annual DDA is the PPE note flow, excluding intangible note; accumulated reported label includes depletion and may include impairment; do not call pure depreciation"
vale,2017,ppe_gross_reported,288023,BRL,million,consolidated,42,63,https://api.mziq.com/mzfilemanager/v2/d/53207d1c-63b4-48f1-96b7-19869fae19fe/2709c3ee-463a-4f49-852e-9f73faf5b0ea?origin=2,"Cost                                              2,375     63,392          60,509         42,490       57,794     41,223       20,240        288,023","Annual DDA is the PPE note flow, excluding intangible note; accumulated reported label includes depletion and may include impairment; do not call pure depreciation"
vale,2017,ppe_accumulated_reported_combined,106488,BRL,million,consolidated,42,64,https://api.mziq.com/mzfilemanager/v2/d/53207d1c-63b4-48f1-96b7-19869fae19fe/2709c3ee-463a-4f49-852e-9f73faf5b0ea?origin=2,"Accumulated depreciation                              -    (23,364)        (21,523)       (19,687)     (27,795)   (14,119)           -       (106,488)","Annual DDA is the PPE note flow, excluding intangible note; accumulated reported label includes depletion and may include impairment; do not call pure depreciation"
vale,2017,ppe_annual_dda_reported,11196,BRL,million,consolidated,42,58,https://api.mziq.com/mzfilemanager/v2/d/53207d1c-63b4-48f1-96b7-19869fae19fe/2709c3ee-463a-4f49-852e-9f73faf5b0ea?origin=2,"Depreciation, amortization and depletion              -     (1,871)         (2,351)        (2,596)      (1,971)    (2,407)           -        (11,196)","Annual DDA is the PPE note flow, excluding intangible note; accumulated reported label includes depletion and may include impairment; do not call pure depreciation"
vale,2017,construction_gross,20240,BRL,million,consolidated,42,63,https://api.mziq.com/mzfilemanager/v2/d/53207d1c-63b4-48f1-96b7-19869fae19fe/2709c3ee-463a-4f49-852e-9f73faf5b0ea?origin=2,"Cost                                              2,375     63,392          60,509         42,490       57,794     41,223       20,240        288,023","Annual DDA is the PPE note flow, excluding intangible note; accumulated reported label includes depletion and may include impairment; do not call pure depreciation"
vale,2017,mineral_properties_gross,57794,BRL,million,consolidated,42,63,https://api.mziq.com/mzfilemanager/v2/d/53207d1c-63b4-48f1-96b7-19869fae19fe/2709c3ee-463a-4f49-852e-9f73faf5b0ea?origin=2,"Cost                                              2,375     63,392          60,509         42,490       57,794     41,223       20,240        288,023","Annual DDA is the PPE note flow, excluding intangible note; accumulated reported label includes depletion and may include impairment; do not call pure depreciation"
vale,2017,mineral_properties_annual_dda,1971,BRL,million,consolidated,42,58,https://api.mziq.com/mzfilemanager/v2/d/53207d1c-63b4-48f1-96b7-19869fae19fe/2709c3ee-463a-4f49-852e-9f73faf5b0ea?origin=2,"Depreciation, amortization and depletion              -     (1,871)         (2,351)        (2,596)      (1,971)    (2,407)           -        (11,196)","Annual DDA is the PPE note flow, excluding intangible note; accumulated reported label includes depletion and may include impairment; do not call pure depreciation"
vale,2017,land_gross,2375,BRL,million,consolidated,42,63,https://api.mziq.com/mzfilemanager/v2/d/53207d1c-63b4-48f1-96b7-19869fae19fe/2709c3ee-463a-4f49-852e-9f73faf5b0ea?origin=2,"Cost                                              2,375     63,392          60,509         42,490       57,794     41,223       20,240        288,023","Annual DDA is the PPE note flow, excluding intangible note; accumulated reported label includes depletion and may include impairment; do not call pure depreciation"
vale,2018,ppe_gross_reported,312840,BRL,million,consolidated,47,62,https://api.mziq.com/mzfilemanager/v2/d/53207d1c-63b4-48f1-96b7-19869fae19fe/9907537c-4211-4b50-91b1-2f80fdb10196?origin=2,"Cost                                                     2,459       70,779      68,238         48,140       64,773     45,331        13,120         312,840","Annual DDA is the PPE note flow, excluding intangible note; accumulated reported label includes depletion and may include impairment; do not call pure depreciation"
vale,2018,ppe_accumulated_reported_combined,125359,BRL,million,consolidated,47,63,https://api.mziq.com/mzfilemanager/v2/d/53207d1c-63b4-48f1-96b7-19869fae19fe/9907537c-4211-4b50-91b1-2f80fdb10196?origin=2,"Accumulated depreciation                                     -      (28,345)    (24,702)       (23,314)     (31,842)   (17,156)            -        (125,359)","Annual DDA is the PPE note flow, excluding intangible note; accumulated reported label includes depletion and may include impairment; do not call pure depreciation"
vale,2018,ppe_annual_dda_reported,11654,BRL,million,consolidated,47,57,https://api.mziq.com/mzfilemanager/v2/d/53207d1c-63b4-48f1-96b7-19869fae19fe/9907537c-4211-4b50-91b1-2f80fdb10196?origin=2,"Depreciation, amortization and depletion                     -       (1,922)     (2,378)        (3,080)      (1,904)    (2,370)            -         (11,654)","Annual DDA is the PPE note flow, excluding intangible note; accumulated reported label includes depletion and may include impairment; do not call pure depreciation"
vale,2018,construction_gross,13120,BRL,million,consolidated,47,62,https://api.mziq.com/mzfilemanager/v2/d/53207d1c-63b4-48f1-96b7-19869fae19fe/9907537c-4211-4b50-91b1-2f80fdb10196?origin=2,"Cost                                                     2,459       70,779      68,238         48,140       64,773     45,331        13,120         312,840","Annual DDA is the PPE note flow, excluding intangible note; accumulated reported label includes depletion and may include impairment; do not call pure depreciation"
vale,2018,mineral_properties_gross,64773,BRL,million,consolidated,47,62,https://api.mziq.com/mzfilemanager/v2/d/53207d1c-63b4-48f1-96b7-19869fae19fe/9907537c-4211-4b50-91b1-2f80fdb10196?origin=2,"Cost                                                     2,459       70,779      68,238         48,140       64,773     45,331        13,120         312,840","Annual DDA is the PPE note flow, excluding intangible note; accumulated reported label includes depletion and may include impairment; do not call pure depreciation"
vale,2018,mineral_properties_annual_dda,1904,BRL,million,consolidated,47,57,https://api.mziq.com/mzfilemanager/v2/d/53207d1c-63b4-48f1-96b7-19869fae19fe/9907537c-4211-4b50-91b1-2f80fdb10196?origin=2,"Depreciation, amortization and depletion                     -       (1,922)     (2,378)        (3,080)      (1,904)    (2,370)            -         (11,654)","Annual DDA is the PPE note flow, excluding intangible note; accumulated reported label includes depletion and may include impairment; do not call pure depreciation"
vale,2018,land_gross,2459,BRL,million,consolidated,47,62,https://api.mziq.com/mzfilemanager/v2/d/53207d1c-63b4-48f1-96b7-19869fae19fe/9907537c-4211-4b50-91b1-2f80fdb10196?origin=2,"Cost                                                     2,459       70,779      68,238         48,140       64,773     45,331        13,120         312,840","Annual DDA is the PPE note flow, excluding intangible note; accumulated reported label includes depletion and may include impairment; do not call pure depreciation"
vale,2019,ppe_gross_reported,336561,BRL,million,consolidated,49,67,https://api.mziq.com/mzfilemanager/v2/d/53207d1c-63b4-48f1-96b7-19869fae19fe/84951752-d83d-41cd-b115-4fd7b738bae1?origin=2,"Cost                                                    2,881        73,581     69,208       47,387       71,854       7,577      46,433          17,640        336,561","Annual DDA is the PPE note flow, excluding intangible note; accumulated reported label includes depletion and may include impairment; do not call pure depreciation"
vale,2019,ppe_accumulated_reported_combined,148828,BRL,million,consolidated,49,68,https://api.mziq.com/mzfilemanager/v2/d/53207d1c-63b4-48f1-96b7-19869fae19fe/84951752-d83d-41cd-b115-4fd7b738bae1?origin=2,"Accumulated depreciation                                    -       (33,325)   (30,495)     (24,466)     (38,552)       (758)    (21,232)              -       (148,828)","Annual DDA is the PPE note flow, excluding intangible note; accumulated reported label includes depletion and may include impairment; do not call pure depreciation"
vale,2019,ppe_annual_dda_reported,13845,BRL,million,consolidated,49,61,https://api.mziq.com/mzfilemanager/v2/d/53207d1c-63b4-48f1-96b7-19869fae19fe/84951752-d83d-41cd-b115-4fd7b738bae1?origin=2,"Depreciation, amortization and depletion                    -        (2,027)    (2,628)      (3,417)      (2,378)       (758)     (2,637)              -        (13,845)","Annual DDA is the PPE note flow, excluding intangible note; accumulated reported label includes depletion and may include impairment; do not call pure depreciation"
vale,2019,construction_gross,17640,BRL,million,consolidated,49,67,https://api.mziq.com/mzfilemanager/v2/d/53207d1c-63b4-48f1-96b7-19869fae19fe/84951752-d83d-41cd-b115-4fd7b738bae1?origin=2,"Cost                                                    2,881        73,581     69,208       47,387       71,854       7,577      46,433          17,640        336,561","Annual DDA is the PPE note flow, excluding intangible note; accumulated reported label includes depletion and may include impairment; do not call pure depreciation"
vale,2019,mineral_properties_gross,71854,BRL,million,consolidated,49,67,https://api.mziq.com/mzfilemanager/v2/d/53207d1c-63b4-48f1-96b7-19869fae19fe/84951752-d83d-41cd-b115-4fd7b738bae1?origin=2,"Cost                                                    2,881        73,581     69,208       47,387       71,854       7,577      46,433          17,640        336,561","Annual DDA is the PPE note flow, excluding intangible note; accumulated reported label includes depletion and may include impairment; do not call pure depreciation"
vale,2019,mineral_properties_annual_dda,2378,BRL,million,consolidated,49,61,https://api.mziq.com/mzfilemanager/v2/d/53207d1c-63b4-48f1-96b7-19869fae19fe/84951752-d83d-41cd-b115-4fd7b738bae1?origin=2,"Depreciation, amortization and depletion                    -        (2,027)    (2,628)      (3,417)      (2,378)       (758)     (2,637)              -        (13,845)","Annual DDA is the PPE note flow, excluding intangible note; accumulated reported label includes depletion and may include impairment; do not call pure depreciation"
vale,2019,land_gross,2881,BRL,million,consolidated,49,67,https://api.mziq.com/mzfilemanager/v2/d/53207d1c-63b4-48f1-96b7-19869fae19fe/84951752-d83d-41cd-b115-4fd7b738bae1?origin=2,"Cost                                                    2,881        73,581     69,208       47,387       71,854       7,577      46,433          17,640        336,561","Annual DDA is the PPE note flow, excluding intangible note; accumulated reported label includes depletion and may include impairment; do not call pure depreciation"
vale,2019,rou_gross,7577,BRL,million,consolidated,49,67,https://api.mziq.com/mzfilemanager/v2/d/53207d1c-63b4-48f1-96b7-19869fae19fe/84951752-d83d-41cd-b115-4fd7b738bae1?origin=2,"Cost                                                    2,881        73,581     69,208       47,387       71,854       7,577      46,433          17,640        336,561","Annual DDA is the PPE note flow, excluding intangible note; accumulated reported label includes depletion and may include impairment; do not call pure depreciation"
vale,2019,rou_annual_dda,758,BRL,million,consolidated,49,61,https://api.mziq.com/mzfilemanager/v2/d/53207d1c-63b4-48f1-96b7-19869fae19fe/84951752-d83d-41cd-b115-4fd7b738bae1?origin=2,"Depreciation, amortization and depletion                    -        (2,027)    (2,628)      (3,417)      (2,378)       (758)     (2,637)              -        (13,845)","Annual DDA is the PPE note flow, excluding intangible note; accumulated reported label includes depletion and may include impairment; do not call pure depreciation"
vale,2020,ppe_gross_reported,372539,BRL,million,consolidated,43,36,https://api.mziq.com/mzfilemanager/v2/d/53207d1c-63b4-48f1-96b7-19869fae19fe/bcfa1e1d-2d80-4546-82c8-80f74dee7977?origin=2,"Cost                                                    78,653       60,750      55,500       88,716     20,022     10,216     30,627          28,055     372,539","Annual DDA is the PPE note flow, excluding intangible note; accumulated reported label includes depletion and may include impairment; do not call pure depreciation"
vale,2020,ppe_accumulated_reported_combined,158703,BRL,million,consolidated,43,37,https://api.mziq.com/mzfilemanager/v2/d/53207d1c-63b4-48f1-96b7-19869fae19fe/bcfa1e1d-2d80-4546-82c8-80f74dee7977?origin=2,"Accumulated depreciation                               (34,007)     (21,302)    (29,863)     (46,863)    (6,914)    (2,095)   (17,659)              -    (158,703)","Annual DDA is the PPE note flow, excluding intangible note; accumulated reported label includes depletion and may include impairment; do not call pure depreciation"
vale,2020,ppe_annual_dda_reported,13999,BRL,million,consolidated,43,30,https://api.mziq.com/mzfilemanager/v2/d/53207d1c-63b4-48f1-96b7-19869fae19fe/bcfa1e1d-2d80-4546-82c8-80f74dee7977?origin=2,"Depreciation, depletion and amortization                (2,245)      (2,384)     (3,726)      (2,344)      (936)      (875)    (1,489)              -     (13,999)","Annual DDA is the PPE note flow, excluding intangible note; accumulated reported label includes depletion and may include impairment; do not call pure depreciation"
vale,2020,construction_gross,28055,BRL,million,consolidated,43,36,https://api.mziq.com/mzfilemanager/v2/d/53207d1c-63b4-48f1-96b7-19869fae19fe/bcfa1e1d-2d80-4546-82c8-80f74dee7977?origin=2,"Cost                                                    78,653       60,750      55,500       88,716     20,022     10,216     30,627          28,055     372,539","Annual DDA is the PPE note flow, excluding intangible note; accumulated reported label includes depletion and may include impairment; do not call pure depreciation"
vale,2020,mineral_properties_gross,88716,BRL,million,consolidated,43,36,https://api.mziq.com/mzfilemanager/v2/d/53207d1c-63b4-48f1-96b7-19869fae19fe/bcfa1e1d-2d80-4546-82c8-80f74dee7977?origin=2,"Cost                                                    78,653       60,750      55,500       88,716     20,022     10,216     30,627          28,055     372,539","Annual DDA is the PPE note flow, excluding intangible note; accumulated reported label includes depletion and may include impairment; do not call pure depreciation"
vale,2020,mineral_properties_annual_dda,2344,BRL,million,consolidated,43,30,https://api.mziq.com/mzfilemanager/v2/d/53207d1c-63b4-48f1-96b7-19869fae19fe/bcfa1e1d-2d80-4546-82c8-80f74dee7977?origin=2,"Depreciation, depletion and amortization                (2,245)      (2,384)     (3,726)      (2,344)      (936)      (875)    (1,489)              -     (13,999)","Annual DDA is the PPE note flow, excluding intangible note; accumulated reported label includes depletion and may include impairment; do not call pure depreciation"
vale,2020,rou_gross,10216,BRL,million,consolidated,43,36,https://api.mziq.com/mzfilemanager/v2/d/53207d1c-63b4-48f1-96b7-19869fae19fe/bcfa1e1d-2d80-4546-82c8-80f74dee7977?origin=2,"Cost                                                    78,653       60,750      55,500       88,716     20,022     10,216     30,627          28,055     372,539","Annual DDA is the PPE note flow, excluding intangible note; accumulated reported label includes depletion and may include impairment; do not call pure depreciation"
vale,2020,rou_annual_dda,875,BRL,million,consolidated,43,30,https://api.mziq.com/mzfilemanager/v2/d/53207d1c-63b4-48f1-96b7-19869fae19fe/bcfa1e1d-2d80-4546-82c8-80f74dee7977?origin=2,"Depreciation, depletion and amortization                (2,245)      (2,384)     (3,726)      (2,344)      (936)      (875)    (1,489)              -     (13,999)","Annual DDA is the PPE note flow, excluding intangible note; accumulated reported label includes depletion and may include impairment; do not call pure depreciation"
vale,2021,ppe_gross_reported,408638,BRL,million,consolidated,46,36,https://api.mziq.com/mzfilemanager/v2/d/53207d1c-63b4-48f1-96b7-19869fae19fe/cea5c27d-00e1-fa3b-a62c-57440b5bab0a?origin=2,"Cost                                                   83,358         64,508        60,099     95,072    20,741      11,240      30,526          43,094     408,638","Annual DDA is the PPE note flow, excluding intangible note; accumulated reported label includes depletion and may include impairment; do not call pure depreciation"
vale,2021,ppe_accumulated_reported_combined,174643,BRL,million,consolidated,46,37,https://api.mziq.com/mzfilemanager/v2/d/53207d1c-63b4-48f1-96b7-19869fae19fe/cea5c27d-00e1-fa3b-a62c-57440b5bab0a?origin=2,"Accumulated depreciation                              (37,950)       (24,151)      (33,636)   (51,866)   (7,717)     (2,661)    (16,662)              -    (174,643)","Annual DDA is the PPE note flow, excluding intangible note; accumulated reported label includes depletion and may include impairment; do not call pure depreciation"
vale,2021,ppe_annual_dda_reported,14212,BRL,million,consolidated,46,28,https://api.mziq.com/mzfilemanager/v2/d/53207d1c-63b4-48f1-96b7-19869fae19fe/cea5c27d-00e1-fa3b-a62c-57440b5bab0a?origin=2,"Depreciation, depletion and amortization               (2,355)        (2,562)       (3,587)    (2,445)     (890)       (938)     (1,435)              -     (14,212)","Annual DDA is the PPE note flow, excluding intangible note; accumulated reported label includes depletion and may include impairment; do not call pure depreciation"
vale,2021,construction_gross,43094,BRL,million,consolidated,46,36,https://api.mziq.com/mzfilemanager/v2/d/53207d1c-63b4-48f1-96b7-19869fae19fe/cea5c27d-00e1-fa3b-a62c-57440b5bab0a?origin=2,"Cost                                                   83,358         64,508        60,099     95,072    20,741      11,240      30,526          43,094     408,638","Annual DDA is the PPE note flow, excluding intangible note; accumulated reported label includes depletion and may include impairment; do not call pure depreciation"
vale,2021,mineral_properties_gross,95072,BRL,million,consolidated,46,36,https://api.mziq.com/mzfilemanager/v2/d/53207d1c-63b4-48f1-96b7-19869fae19fe/cea5c27d-00e1-fa3b-a62c-57440b5bab0a?origin=2,"Cost                                                   83,358         64,508        60,099     95,072    20,741      11,240      30,526          43,094     408,638","Annual DDA is the PPE note flow, excluding intangible note; accumulated reported label includes depletion and may include impairment; do not call pure depreciation"
vale,2021,mineral_properties_annual_dda,2445,BRL,million,consolidated,46,28,https://api.mziq.com/mzfilemanager/v2/d/53207d1c-63b4-48f1-96b7-19869fae19fe/cea5c27d-00e1-fa3b-a62c-57440b5bab0a?origin=2,"Depreciation, depletion and amortization               (2,355)        (2,562)       (3,587)    (2,445)     (890)       (938)     (1,435)              -     (14,212)","Annual DDA is the PPE note flow, excluding intangible note; accumulated reported label includes depletion and may include impairment; do not call pure depreciation"
vale,2021,rou_gross,11240,BRL,million,consolidated,46,36,https://api.mziq.com/mzfilemanager/v2/d/53207d1c-63b4-48f1-96b7-19869fae19fe/cea5c27d-00e1-fa3b-a62c-57440b5bab0a?origin=2,"Cost                                                   83,358         64,508        60,099     95,072    20,741      11,240      30,526          43,094     408,638","Annual DDA is the PPE note flow, excluding intangible note; accumulated reported label includes depletion and may include impairment; do not call pure depreciation"
vale,2021,rou_annual_dda,938,BRL,million,consolidated,46,28,https://api.mziq.com/mzfilemanager/v2/d/53207d1c-63b4-48f1-96b7-19869fae19fe/cea5c27d-00e1-fa3b-a62c-57440b5bab0a?origin=2,"Depreciation, depletion and amortization               (2,355)        (2,562)       (3,587)    (2,445)     (890)       (938)     (1,435)              -     (14,212)","Annual DDA is the PPE note flow, excluding intangible note; accumulated reported label includes depletion and may include impairment; do not call pure depreciation"
vale,2022,ppe_gross_reported,408757,BRL,million,consolidated,52,53,https://api.mziq.com/mzfilemanager/v2/d/53207d1c-63b4-48f1-96b7-19869fae19fe/1cd0e346-58b0-7345-49a9-0bafb9bb4e20?origin=2,"Cost                                                       83,623     66,885           60,772      85,599     21,385 11,060 30,778           48,655 408,757","Annual DDA is the PPE note flow, excluding intangible note; accumulated reported label includes depletion and may include impairment; do not call pure depreciation"
vale,2022,ppe_accumulated_reported_combined,174285,BRL,million,consolidated,52,54,https://api.mziq.com/mzfilemanager/v2/d/53207d1c-63b4-48f1-96b7-19869fae19fe/1cd0e346-58b0-7345-49a9-0bafb9bb4e20?origin=2,"Accumulated depreciation                                   (37,118) (24,924)          (34,766)     (48,490)   (8,473) (3,468) (17,046)               (174,285)","Annual DDA is the PPE note flow, excluding intangible note; accumulated reported label includes depletion and may include impairment; do not call pure depreciation"
vale,2022,ppe_annual_dda_reported,13754,BRL,million,consolidated,52,47,https://api.mziq.com/mzfilemanager/v2/d/53207d1c-63b4-48f1-96b7-19869fae19fe/1cd0e346-58b0-7345-49a9-0bafb9bb4e20?origin=2,"Depreciation, depletion and amortization                    (2,107)   (2,466)           (3,616)     (2,239)     (822) (951) (1,553)                - (13,754)","Annual DDA is the PPE note flow, excluding intangible note; accumulated reported label includes depletion and may include impairment; do not call pure depreciation"
vale,2022,construction_gross,48655,BRL,million,consolidated,52,53,https://api.mziq.com/mzfilemanager/v2/d/53207d1c-63b4-48f1-96b7-19869fae19fe/1cd0e346-58b0-7345-49a9-0bafb9bb4e20?origin=2,"Cost                                                       83,623     66,885           60,772      85,599     21,385 11,060 30,778           48,655 408,757","Annual DDA is the PPE note flow, excluding intangible note; accumulated reported label includes depletion and may include impairment; do not call pure depreciation"
vale,2022,mineral_properties_gross,85599,BRL,million,consolidated,52,53,https://api.mziq.com/mzfilemanager/v2/d/53207d1c-63b4-48f1-96b7-19869fae19fe/1cd0e346-58b0-7345-49a9-0bafb9bb4e20?origin=2,"Cost                                                       83,623     66,885           60,772      85,599     21,385 11,060 30,778           48,655 408,757","Annual DDA is the PPE note flow, excluding intangible note; accumulated reported label includes depletion and may include impairment; do not call pure depreciation"
vale,2022,mineral_properties_annual_dda,2239,BRL,million,consolidated,52,47,https://api.mziq.com/mzfilemanager/v2/d/53207d1c-63b4-48f1-96b7-19869fae19fe/1cd0e346-58b0-7345-49a9-0bafb9bb4e20?origin=2,"Depreciation, depletion and amortization                    (2,107)   (2,466)           (3,616)     (2,239)     (822) (951) (1,553)                - (13,754)","Annual DDA is the PPE note flow, excluding intangible note; accumulated reported label includes depletion and may include impairment; do not call pure depreciation"
vale,2022,rou_gross,11060,BRL,million,consolidated,52,53,https://api.mziq.com/mzfilemanager/v2/d/53207d1c-63b4-48f1-96b7-19869fae19fe/1cd0e346-58b0-7345-49a9-0bafb9bb4e20?origin=2,"Cost                                                       83,623     66,885           60,772      85,599     21,385 11,060 30,778           48,655 408,757","Annual DDA is the PPE note flow, excluding intangible note; accumulated reported label includes depletion and may include impairment; do not call pure depreciation"
vale,2022,rou_annual_dda,951,BRL,million,consolidated,52,47,https://api.mziq.com/mzfilemanager/v2/d/53207d1c-63b4-48f1-96b7-19869fae19fe/1cd0e346-58b0-7345-49a9-0bafb9bb4e20?origin=2,"Depreciation, depletion and amortization                    (2,107)   (2,466)           (3,616)     (2,239)     (822) (951) (1,553)                - (13,754)","Annual DDA is the PPE note flow, excluding intangible note; accumulated reported label includes depletion and may include impairment; do not call pure depreciation"
vale,2023,ppe_gross_reported,394424,BRL,million,consolidated,54,35,https://api.mziq.com/mzfilemanager/v2/d/53207d1c-63b4-48f1-96b7-19869fae19fe/17e39185-7be2-1938-06ff-65fcc417faf6?origin=2,"Cost                                                  84,147      71,931      49,992      75,828        21,471 10,690 26,101            54,264 394,424","Annual DDA is the PPE note flow, excluding intangible note; accumulated reported label includes depletion and may include impairment; do not call pure depreciation"
vale,2023,ppe_accumulated_reported_combined,160122,BRL,million,consolidated,54,36,https://api.mziq.com/mzfilemanager/v2/d/53207d1c-63b4-48f1-96b7-19869fae19fe/17e39185-7be2-1938-06ff-65fcc417faf6?origin=2,"Accumulated depreciation                                   (35,158)   (27,201)        (28,449)   (42,304)     (8,826) (4,111) (14,073)                 (160,122)","Annual DDA is the PPE note flow, excluding intangible note; accumulated reported label includes depletion and may include impairment; do not call pure depreciation"
vale,2023,ppe_annual_dda_reported,14196,BRL,million,consolidated,54,30,https://api.mziq.com/mzfilemanager/v2/d/53207d1c-63b4-48f1-96b7-19869fae19fe/17e39185-7be2-1938-06ff-65fcc417faf6?origin=2,"Depreciation, depletion and amortization               (2,307)    (2,578)      (3,676)     (2,235)        (837) (950) (1,613)                  - (14,196)","Annual DDA is the PPE note flow, excluding intangible note; accumulated reported label includes depletion and may include impairment; do not call pure depreciation"
vale,2023,construction_gross,54264,BRL,million,consolidated,54,35,https://api.mziq.com/mzfilemanager/v2/d/53207d1c-63b4-48f1-96b7-19869fae19fe/17e39185-7be2-1938-06ff-65fcc417faf6?origin=2,"Cost                                                  84,147      71,931      49,992      75,828        21,471 10,690 26,101            54,264 394,424","Annual DDA is the PPE note flow, excluding intangible note; accumulated reported label includes depletion and may include impairment; do not call pure depreciation"
vale,2023,mineral_properties_gross,75828,BRL,million,consolidated,54,35,https://api.mziq.com/mzfilemanager/v2/d/53207d1c-63b4-48f1-96b7-19869fae19fe/17e39185-7be2-1938-06ff-65fcc417faf6?origin=2,"Cost                                                  84,147      71,931      49,992      75,828        21,471 10,690 26,101            54,264 394,424","Annual DDA is the PPE note flow, excluding intangible note; accumulated reported label includes depletion and may include impairment; do not call pure depreciation"
vale,2023,mineral_properties_annual_dda,2235,BRL,million,consolidated,54,30,https://api.mziq.com/mzfilemanager/v2/d/53207d1c-63b4-48f1-96b7-19869fae19fe/17e39185-7be2-1938-06ff-65fcc417faf6?origin=2,"Depreciation, depletion and amortization               (2,307)    (2,578)      (3,676)     (2,235)        (837) (950) (1,613)                  - (14,196)","Annual DDA is the PPE note flow, excluding intangible note; accumulated reported label includes depletion and may include impairment; do not call pure depreciation"
vale,2023,rou_gross,10690,BRL,million,consolidated,54,35,https://api.mziq.com/mzfilemanager/v2/d/53207d1c-63b4-48f1-96b7-19869fae19fe/17e39185-7be2-1938-06ff-65fcc417faf6?origin=2,"Cost                                                  84,147      71,931      49,992      75,828        21,471 10,690 26,101            54,264 394,424","Annual DDA is the PPE note flow, excluding intangible note; accumulated reported label includes depletion and may include impairment; do not call pure depreciation"
vale,2023,rou_annual_dda,950,BRL,million,consolidated,54,30,https://api.mziq.com/mzfilemanager/v2/d/53207d1c-63b4-48f1-96b7-19869fae19fe/17e39185-7be2-1938-06ff-65fcc417faf6?origin=2,"Depreciation, depletion and amortization               (2,307)    (2,578)      (3,676)     (2,235)        (837) (950) (1,613)                  - (14,196)","Annual DDA is the PPE note flow, excluding intangible note; accumulated reported label includes depletion and may include impairment; do not call pure depreciation"
vale,2024,ppe_gross_reported,438266,BRL,million,consolidated,56,41,https://api.mziq.com/mzfilemanager/v2/d/53207d1c-63b4-48f1-96b7-19869fae19fe/2c40e129-b431-b356-e932-6db7b2d1728a?origin=2,"Cost                                               94,531        83,838       59,950       78,731          22,559        8,742       29,730               60,185 438,266","Annual DDA is the PPE note flow, excluding intangible note; accumulated reported label includes depletion and may include impairment; do not call pure depreciation"
vale,2024,ppe_accumulated_reported_combined,190672,BRL,million,consolidated,56,42,https://api.mziq.com/mzfilemanager/v2/d/53207d1c-63b4-48f1-96b7-19869fae19fe/2c40e129-b431-b356-e932-6db7b2d1728a?origin=2,"Accumulated depreciation                          (40,934)      (33,777)     (34,948)     (50,578)          (9,627)     (4,653)      (16,155)                  - (190,672)","Annual DDA is the PPE note flow, excluding intangible note; accumulated reported label includes depletion and may include impairment; do not call pure depreciation"
vale,2024,ppe_annual_dda_reported,15183,BRL,million,consolidated,56,32,https://api.mziq.com/mzfilemanager/v2/d/53207d1c-63b4-48f1-96b7-19869fae19fe/2c40e129-b431-b356-e932-6db7b2d1728a?origin=2,"Depreciation, depletion and                                                    (2,354)       (2,950)      (3,724)      (2,578)            (821)     (1,019)       (1,737)                   -    (15,183)","Annual DDA is the PPE note flow, excluding intangible note; accumulated reported label includes depletion and may include impairment; do not call pure depreciation"
vale,2024,construction_gross,60185,BRL,million,consolidated,56,41,https://api.mziq.com/mzfilemanager/v2/d/53207d1c-63b4-48f1-96b7-19869fae19fe/2c40e129-b431-b356-e932-6db7b2d1728a?origin=2,"Cost                                               94,531        83,838       59,950       78,731          22,559        8,742       29,730               60,185 438,266","Annual DDA is the PPE note flow, excluding intangible note; accumulated reported label includes depletion and may include impairment; do not call pure depreciation"
vale,2024,mineral_properties_gross,78731,BRL,million,consolidated,56,41,https://api.mziq.com/mzfilemanager/v2/d/53207d1c-63b4-48f1-96b7-19869fae19fe/2c40e129-b431-b356-e932-6db7b2d1728a?origin=2,"Cost                                               94,531        83,838       59,950       78,731          22,559        8,742       29,730               60,185 438,266","Annual DDA is the PPE note flow, excluding intangible note; accumulated reported label includes depletion and may include impairment; do not call pure depreciation"
vale,2024,mineral_properties_annual_dda,2578,BRL,million,consolidated,56,32,https://api.mziq.com/mzfilemanager/v2/d/53207d1c-63b4-48f1-96b7-19869fae19fe/2c40e129-b431-b356-e932-6db7b2d1728a?origin=2,"Depreciation, depletion and                                                    (2,354)       (2,950)      (3,724)      (2,578)            (821)     (1,019)       (1,737)                   -    (15,183)","Annual DDA is the PPE note flow, excluding intangible note; accumulated reported label includes depletion and may include impairment; do not call pure depreciation"
vale,2024,rou_gross,8742,BRL,million,consolidated,56,41,https://api.mziq.com/mzfilemanager/v2/d/53207d1c-63b4-48f1-96b7-19869fae19fe/2c40e129-b431-b356-e932-6db7b2d1728a?origin=2,"Cost                                               94,531        83,838       59,950       78,731          22,559        8,742       29,730               60,185 438,266","Annual DDA is the PPE note flow, excluding intangible note; accumulated reported label includes depletion and may include impairment; do not call pure depreciation"
vale,2024,rou_annual_dda,1019,BRL,million,consolidated,56,32,https://api.mziq.com/mzfilemanager/v2/d/53207d1c-63b4-48f1-96b7-19869fae19fe/2c40e129-b431-b356-e932-6db7b2d1728a?origin=2,"Depreciation, depletion and                                                    (2,354)       (2,950)      (3,724)      (2,578)            (821)     (1,019)       (1,737)                   -    (15,183)","Annual DDA is the PPE note flow, excluding intangible note; accumulated reported label includes depletion and may include impairment; do not call pure depreciation"
vale,2025,ppe_gross_reported,444595,BRL,million,consolidated,35,51,https://api.mziq.com/mzfilemanager/v2/d/53207d1c-63b4-48f1-96b7-19869fae19fe/218604da-30c7-43a2-cfb0-c392dc272c73?origin=2,"Cost                                      99,632    80,544           60,835     83,152    23,370     8,560     30,963           57,539    444,595","Annual DDA is the PPE note flow, excluding intangible note; accumulated reported label includes depletion and may include impairment; do not call pure depreciation"
vale,2025,ppe_accumulated_reported_combined,204555,BRL,million,consolidated,35,52,https://api.mziq.com/mzfilemanager/v2/d/53207d1c-63b4-48f1-96b7-19869fae19fe/218604da-30c7-43a2-cfb0-c392dc272c73?origin=2,"Accumulated depreciation                 (41,875)   (33,873)        (35,840)   (59,673)   (10,227)   (5,220) (17,847)                –    (204,555)","Annual DDA is the PPE note flow, excluding intangible note; accumulated reported label includes depletion and may include impairment; do not call pure depreciation"
vale,2025,ppe_annual_dda_reported,16245,BRL,million,consolidated,35,40,https://api.mziq.com/mzfilemanager/v2/d/53207d1c-63b4-48f1-96b7-19869fae19fe/218604da-30c7-43a2-cfb0-c392dc272c73?origin=2,"Depreciation, depletion and                                            (2,673)    (3,363)         (3,578)    (2,627)     (880)     (774)    (2,350)               –     (16,245)","Annual DDA is the PPE note flow, excluding intangible note; accumulated reported label includes depletion and may include impairment; do not call pure depreciation"
vale,2025,construction_gross,57539,BRL,million,consolidated,35,51,https://api.mziq.com/mzfilemanager/v2/d/53207d1c-63b4-48f1-96b7-19869fae19fe/218604da-30c7-43a2-cfb0-c392dc272c73?origin=2,"Cost                                      99,632    80,544           60,835     83,152    23,370     8,560     30,963           57,539    444,595","Annual DDA is the PPE note flow, excluding intangible note; accumulated reported label includes depletion and may include impairment; do not call pure depreciation"
vale,2025,mineral_properties_gross,83152,BRL,million,consolidated,35,51,https://api.mziq.com/mzfilemanager/v2/d/53207d1c-63b4-48f1-96b7-19869fae19fe/218604da-30c7-43a2-cfb0-c392dc272c73?origin=2,"Cost                                      99,632    80,544           60,835     83,152    23,370     8,560     30,963           57,539    444,595","Annual DDA is the PPE note flow, excluding intangible note; accumulated reported label includes depletion and may include impairment; do not call pure depreciation"
vale,2025,mineral_properties_annual_dda,2627,BRL,million,consolidated,35,40,https://api.mziq.com/mzfilemanager/v2/d/53207d1c-63b4-48f1-96b7-19869fae19fe/218604da-30c7-43a2-cfb0-c392dc272c73?origin=2,"Depreciation, depletion and                                            (2,673)    (3,363)         (3,578)    (2,627)     (880)     (774)    (2,350)               –     (16,245)","Annual DDA is the PPE note flow, excluding intangible note; accumulated reported label includes depletion and may include impairment; do not call pure depreciation"
vale,2025,rou_gross,8560,BRL,million,consolidated,35,51,https://api.mziq.com/mzfilemanager/v2/d/53207d1c-63b4-48f1-96b7-19869fae19fe/218604da-30c7-43a2-cfb0-c392dc272c73?origin=2,"Cost                                      99,632    80,544           60,835     83,152    23,370     8,560     30,963           57,539    444,595","Annual DDA is the PPE note flow, excluding intangible note; accumulated reported label includes depletion and may include impairment; do not call pure depreciation"
vale,2025,rou_annual_dda,774,BRL,million,consolidated,35,40,https://api.mziq.com/mzfilemanager/v2/d/53207d1c-63b4-48f1-96b7-19869fae19fe/218604da-30c7-43a2-cfb0-c392dc272c73?origin=2,"Depreciation, depletion and                                            (2,673)    (3,363)         (3,578)    (2,627)     (880)     (774)    (2,350)               –     (16,245)","Annual DDA is the PPE note flow, excluding intangible note; accumulated reported label includes depletion and may include impairment; do not call pure depreciation"
petrobras,2016,ppe_gross_reported,836840,BRL,million,consolidated,56,40,https://api.mziq.com/mzfilemanager/d/25fdf098-34f5-4608-b7fa-17d60b2de47d/3ecfc1de-6dcf-4036-8816-dfeeeb2cadae?origin=2,"Cost                                                                                   32,589            415,663      125,702         262,886           836,840      624,946","Annual DDA is the PPE note flow, excluding intangible note; accumulated reported label includes depletion and may include impairment; do not call pure depreciation"
petrobras,2016,ppe_accumulated_reported_combined,264964,BRL,million,consolidated,56,41,https://api.mziq.com/mzfilemanager/d/25fdf098-34f5-4608-b7fa-17d60b2de47d/3ecfc1de-6dcf-4036-8816-dfeeeb2cadae?origin=2,"Accumulated depreciation, amortization and depletion                                   (9,833)         (159,092)             −        (96,039)        (264,964)    (200,175)","Annual DDA is the PPE note flow, excluding intangible note; accumulated reported label includes depletion and may include impairment; do not call pure depreciation"
petrobras,2016,ppe_annual_dda_reported,48003,BRL,million,consolidated,56,35,https://api.mziq.com/mzfilemanager/d/25fdf098-34f5-4608-b7fa-17d60b2de47d/3ecfc1de-6dcf-4036-8816-dfeeeb2cadae?origin=2,"Depreciation, amortization and depletion                                               (1,479)          (26,102)             −        (20,422)         (48,003)     (36,742)","Annual DDA is the PPE note flow, excluding intangible note; accumulated reported label includes depletion and may include impairment; do not call pure depreciation"
petrobras,2016,construction_gross,125702,BRL,million,consolidated,56,40,https://api.mziq.com/mzfilemanager/d/25fdf098-34f5-4608-b7fa-17d60b2de47d/3ecfc1de-6dcf-4036-8816-dfeeeb2cadae?origin=2,"Cost                                                                                   32,589            415,663      125,702         262,886           836,840      624,946","Annual DDA is the PPE note flow, excluding intangible note; accumulated reported label includes depletion and may include impairment; do not call pure depreciation"
petrobras,2016,exploration_development_gross,262886,BRL,million,consolidated,56,40,https://api.mziq.com/mzfilemanager/d/25fdf098-34f5-4608-b7fa-17d60b2de47d/3ecfc1de-6dcf-4036-8816-dfeeeb2cadae?origin=2,"Cost                                                                                   32,589            415,663      125,702         262,886           836,840      624,946","Annual DDA is the PPE note flow, excluding intangible note; accumulated reported label includes depletion and may include impairment; do not call pure depreciation"
petrobras,2016,exploration_development_annual_dda,20422,BRL,million,consolidated,56,35,https://api.mziq.com/mzfilemanager/d/25fdf098-34f5-4608-b7fa-17d60b2de47d/3ecfc1de-6dcf-4036-8816-dfeeeb2cadae?origin=2,"Depreciation, amortization and depletion                                               (1,479)          (26,102)             −        (20,422)         (48,003)     (36,742)","Annual DDA is the PPE note flow, excluding intangible note; accumulated reported label includes depletion and may include impairment; do not call pure depreciation"
petrobras,2017,ppe_gross_reported,884982,BRL,million,consolidated,60,39,https://api.mziq.com/mzfilemanager/d/25fdf098-34f5-4608-b7fa-17d60b2de47d/224e7349-8a3a-497a-85c6-eecb67a23abf?origin=2,"Cost                                                                                       32,795          425,419          140,656           286,112          884,982          664,479","Annual DDA is the PPE note flow, excluding intangible note; accumulated reported label includes depletion and may include impairment; do not call pure depreciation"
petrobras,2017,ppe_accumulated_reported_combined,300625,BRL,million,consolidated,60,40,https://api.mziq.com/mzfilemanager/d/25fdf098-34f5-4608-b7fa-17d60b2de47d/224e7349-8a3a-497a-85c6-eecb67a23abf?origin=2,"Accumulated depreciation, amortization and depletion                                     (10,747)        (177,311)                −         (112,567)        (300,625)        (228,943)","Annual DDA is the PPE note flow, excluding intangible note; accumulated reported label includes depletion and may include impairment; do not call pure depreciation"
petrobras,2017,ppe_annual_dda_reported,41891,BRL,million,consolidated,60,34,https://api.mziq.com/mzfilemanager/d/25fdf098-34f5-4608-b7fa-17d60b2de47d/224e7349-8a3a-497a-85c6-eecb67a23abf?origin=2,"Depreciation, amortization and depletion                                                  (1,393)         (23,383)                 −         (17,115)         (41,891)          (31,793)","Annual DDA is the PPE note flow, excluding intangible note; accumulated reported label includes depletion and may include impairment; do not call pure depreciation"
petrobras,2017,construction_gross,140656,BRL,million,consolidated,60,39,https://api.mziq.com/mzfilemanager/d/25fdf098-34f5-4608-b7fa-17d60b2de47d/224e7349-8a3a-497a-85c6-eecb67a23abf?origin=2,"Cost                                                                                       32,795          425,419          140,656           286,112          884,982          664,479","Annual DDA is the PPE note flow, excluding intangible note; accumulated reported label includes depletion and may include impairment; do not call pure depreciation"
petrobras,2017,exploration_development_gross,286112,BRL,million,consolidated,60,39,https://api.mziq.com/mzfilemanager/d/25fdf098-34f5-4608-b7fa-17d60b2de47d/224e7349-8a3a-497a-85c6-eecb67a23abf?origin=2,"Cost                                                                                       32,795          425,419          140,656           286,112          884,982          664,479","Annual DDA is the PPE note flow, excluding intangible note; accumulated reported label includes depletion and may include impairment; do not call pure depreciation"
petrobras,2017,exploration_development_annual_dda,17115,BRL,million,consolidated,60,34,https://api.mziq.com/mzfilemanager/d/25fdf098-34f5-4608-b7fa-17d60b2de47d/224e7349-8a3a-497a-85c6-eecb67a23abf?origin=2,"Depreciation, amortization and depletion                                                  (1,393)         (23,383)                 −         (17,115)         (41,891)          (31,793)","Annual DDA is the PPE note flow, excluding intangible note; accumulated reported label includes depletion and may include impairment; do not call pure depreciation"
petrobras,2018,ppe_gross_reported,940055,BRL,million,consolidated,46,65,https://api.mziq.com/mzfilemanager/d/25fdf098-34f5-4608-b7fa-17d60b2de47d/a46e1edc-31fc-482d-b30a-29e59fad2085?origin=2,"Cost                                                                                                       30,337             498,728            112,085               298,905            940,055             733,750","Annual DDA is the PPE note flow, excluding intangible note; accumulated reported label includes depletion and may include impairment; do not call pure depreciation"
petrobras,2018,ppe_accumulated_reported_combined,330226,BRL,million,consolidated,46,66,https://api.mziq.com/mzfilemanager/d/25fdf098-34f5-4608-b7fa-17d60b2de47d/a46e1edc-31fc-482d-b30a-29e59fad2085?origin=2,"Accumulated depreciation, amortization and depletion                                                     (10,148)           (204,136)                   −            (115,942)          (330,226)           (250,375)","Annual DDA is the PPE note flow, excluding intangible note; accumulated reported label includes depletion and may include impairment; do not call pure depreciation"
petrobras,2018,ppe_annual_dda_reported,43242,BRL,million,consolidated,46,60,https://api.mziq.com/mzfilemanager/d/25fdf098-34f5-4608-b7fa-17d60b2de47d/a46e1edc-31fc-482d-b30a-29e59fad2085?origin=2,"Depreciation, amortization and depletion                                                                  (1,299)            (23,807)                   −             (18,136)           (43,242)            (33,009)","Annual DDA is the PPE note flow, excluding intangible note; accumulated reported label includes depletion and may include impairment; do not call pure depreciation"
petrobras,2018,construction_gross,112085,BRL,million,consolidated,46,65,https://api.mziq.com/mzfilemanager/d/25fdf098-34f5-4608-b7fa-17d60b2de47d/a46e1edc-31fc-482d-b30a-29e59fad2085?origin=2,"Cost                                                                                                       30,337             498,728            112,085               298,905            940,055             733,750","Annual DDA is the PPE note flow, excluding intangible note; accumulated reported label includes depletion and may include impairment; do not call pure depreciation"
petrobras,2018,exploration_development_gross,298905,BRL,million,consolidated,46,65,https://api.mziq.com/mzfilemanager/d/25fdf098-34f5-4608-b7fa-17d60b2de47d/a46e1edc-31fc-482d-b30a-29e59fad2085?origin=2,"Cost                                                                                                       30,337             498,728            112,085               298,905            940,055             733,750","Annual DDA is the PPE note flow, excluding intangible note; accumulated reported label includes depletion and may include impairment; do not call pure depreciation"
petrobras,2018,exploration_development_annual_dda,18136,BRL,million,consolidated,46,60,https://api.mziq.com/mzfilemanager/d/25fdf098-34f5-4608-b7fa-17d60b2de47d/a46e1edc-31fc-482d-b30a-29e59fad2085?origin=2,"Depreciation, amortization and depletion                                                                  (1,299)            (23,807)                   −             (18,136)           (43,242)            (33,009)","Annual DDA is the PPE note flow, excluding intangible note; accumulated reported label includes depletion and may include impairment; do not call pure depreciation"
petrobras,2019,ppe_gross_reported,991101,BRL,million,consolidated,68,50,https://api.mziq.com/mzfilemanager/d/25fdf098-34f5-4608-b7fa-17d60b2de47d/57e9e799-d8da-47b6-b1d5-8768d05c0392?origin=2,"Cost                                                                     27,637          483,657            88,480         284,757          106,570           991,101          962,574","Annual DDA is the PPE note flow, excluding intangible note; accumulated reported label includes depletion and may include impairment; do not call pure depreciation"
petrobras,2019,ppe_accumulated_reported_combined,349152,BRL,million,consolidated,68,51,https://api.mziq.com/mzfilemanager/d/25fdf098-34f5-4608-b7fa-17d60b2de47d/57e9e799-d8da-47b6-b1d5-8768d05c0392?origin=2,"Accumulated depreciation, amortization and depletion                                                               (9,699)        (199,984)                 −        (119,912)         (19,557)        (349,152)        (299,758)","Annual DDA is the PPE note flow, excluding intangible note; accumulated reported label includes depletion and may include impairment; do not call pure depreciation"
petrobras,2019,ppe_annual_dda_reported,63518,BRL,million,consolidated,68,45,https://api.mziq.com/mzfilemanager/d/25fdf098-34f5-4608-b7fa-17d60b2de47d/57e9e799-d8da-47b6-b1d5-8768d05c0392?origin=2,"Depreciation, amortization and depletion                                   (910)         (24,044)                −         (18,772)         (19,792)          (63,518)         (69,657)","Annual DDA is the PPE note flow, excluding intangible note; accumulated reported label includes depletion and may include impairment; do not call pure depreciation"
petrobras,2019,construction_gross,88480,BRL,million,consolidated,68,50,https://api.mziq.com/mzfilemanager/d/25fdf098-34f5-4608-b7fa-17d60b2de47d/57e9e799-d8da-47b6-b1d5-8768d05c0392?origin=2,"Cost                                                                     27,637          483,657            88,480         284,757          106,570           991,101          962,574","Annual DDA is the PPE note flow, excluding intangible note; accumulated reported label includes depletion and may include impairment; do not call pure depreciation"
petrobras,2019,exploration_development_gross,284757,BRL,million,consolidated,68,50,https://api.mziq.com/mzfilemanager/d/25fdf098-34f5-4608-b7fa-17d60b2de47d/57e9e799-d8da-47b6-b1d5-8768d05c0392?origin=2,"Cost                                                                     27,637          483,657            88,480         284,757          106,570           991,101          962,574","Annual DDA is the PPE note flow, excluding intangible note; accumulated reported label includes depletion and may include impairment; do not call pure depreciation"
petrobras,2019,exploration_development_annual_dda,18772,BRL,million,consolidated,68,45,https://api.mziq.com/mzfilemanager/d/25fdf098-34f5-4608-b7fa-17d60b2de47d/57e9e799-d8da-47b6-b1d5-8768d05c0392?origin=2,"Depreciation, amortization and depletion                                   (910)         (24,044)                −         (18,772)         (19,792)          (63,518)         (69,657)","Annual DDA is the PPE note flow, excluding intangible note; accumulated reported label includes depletion and may include impairment; do not call pure depreciation"
petrobras,2019,rou_gross,106570,BRL,million,consolidated,68,50,https://api.mziq.com/mzfilemanager/d/25fdf098-34f5-4608-b7fa-17d60b2de47d/57e9e799-d8da-47b6-b1d5-8768d05c0392?origin=2,"Cost                                                                     27,637          483,657            88,480         284,757          106,570           991,101          962,574","Annual DDA is the PPE note flow, excluding intangible note; accumulated reported label includes depletion and may include impairment; do not call pure depreciation"
petrobras,2019,rou_annual_dda,19792,BRL,million,consolidated,68,45,https://api.mziq.com/mzfilemanager/d/25fdf098-34f5-4608-b7fa-17d60b2de47d/57e9e799-d8da-47b6-b1d5-8768d05c0392?origin=2,"Depreciation, amortization and depletion                                   (910)         (24,044)                −         (18,772)         (19,792)          (63,518)         (69,657)","Annual DDA is the PPE note flow, excluding intangible note; accumulated reported label includes depletion and may include impairment; do not call pure depreciation"
petrobras,2020,ppe_gross_reported,1168608,BRL,million,consolidated,61,46,https://api.mziq.com/mzfilemanager/v2/d/25fdf098-34f5-4608-b7fa-17d60b2de47d/219e3e62-91f5-595b-cdc7-5dc6ebfdda48?origin=2,"Cost                                                                                      28,322             557,080              143,142              316,486             123,578            1,168,608            1,120,987","Annual DDA is the PPE note flow, excluding intangible note; accumulated reported label includes depletion and may include impairment; do not call pure depreciation"
petrobras,2020,ppe_accumulated_reported_combined,523174,BRL,million,consolidated,61,47,https://api.mziq.com/mzfilemanager/v2/d/25fdf098-34f5-4608-b7fa-17d60b2de47d/219e3e62-91f5-595b-cdc7-5dc6ebfdda48?origin=2,"Accumulated depreciation, amortization, depletion and impairment (****)                                                                      (12,510)             (252,140)             (62,887)           (154,528)             (41,109)           (523,174)            (450,899)","Annual DDA is the PPE note flow, excluding intangible note; accumulated reported label includes depletion and may include impairment; do not call pure depreciation"
petrobras,2020,ppe_annual_dda_reported,62878,BRL,million,consolidated,61,41,https://api.mziq.com/mzfilemanager/v2/d/25fdf098-34f5-4608-b7fa-17d60b2de47d/219e3e62-91f5-595b-cdc7-5dc6ebfdda48?origin=2,"Depreciation, amortization and depletion                                                    (719)            (21,882)                    −             (19,650)            (20,627)             (62,878)             (71,925)","Annual DDA is the PPE note flow, excluding intangible note; accumulated reported label includes depletion and may include impairment; do not call pure depreciation"
petrobras,2020,construction_gross,143142,BRL,million,consolidated,61,46,https://api.mziq.com/mzfilemanager/v2/d/25fdf098-34f5-4608-b7fa-17d60b2de47d/219e3e62-91f5-595b-cdc7-5dc6ebfdda48?origin=2,"Cost                                                                                      28,322             557,080              143,142              316,486             123,578            1,168,608            1,120,987","Annual DDA is the PPE note flow, excluding intangible note; accumulated reported label includes depletion and may include impairment; do not call pure depreciation"
petrobras,2020,exploration_development_gross,316486,BRL,million,consolidated,61,46,https://api.mziq.com/mzfilemanager/v2/d/25fdf098-34f5-4608-b7fa-17d60b2de47d/219e3e62-91f5-595b-cdc7-5dc6ebfdda48?origin=2,"Cost                                                                                      28,322             557,080              143,142              316,486             123,578            1,168,608            1,120,987","Annual DDA is the PPE note flow, excluding intangible note; accumulated reported label includes depletion and may include impairment; do not call pure depreciation"
petrobras,2020,exploration_development_annual_dda,19650,BRL,million,consolidated,61,41,https://api.mziq.com/mzfilemanager/v2/d/25fdf098-34f5-4608-b7fa-17d60b2de47d/219e3e62-91f5-595b-cdc7-5dc6ebfdda48?origin=2,"Depreciation, amortization and depletion                                                    (719)            (21,882)                    −             (19,650)            (20,627)             (62,878)             (71,925)","Annual DDA is the PPE note flow, excluding intangible note; accumulated reported label includes depletion and may include impairment; do not call pure depreciation"
petrobras,2020,rou_gross,123578,BRL,million,consolidated,61,46,https://api.mziq.com/mzfilemanager/v2/d/25fdf098-34f5-4608-b7fa-17d60b2de47d/219e3e62-91f5-595b-cdc7-5dc6ebfdda48?origin=2,"Cost                                                                                      28,322             557,080              143,142              316,486             123,578            1,168,608            1,120,987","Annual DDA is the PPE note flow, excluding intangible note; accumulated reported label includes depletion and may include impairment; do not call pure depreciation"
petrobras,2020,rou_annual_dda,20627,BRL,million,consolidated,61,41,https://api.mziq.com/mzfilemanager/v2/d/25fdf098-34f5-4608-b7fa-17d60b2de47d/219e3e62-91f5-595b-cdc7-5dc6ebfdda48?origin=2,"Depreciation, amortization and depletion                                                    (719)            (21,882)                    −             (19,650)            (20,627)             (62,878)             (71,925)","Annual DDA is the PPE note flow, excluding intangible note; accumulated reported label includes depletion and may include impairment; do not call pure depreciation"
petrobras,2021,ppe_gross_reported,1207658,BRL,million,consolidated,75,47,https://api.mziq.com/mzfilemanager/v2/d/25fdf098-34f5-4608-b7fa-17d60b2de47d/76896fa7-926a-9e9e-a4f1-81bec55c2e66?origin=2,"Accumulated cost                                                      22,770         547,365          144,831         345,470         147,222        1,207,658       1,154,481","Annual DDA is the PPE note flow, excluding intangible note; accumulated reported label includes depletion and may include impairment; do not call pure depreciation"
petrobras,2021,ppe_accumulated_reported_combined,508252,BRL,million,consolidated,75,48,https://api.mziq.com/mzfilemanager/v2/d/25fdf098-34f5-4608-b7fa-17d60b2de47d/76896fa7-926a-9e9e-a4f1-81bec55c2e66?origin=2,"Accumulated depreciation, amortization, depletion and impairment (****)                                                (9,468)        (250,894)         (50,401)      (145,424)         (52,065)       (508,252)        (437,126)","Annual DDA is the PPE note flow, excluding intangible note; accumulated reported label includes depletion and may include impairment; do not call pure depreciation"
petrobras,2021,ppe_annual_dda_reported,69907,BRL,million,consolidated,75,42,https://api.mziq.com/mzfilemanager/v2/d/25fdf098-34f5-4608-b7fa-17d60b2de47d/76896fa7-926a-9e9e-a4f1-81bec55c2e66?origin=2,"Depreciation, amortization and depletion                                (532)        (22,833)                 −       (23,472)        (23,070)         (69,907)        (74,558)","Annual DDA is the PPE note flow, excluding intangible note; accumulated reported label includes depletion and may include impairment; do not call pure depreciation"
petrobras,2021,construction_gross,144831,BRL,million,consolidated,75,47,https://api.mziq.com/mzfilemanager/v2/d/25fdf098-34f5-4608-b7fa-17d60b2de47d/76896fa7-926a-9e9e-a4f1-81bec55c2e66?origin=2,"Accumulated cost                                                      22,770         547,365          144,831         345,470         147,222        1,207,658       1,154,481","Annual DDA is the PPE note flow, excluding intangible note; accumulated reported label includes depletion and may include impairment; do not call pure depreciation"
petrobras,2021,exploration_development_gross,345470,BRL,million,consolidated,75,47,https://api.mziq.com/mzfilemanager/v2/d/25fdf098-34f5-4608-b7fa-17d60b2de47d/76896fa7-926a-9e9e-a4f1-81bec55c2e66?origin=2,"Accumulated cost                                                      22,770         547,365          144,831         345,470         147,222        1,207,658       1,154,481","Annual DDA is the PPE note flow, excluding intangible note; accumulated reported label includes depletion and may include impairment; do not call pure depreciation"
petrobras,2021,exploration_development_annual_dda,23472,BRL,million,consolidated,75,42,https://api.mziq.com/mzfilemanager/v2/d/25fdf098-34f5-4608-b7fa-17d60b2de47d/76896fa7-926a-9e9e-a4f1-81bec55c2e66?origin=2,"Depreciation, amortization and depletion                                (532)        (22,833)                 −       (23,472)        (23,070)         (69,907)        (74,558)","Annual DDA is the PPE note flow, excluding intangible note; accumulated reported label includes depletion and may include impairment; do not call pure depreciation"
petrobras,2021,rou_gross,147222,BRL,million,consolidated,75,47,https://api.mziq.com/mzfilemanager/v2/d/25fdf098-34f5-4608-b7fa-17d60b2de47d/76896fa7-926a-9e9e-a4f1-81bec55c2e66?origin=2,"Accumulated cost                                                      22,770         547,365          144,831         345,470         147,222        1,207,658       1,154,481","Annual DDA is the PPE note flow, excluding intangible note; accumulated reported label includes depletion and may include impairment; do not call pure depreciation"
petrobras,2021,rou_annual_dda,23070,BRL,million,consolidated,75,42,https://api.mziq.com/mzfilemanager/v2/d/25fdf098-34f5-4608-b7fa-17d60b2de47d/76896fa7-926a-9e9e-a4f1-81bec55c2e66?origin=2,"Depreciation, amortization and depletion                                (532)        (22,833)                 −       (23,472)        (23,070)         (69,907)        (74,558)","Annual DDA is the PPE note flow, excluding intangible note; accumulated reported label includes depletion and may include impairment; do not call pure depreciation"
petrobras,2022,ppe_gross_reported,1205082,BRL,million,consolidated,63,29,https://api.mziq.com/mzfilemanager/v2/d/25fdf098-34f5-4608-b7fa-17d60b2de47d/8673e5d4-3193-0d7a-c981-b8d63515c3dc?origin=2,"Accumulated cost                                                                       22,659              550,097             124,904              352,617             154,805            1,205,082            1,158,091","Annual DDA is the PPE note flow, excluding intangible note; accumulated reported label includes depletion and may include impairment; do not call pure depreciation"
petrobras,2022,ppe_accumulated_reported_combined,525900,BRL,million,consolidated,63,30,https://api.mziq.com/mzfilemanager/v2/d/25fdf098-34f5-4608-b7fa-17d60b2de47d/8673e5d4-3193-0d7a-c981-b8d63515c3dc?origin=2,"Accumulated depreciation and impairment (****)                                         (9,418)           (262,357)             (47,480)           (152,080)             (54,565)           (525,900)            (458,305)","Annual DDA is the PPE note flow, excluding intangible note; accumulated reported label includes depletion and may include impairment; do not call pure depreciation"
petrobras,2022,ppe_annual_dda_reported,75412,BRL,million,consolidated,63,24,https://api.mziq.com/mzfilemanager/v2/d/25fdf098-34f5-4608-b7fa-17d60b2de47d/8673e5d4-3193-0d7a-c981-b8d63515c3dc?origin=2,"Depreciation, amortization and depletion                                                    (455)            (24,498)                    −            (27,370)             (23,089)             (75,412)             (78,677)","Annual DDA is the PPE note flow, excluding intangible note; accumulated reported label includes depletion and may include impairment; do not call pure depreciation"
petrobras,2022,construction_gross,124904,BRL,million,consolidated,63,29,https://api.mziq.com/mzfilemanager/v2/d/25fdf098-34f5-4608-b7fa-17d60b2de47d/8673e5d4-3193-0d7a-c981-b8d63515c3dc?origin=2,"Accumulated cost                                                                       22,659              550,097             124,904              352,617             154,805            1,205,082            1,158,091","Annual DDA is the PPE note flow, excluding intangible note; accumulated reported label includes depletion and may include impairment; do not call pure depreciation"
petrobras,2022,exploration_development_gross,352617,BRL,million,consolidated,63,29,https://api.mziq.com/mzfilemanager/v2/d/25fdf098-34f5-4608-b7fa-17d60b2de47d/8673e5d4-3193-0d7a-c981-b8d63515c3dc?origin=2,"Accumulated cost                                                                       22,659              550,097             124,904              352,617             154,805            1,205,082            1,158,091","Annual DDA is the PPE note flow, excluding intangible note; accumulated reported label includes depletion and may include impairment; do not call pure depreciation"
petrobras,2022,exploration_development_annual_dda,27370,BRL,million,consolidated,63,24,https://api.mziq.com/mzfilemanager/v2/d/25fdf098-34f5-4608-b7fa-17d60b2de47d/8673e5d4-3193-0d7a-c981-b8d63515c3dc?origin=2,"Depreciation, amortization and depletion                                                    (455)            (24,498)                    −            (27,370)             (23,089)             (75,412)             (78,677)","Annual DDA is the PPE note flow, excluding intangible note; accumulated reported label includes depletion and may include impairment; do not call pure depreciation"
petrobras,2022,rou_gross,154805,BRL,million,consolidated,63,29,https://api.mziq.com/mzfilemanager/v2/d/25fdf098-34f5-4608-b7fa-17d60b2de47d/8673e5d4-3193-0d7a-c981-b8d63515c3dc?origin=2,"Accumulated cost                                                                       22,659              550,097             124,904              352,617             154,805            1,205,082            1,158,091","Annual DDA is the PPE note flow, excluding intangible note; accumulated reported label includes depletion and may include impairment; do not call pure depreciation"
petrobras,2022,rou_annual_dda,23089,BRL,million,consolidated,63,24,https://api.mziq.com/mzfilemanager/v2/d/25fdf098-34f5-4608-b7fa-17d60b2de47d/8673e5d4-3193-0d7a-c981-b8d63515c3dc?origin=2,"Depreciation, amortization and depletion                                                    (455)            (24,498)                    −            (27,370)             (23,089)             (75,412)             (78,677)","Annual DDA is the PPE note flow, excluding intangible note; accumulated reported label includes depletion and may include impairment; do not call pure depreciation"
petrobras,2023,ppe_gross_reported,1326097,BRL,million,consolidated,75,31,https://api.mziq.com/mzfilemanager/v2/d/25fdf098-34f5-4608-b7fa-17d60b2de47d/c5d1e372-a40e-b153-03a7-6456f09c37a5?origin=2,"Accumulated cost                                                           22,434           572,111           152,344            362,175          217,033          1,326,097         1,279,761","Annual DDA is the PPE note flow, excluding intangible note; accumulated reported label includes depletion and may include impairment; do not call pure depreciation"
petrobras,2023,ppe_accumulated_reported_combined,583323,BRL,million,consolidated,75,32,https://api.mziq.com/mzfilemanager/v2/d/25fdf098-34f5-4608-b7fa-17d60b2de47d/c5d1e372-a40e-b153-03a7-6456f09c37a5?origin=2,"Accumulated depreciation and impairment (4)                                (9,428)        (289,335)           (48,178)         (166,430)          (69,952)         (583,323)         (520,192)","Annual DDA is the PPE note flow, excluding intangible note; accumulated reported label includes depletion and may include impairment; do not call pure depreciation"
petrobras,2023,ppe_annual_dda_reported,76324,BRL,million,consolidated,75,26,https://api.mziq.com/mzfilemanager/v2/d/25fdf098-34f5-4608-b7fa-17d60b2de47d/c5d1e372-a40e-b153-03a7-6456f09c37a5?origin=2,"Depreciation, amortization and depletion                                        (416)         (25,326)                   −         (23,501)          (27,081)           (76,324)          (79,833)","Annual DDA is the PPE note flow, excluding intangible note; accumulated reported label includes depletion and may include impairment; do not call pure depreciation"
petrobras,2023,construction_gross,152344,BRL,million,consolidated,75,31,https://api.mziq.com/mzfilemanager/v2/d/25fdf098-34f5-4608-b7fa-17d60b2de47d/c5d1e372-a40e-b153-03a7-6456f09c37a5?origin=2,"Accumulated cost                                                           22,434           572,111           152,344            362,175          217,033          1,326,097         1,279,761","Annual DDA is the PPE note flow, excluding intangible note; accumulated reported label includes depletion and may include impairment; do not call pure depreciation"
petrobras,2023,exploration_development_gross,362175,BRL,million,consolidated,75,31,https://api.mziq.com/mzfilemanager/v2/d/25fdf098-34f5-4608-b7fa-17d60b2de47d/c5d1e372-a40e-b153-03a7-6456f09c37a5?origin=2,"Accumulated cost                                                           22,434           572,111           152,344            362,175          217,033          1,326,097         1,279,761","Annual DDA is the PPE note flow, excluding intangible note; accumulated reported label includes depletion and may include impairment; do not call pure depreciation"
petrobras,2023,exploration_development_annual_dda,23501,BRL,million,consolidated,75,26,https://api.mziq.com/mzfilemanager/v2/d/25fdf098-34f5-4608-b7fa-17d60b2de47d/c5d1e372-a40e-b153-03a7-6456f09c37a5?origin=2,"Depreciation, amortization and depletion                                        (416)         (25,326)                   −         (23,501)          (27,081)           (76,324)          (79,833)","Annual DDA is the PPE note flow, excluding intangible note; accumulated reported label includes depletion and may include impairment; do not call pure depreciation"
petrobras,2023,rou_gross,217033,BRL,million,consolidated,75,31,https://api.mziq.com/mzfilemanager/v2/d/25fdf098-34f5-4608-b7fa-17d60b2de47d/c5d1e372-a40e-b153-03a7-6456f09c37a5?origin=2,"Accumulated cost                                                           22,434           572,111           152,344            362,175          217,033          1,326,097         1,279,761","Annual DDA is the PPE note flow, excluding intangible note; accumulated reported label includes depletion and may include impairment; do not call pure depreciation"
petrobras,2023,rou_annual_dda,27081,BRL,million,consolidated,75,26,https://api.mziq.com/mzfilemanager/v2/d/25fdf098-34f5-4608-b7fa-17d60b2de47d/c5d1e372-a40e-b153-03a7-6456f09c37a5?origin=2,"Depreciation, amortization and depletion                                        (416)         (25,326)                   −         (23,501)          (27,081)           (76,324)          (79,833)","Annual DDA is the PPE note flow, excluding intangible note; accumulated reported label includes depletion and may include impairment; do not call pure depreciation"
petrobras,2024,ppe_gross_reported,1491732,BRL,million,consolidated,74,31,https://api.mziq.com/mzfilemanager/v2/d/25fdf098-34f5-4608-b7fa-17d60b2de47d/8022e72b-cf26-f0f8-592d-771a59efb7d9?origin=2,"Accumulated cost                                                     24,119          600,426         187,751          417,094          262,342        1,491,732        1,444,141","Annual DDA is the PPE note flow, excluding intangible note; accumulated reported label includes depletion and may include impairment; do not call pure depreciation"
petrobras,2024,ppe_accumulated_reported_combined,647815,BRL,million,consolidated,74,32,https://api.mziq.com/mzfilemanager/v2/d/25fdf098-34f5-4608-b7fa-17d60b2de47d/8022e72b-cf26-f0f8-592d-771a59efb7d9?origin=2,"Accumulated depreciation and impairment (4)                          (8,730)       (316,776)         (36,761)       (194,660)          (90,888)       (647,815)        (585,580)","Annual DDA is the PPE note flow, excluding intangible note; accumulated reported label includes depletion and may include impairment; do not call pure depreciation"
petrobras,2024,ppe_annual_dda_reported,80452,BRL,million,consolidated,74,26,https://api.mziq.com/mzfilemanager/v2/d/25fdf098-34f5-4608-b7fa-17d60b2de47d/8022e72b-cf26-f0f8-592d-771a59efb7d9?origin=2,"Depreciation, amortization and depletion                                  (421)        (26,683)                 −       (19,823)          (33,525)         (80,452)         (83,074)","Annual DDA is the PPE note flow, excluding intangible note; accumulated reported label includes depletion and may include impairment; do not call pure depreciation"
petrobras,2024,construction_gross,187751,BRL,million,consolidated,74,31,https://api.mziq.com/mzfilemanager/v2/d/25fdf098-34f5-4608-b7fa-17d60b2de47d/8022e72b-cf26-f0f8-592d-771a59efb7d9?origin=2,"Accumulated cost                                                     24,119          600,426         187,751          417,094          262,342        1,491,732        1,444,141","Annual DDA is the PPE note flow, excluding intangible note; accumulated reported label includes depletion and may include impairment; do not call pure depreciation"
petrobras,2024,exploration_development_gross,417094,BRL,million,consolidated,74,31,https://api.mziq.com/mzfilemanager/v2/d/25fdf098-34f5-4608-b7fa-17d60b2de47d/8022e72b-cf26-f0f8-592d-771a59efb7d9?origin=2,"Accumulated cost                                                     24,119          600,426         187,751          417,094          262,342        1,491,732        1,444,141","Annual DDA is the PPE note flow, excluding intangible note; accumulated reported label includes depletion and may include impairment; do not call pure depreciation"
petrobras,2024,exploration_development_annual_dda,19823,BRL,million,consolidated,74,26,https://api.mziq.com/mzfilemanager/v2/d/25fdf098-34f5-4608-b7fa-17d60b2de47d/8022e72b-cf26-f0f8-592d-771a59efb7d9?origin=2,"Depreciation, amortization and depletion                                  (421)        (26,683)                 −       (19,823)          (33,525)         (80,452)         (83,074)","Annual DDA is the PPE note flow, excluding intangible note; accumulated reported label includes depletion and may include impairment; do not call pure depreciation"
petrobras,2024,rou_gross,262342,BRL,million,consolidated,74,31,https://api.mziq.com/mzfilemanager/v2/d/25fdf098-34f5-4608-b7fa-17d60b2de47d/8022e72b-cf26-f0f8-592d-771a59efb7d9?origin=2,"Accumulated cost                                                     24,119          600,426         187,751          417,094          262,342        1,491,732        1,444,141","Annual DDA is the PPE note flow, excluding intangible note; accumulated reported label includes depletion and may include impairment; do not call pure depreciation"
petrobras,2024,rou_annual_dda,33525,BRL,million,consolidated,74,26,https://api.mziq.com/mzfilemanager/v2/d/25fdf098-34f5-4608-b7fa-17d60b2de47d/8022e72b-cf26-f0f8-592d-771a59efb7d9?origin=2,"Depreciation, amortization and depletion                                  (421)        (26,683)                 −       (19,823)          (33,525)         (80,452)         (83,074)","Annual DDA is the PPE note flow, excluding intangible note; accumulated reported label includes depletion and may include impairment; do not call pure depreciation"
petrobras,2025,ppe_gross_reported,1647865,BRL,million,consolidated,74,23,https://api.mziq.com/mzfilemanager/v2/d/25fdf098-34f5-4608-b7fa-17d60b2de47d/f0717e7a-c080-fb54-6542-d2c0cb26b269?origin=2,"Accumulated cost                                                                        24,304             638,620             235,241               429,060             320,640            1,647,865            1,599,726","Annual DDA is the PPE note flow, excluding intangible note; accumulated reported label includes depletion and may include impairment; do not call pure depreciation"
petrobras,2025,ppe_accumulated_reported_combined,723241,BRL,million,consolidated,74,24,https://api.mziq.com/mzfilemanager/v2/d/25fdf098-34f5-4608-b7fa-17d60b2de47d/f0717e7a-c080-fb54-6542-d2c0cb26b269?origin=2,"Accumulated depreciation and impairment (4)                                           (11,144)           (348,855)             (30,989)            (215,048)           (117,205)            (723,241)            (665,728)","Annual DDA is the PPE note flow, excluding intangible note; accumulated reported label includes depletion and may include impairment; do not call pure depreciation"
petrobras,2025,ppe_annual_dda_reported,102395,BRL,million,consolidated,74,18,https://api.mziq.com/mzfilemanager/v2/d/25fdf098-34f5-4608-b7fa-17d60b2de47d/f0717e7a-c080-fb54-6542-d2c0cb26b269?origin=2,"Depreciation, amortization and depletion                                                    (520)            (31,942)                     −            (27,328)            (42,605)            (102,395)            (105,608)","Annual DDA is the PPE note flow, excluding intangible note; accumulated reported label includes depletion and may include impairment; do not call pure depreciation"
petrobras,2025,construction_gross,235241,BRL,million,consolidated,74,23,https://api.mziq.com/mzfilemanager/v2/d/25fdf098-34f5-4608-b7fa-17d60b2de47d/f0717e7a-c080-fb54-6542-d2c0cb26b269?origin=2,"Accumulated cost                                                                        24,304             638,620             235,241               429,060             320,640            1,647,865            1,599,726","Annual DDA is the PPE note flow, excluding intangible note; accumulated reported label includes depletion and may include impairment; do not call pure depreciation"
petrobras,2025,exploration_development_gross,429060,BRL,million,consolidated,74,23,https://api.mziq.com/mzfilemanager/v2/d/25fdf098-34f5-4608-b7fa-17d60b2de47d/f0717e7a-c080-fb54-6542-d2c0cb26b269?origin=2,"Accumulated cost                                                                        24,304             638,620             235,241               429,060             320,640            1,647,865            1,599,726","Annual DDA is the PPE note flow, excluding intangible note; accumulated reported label includes depletion and may include impairment; do not call pure depreciation"
petrobras,2025,exploration_development_annual_dda,27328,BRL,million,consolidated,74,18,https://api.mziq.com/mzfilemanager/v2/d/25fdf098-34f5-4608-b7fa-17d60b2de47d/f0717e7a-c080-fb54-6542-d2c0cb26b269?origin=2,"Depreciation, amortization and depletion                                                    (520)            (31,942)                     −            (27,328)            (42,605)            (102,395)            (105,608)","Annual DDA is the PPE note flow, excluding intangible note; accumulated reported label includes depletion and may include impairment; do not call pure depreciation"
petrobras,2025,rou_gross,320640,BRL,million,consolidated,74,23,https://api.mziq.com/mzfilemanager/v2/d/25fdf098-34f5-4608-b7fa-17d60b2de47d/f0717e7a-c080-fb54-6542-d2c0cb26b269?origin=2,"Accumulated cost                                                                        24,304             638,620             235,241               429,060             320,640            1,647,865            1,599,726","Annual DDA is the PPE note flow, excluding intangible note; accumulated reported label includes depletion and may include impairment; do not call pure depreciation"
petrobras,2025,rou_annual_dda,42605,BRL,million,consolidated,74,18,https://api.mziq.com/mzfilemanager/v2/d/25fdf098-34f5-4608-b7fa-17d60b2de47d/f0717e7a-c080-fb54-6542-d2c0cb26b269?origin=2,"Depreciation, amortization and depletion                                                    (520)            (31,942)                     −            (27,328)            (42,605)            (102,395)            (105,608)","Annual DDA is the PPE note flow, excluding intangible note; accumulated reported label includes depletion and may include impairment; do not call pure depreciation"
petrobras,2016,buildings_gross_supplementary,31443,BRL,million,consolidated,56,70,https://api.mziq.com/mzfilemanager/d/25fdf098-34f5-4608-b7fa-17d60b2de47d/3ecfc1de-6dcf-4036-8816-dfeeeb2cadae?origin=2,"Buildings and improvements                                                                                                             31,443            (9,833)     21,610",Supplementary PPE useful-life class table; consolidated
petrobras,2016,land_gross_derived,1146,BRL,million,consolidated,56,70,https://api.mziq.com/mzfilemanager/d/25fdf098-34f5-4608-b7fa-17d60b2de47d/3ecfc1de-6dcf-4036-8816-dfeeeb2cadae?origin=2,"Buildings and improvements                                                                                                             31,443            (9,833)     21,610","Land derived as main table land/buildings/improvements gross minus supplementary buildings/improvements gross; arithmetic reconciliation, not directly disclosed land cell"
petrobras,2017,buildings_gross_supplementary,31642,BRL,million,consolidated,61,29,https://api.mziq.com/mzfilemanager/d/25fdf098-34f5-4608-b7fa-17d60b2de47d/224e7349-8a3a-497a-85c6-eecb67a23abf?origin=2,"Buildings and improvements                                                                    31,642       (10,747)        20,895",Supplementary PPE useful-life class table; consolidated
petrobras,2017,land_gross_derived,1153,BRL,million,consolidated,61,29,https://api.mziq.com/mzfilemanager/d/25fdf098-34f5-4608-b7fa-17d60b2de47d/224e7349-8a3a-497a-85c6-eecb67a23abf?origin=2,"Buildings and improvements                                                                    31,642       (10,747)        20,895","Land derived as main table land/buildings/improvements gross minus supplementary buildings/improvements gross; arithmetic reconciliation, not directly disclosed land cell"
petrobras,2018,buildings_gross_supplementary,29174,BRL,million,consolidated,47,32,https://api.mziq.com/mzfilemanager/d/25fdf098-34f5-4608-b7fa-17d60b2de47d/a46e1edc-31fc-482d-b30a-29e59fad2085?origin=2,"Buildings and improvements                                                                                      29,174        (10,148)          19,027",Supplementary PPE useful-life class table; consolidated
petrobras,2018,land_gross_derived,1163,BRL,million,consolidated,47,32,https://api.mziq.com/mzfilemanager/d/25fdf098-34f5-4608-b7fa-17d60b2de47d/a46e1edc-31fc-482d-b30a-29e59fad2085?origin=2,"Buildings and improvements                                                                                      29,174        (10,148)          19,027","Land derived as main table land/buildings/improvements gross minus supplementary buildings/improvements gross; arithmetic reconciliation, not directly disclosed land cell"
petrobras,2019,buildings_gross_supplementary,26947,BRL,million,consolidated,69,42,https://api.mziq.com/mzfilemanager/d/25fdf098-34f5-4608-b7fa-17d60b2de47d/57e9e799-d8da-47b6-b1d5-8768d05c0392?origin=2,"Buildings and improvements                                                                        26,947        (9,699)        17,248",Supplementary PPE useful-life class table; consolidated
petrobras,2019,land_gross_derived,690,BRL,million,consolidated,69,42,https://api.mziq.com/mzfilemanager/d/25fdf098-34f5-4608-b7fa-17d60b2de47d/57e9e799-d8da-47b6-b1d5-8768d05c0392?origin=2,"Buildings and improvements                                                                        26,947        (9,699)        17,248","Land derived as main table land/buildings/improvements gross minus supplementary buildings/improvements gross; arithmetic reconciliation, not directly disclosed land cell"
petrobras,2020,buildings_gross_supplementary,27632,BRL,million,consolidated,62,38,https://api.mziq.com/mzfilemanager/v2/d/25fdf098-34f5-4608-b7fa-17d60b2de47d/219e3e62-91f5-595b-cdc7-5dc6ebfdda48?origin=2,"Buildings and improvements                                                                                               27,632        (12,476)          15,156",Supplementary PPE useful-life class table; consolidated
petrobras,2020,land_gross_derived,690,BRL,million,consolidated,62,38,https://api.mziq.com/mzfilemanager/v2/d/25fdf098-34f5-4608-b7fa-17d60b2de47d/219e3e62-91f5-595b-cdc7-5dc6ebfdda48?origin=2,"Buildings and improvements                                                                                               27,632        (12,476)          15,156","Land derived as main table land/buildings/improvements gross minus supplementary buildings/improvements gross; arithmetic reconciliation, not directly disclosed land cell"
petrobras,2021,buildings_gross_supplementary,22135,BRL,million,consolidated,76,44,https://api.mziq.com/mzfilemanager/v2/d/25fdf098-34f5-4608-b7fa-17d60b2de47d/76896fa7-926a-9e9e-a4f1-81bec55c2e66?origin=2,"Buildings and improvements                                                                           22,135         (9,436)       12,699",Supplementary PPE useful-life class table; consolidated
petrobras,2021,land_gross_derived,635,BRL,million,consolidated,76,44,https://api.mziq.com/mzfilemanager/v2/d/25fdf098-34f5-4608-b7fa-17d60b2de47d/76896fa7-926a-9e9e-a4f1-81bec55c2e66?origin=2,"Buildings and improvements                                                                           22,135         (9,436)       12,699","Land derived as main table land/buildings/improvements gross minus supplementary buildings/improvements gross; arithmetic reconciliation, not directly disclosed land cell"
petrobras,2022,buildings_gross_supplementary,22044,BRL,million,consolidated,64,19,https://api.mziq.com/mzfilemanager/v2/d/25fdf098-34f5-4608-b7fa-17d60b2de47d/8673e5d4-3193-0d7a-c981-b8d63515c3dc?origin=2,"Buildings and improvements                                                                                           22,044         (9,385)          12,659",Supplementary PPE useful-life class table; consolidated
petrobras,2022,land_gross_derived,615,BRL,million,consolidated,64,19,https://api.mziq.com/mzfilemanager/v2/d/25fdf098-34f5-4608-b7fa-17d60b2de47d/8673e5d4-3193-0d7a-c981-b8d63515c3dc?origin=2,"Buildings and improvements                                                                                           22,044         (9,385)          12,659","Land derived as main table land/buildings/improvements gross minus supplementary buildings/improvements gross; arithmetic reconciliation, not directly disclosed land cell"
petrobras,2023,buildings_gross_supplementary,21764,BRL,million,consolidated,76,28,https://api.mziq.com/mzfilemanager/v2/d/25fdf098-34f5-4608-b7fa-17d60b2de47d/c5d1e372-a40e-b153-03a7-6456f09c37a5?origin=2,"Buildings and improvements                                                                              21,764          (9,398)           12,366",Supplementary PPE useful-life class table; consolidated
petrobras,2023,land_gross_derived,670,BRL,million,consolidated,76,28,https://api.mziq.com/mzfilemanager/v2/d/25fdf098-34f5-4608-b7fa-17d60b2de47d/c5d1e372-a40e-b153-03a7-6456f09c37a5?origin=2,"Buildings and improvements                                                                              21,764          (9,398)           12,366","Land derived as main table land/buildings/improvements gross minus supplementary buildings/improvements gross; arithmetic reconciliation, not directly disclosed land cell"
petrobras,2024,buildings_gross_supplementary,23222,BRL,million,consolidated,75,28,https://api.mziq.com/mzfilemanager/v2/d/25fdf098-34f5-4608-b7fa-17d60b2de47d/8022e72b-cf26-f0f8-592d-771a59efb7d9?origin=2,"Buildings and improvements                                                                          23,222         (8,586)         14,636",Supplementary PPE useful-life class table; consolidated
petrobras,2024,land_gross_derived,897,BRL,million,consolidated,75,28,https://api.mziq.com/mzfilemanager/v2/d/25fdf098-34f5-4608-b7fa-17d60b2de47d/8022e72b-cf26-f0f8-592d-771a59efb7d9?origin=2,"Buildings and improvements                                                                          23,222         (8,586)         14,636","Land derived as main table land/buildings/improvements gross minus supplementary buildings/improvements gross; arithmetic reconciliation, not directly disclosed land cell"
petrobras,2025,buildings_gross_supplementary,23179,BRL,million,consolidated,75,37,https://api.mziq.com/mzfilemanager/v2/d/25fdf098-34f5-4608-b7fa-17d60b2de47d/f0717e7a-c080-fb54-6542-d2c0cb26b269?origin=2,"Buildings and improvements                                                                                             23,179            (10,871)            12,308",Supplementary PPE useful-life class table; consolidated
petrobras,2025,land_gross_derived,1125,BRL,million,consolidated,75,37,https://api.mziq.com/mzfilemanager/v2/d/25fdf098-34f5-4608-b7fa-17d60b2de47d/f0717e7a-c080-fb54-6542-d2c0cb26b269?origin=2,"Buildings and improvements                                                                                             23,179            (10,871)            12,308","Land derived as main table land/buildings/improvements gross minus supplementary buildings/improvements gross; arithmetic reconciliation, not directly disclosed land cell"
