company,year,title,url,file,status
vale,2016,IFRS (BRL) (EN),https://api.mziq.com/mzfilemanager/v2/d/53207d1c-63b4-48f1-96b7-19869fae19fe/172d22c6-df4b-476a-b623-7de0cd723a69?origin=2,/home/luizh/Documents/Codex/2026-10-04/task-5/work/empirical/notes_vale_petrobras/vale_2016.pdf,downloaded
vale,2017,BRGAAP (BRL) (EN),https://api.mziq.com/mzfilemanager/v2/d/53207d1c-63b4-48f1-96b7-19869fae19fe/2709c3ee-463a-4f49-852e-9f73faf5b0ea?origin=2,/home/luizh/Documents/Codex/2026-10-04/task-5/work/empirical/notes_vale_petrobras/vale_2017.pdf,downloaded
vale,2018,BRGAAP (BRL) (EN),https://api.mziq.com/mzfilemanager/v2/d/53207d1c-63b4-48f1-96b7-19869fae19fe/9907537c-4211-4b50-91b1-2f80fdb10196?origin=2,/home/luizh/Documents/Codex/2026-10-04/task-5/work/empirical/notes_vale_petrobras/vale_2018.pdf,downloaded
vale,2019,BRGAAP (BRL) (EN),https://api.mziq.com/mzfilemanager/v2/d/53207d1c-63b4-48f1-96b7-19869fae19fe/84951752-d83d-41cd-b115-4fd7b738bae1?origin=2,/home/luizh/Documents/Codex/2026-10-04/task-5/work/empirical/notes_vale_petrobras/vale_2019.pdf,downloaded
vale,2020,BRGAAP (BRL) (EN),https://api.mziq.com/mzfilemanager/v2/d/53207d1c-63b4-48f1-96b7-19869fae19fe/bcfa1e1d-2d80-4546-82c8-80f74dee7977?origin=2,/home/luizh/Documents/Codex/2026-10-04/task-5/work/empirical/notes_vale_petrobras/vale_2020.pdf,downloaded
vale,2021,BRGAAP 4Q21,https://api.mziq.com/mzfilemanager/v2/d/53207d1c-63b4-48f1-96b7-19869fae19fe/cea5c27d-00e1-fa3b-a62c-57440b5bab0a?origin=2,/home/luizh/Documents/Codex/2026-10-04/task-5/work/empirical/notes_vale_petrobras/vale_2021.pdf,downloaded
vale,2022,BRGAAP 4Q22,https://api.mziq.com/mzfilemanager/v2/d/53207d1c-63b4-48f1-96b7-19869fae19fe/1cd0e346-58b0-7345-49a9-0bafb9bb4e20?origin=2,/home/luizh/Documents/Codex/2026-10-04/task-5/work/empirical/notes_vale_petrobras/vale_2022.pdf,downloaded
vale,2023,2023 Financial Statements - BRGAAP,https://api.mziq.com/mzfilemanager/v2/d/53207d1c-63b4-48f1-96b7-19869fae19fe/17e39185-7be2-1938-06ff-65fcc417faf6?origin=2,/home/luizh/Documents/Codex/2026-10-04/task-5/work/empirical/notes_vale_petrobras/vale_2023.pdf,downloaded
vale,2024,2024 Financial Statements - BRGAAP,https://api.mziq.com/mzfilemanager/v2/d/53207d1c-63b4-48f1-96b7-19869fae19fe/2c40e129-b431-b356-e932-6db7b2d1728a?origin=2,/home/luizh/Documents/Codex/2026-10-04/task-5/work/empirical/notes_vale_petrobras/vale_2024.pdf,downloaded
vale,2025,2025 Financial Statements - BRGAAP,https://api.mziq.com/mzfilemanager/v2/d/53207d1c-63b4-48f1-96b7-19869fae19fe/218604da-30c7-43a2-cfb0-c392dc272c73?origin=2,/home/luizh/Documents/Codex/2026-10-04/task-5/work/empirical/notes_vale_petrobras/vale_2025.pdf,downloaded
petrobras,2016,2016 Financial Statements (Reais),https://api.mziq.com/mzfilemanager/d/25fdf098-34f5-4608-b7fa-17d60b2de47d/3ecfc1de-6dcf-4036-8816-dfeeeb2cadae?origin=2,/home/luizh/Documents/Codex/2026-10-04/task-5/work/empirical/notes_vale_petrobras/petrobras_2016.pdf,downloaded
petrobras,2017,4Q17 Financial Statements (Reais),https://api.mziq.com/mzfilemanager/d/25fdf098-34f5-4608-b7fa-17d60b2de47d/224e7349-8a3a-497a-85c6-eecb67a23abf?origin=2,/home/luizh/Documents/Codex/2026-10-04/task-5/work/empirical/notes_vale_petrobras/petrobras_2017.pdf,downloaded
petrobras,2018,2018 Annual Financial Statements (IFRS in R$),https://api.mziq.com/mzfilemanager/d/25fdf098-34f5-4608-b7fa-17d60b2de47d/a46e1edc-31fc-482d-b30a-29e59fad2085?origin=2,/home/luizh/Documents/Codex/2026-10-04/task-5/work/empirical/notes_vale_petrobras/petrobras_2018.pdf,downloaded
petrobras,2019,4Q19 Financial Statements- R$,https://api.mziq.com/mzfilemanager/d/25fdf098-34f5-4608-b7fa-17d60b2de47d/57e9e799-d8da-47b6-b1d5-8768d05c0392?origin=2,/home/luizh/Documents/Codex/2026-10-04/task-5/work/empirical/notes_vale_petrobras/petrobras_2019.pdf,downloaded
petrobras,2020,Financial Statements 4Q20,https://api.mziq.com/mzfilemanager/v2/d/25fdf098-34f5-4608-b7fa-17d60b2de47d/219e3e62-91f5-595b-cdc7-5dc6ebfdda48?origin=2,/home/luizh/Documents/Codex/2026-10-04/task-5/work/empirical/notes_vale_petrobras/petrobras_2020.pdf,downloaded
petrobras,2021,Financial Statements 2021,https://api.mziq.com/mzfilemanager/v2/d/25fdf098-34f5-4608-b7fa-17d60b2de47d/76896fa7-926a-9e9e-a4f1-81bec55c2e66?origin=2,/home/luizh/Documents/Codex/2026-10-04/task-5/work/empirical/notes_vale_petrobras/petrobras_2021.pdf,downloaded
petrobras,2022,FS Reais Ing,https://api.mziq.com/mzfilemanager/v2/d/25fdf098-34f5-4608-b7fa-17d60b2de47d/8673e5d4-3193-0d7a-c981-b8d63515c3dc?origin=2,/home/luizh/Documents/Codex/2026-10-04/task-5/work/empirical/notes_vale_petrobras/petrobras_2022.pdf,downloaded
petrobras,2023,Financial Statements 2023 (DFPs R$ REAIS),https://api.mziq.com/mzfilemanager/v2/d/25fdf098-34f5-4608-b7fa-17d60b2de47d/c5d1e372-a40e-b153-03a7-6456f09c37a5?origin=2,/home/luizh/Documents/Codex/2026-10-04/task-5/work/empirical/notes_vale_petrobras/petrobras_2023.pdf,downloaded
petrobras,2024,4Q24 Financial Statements in R$,https://api.mziq.com/mzfilemanager/v2/d/25fdf098-34f5-4608-b7fa-17d60b2de47d/8022e72b-cf26-f0f8-592d-771a59efb7d9?origin=2,/home/luizh/Documents/Codex/2026-10-04/task-5/work/empirical/notes_vale_petrobras/petrobras_2024.pdf,downloaded
petrobras,2025,4T25 Financial Statements in R$,https://api.mziq.com/mzfilemanager/v2/d/25fdf098-34f5-4608-b7fa-17d60b2de47d/f0717e7a-c080-fb54-6542-d2c0cb26b269?origin=2,/home/luizh/Documents/Codex/2026-10-04/task-5/work/empirical/notes_vale_petrobras/petrobras_2025.pdf,downloaded
