company,year,currency,unit,scope,AD_owned_nonmineral,Dep_owned_nonmineral,AD_over_Dep,reported_gross_owned_nonmineral_exCIP_exland,gross_missing_reason,reported_land_gross,AD_formula,Dep_formula,AD_pdf_page,AD_table_line,AD_source_row,Dep_pdf_page,Dep_table_line,Dep_source_row,gross_pdf_page,gross_table_line,gross_source_row,source_url,qualification,policy_pdf_page
Vale,2016,BRL,million,"consolidated; all owned non-mineral PPE incl buildings; excludes mineral properties,ROU,CIP",68964,9572,7.204763894692854,181255,,2360,reported total 94012 minus mineral 25048 minus ROU 0,reported PPE DDA total 12338 minus mineral 2766 minus ROU 0,42,55,"Accumulated depreciation                                        -   (19,569)        (20,185)       (16,814)     (25,048)   (12,396)               -    (94,012)",42,44,"Depreciation, amortization and depletion                        -    (1,789)          (2,432)       (3,156)      (2,766)    (2,195)               -    (12,338)",42,54,"Cost                                                       2,360     54,359          51,051         38,955       52,360     36,890          38,653     274,628",https://api.mziq.com/mzfilemanager/v2/d/53207d1c-63b4-48f1-96b7-19869fae19fe/172d22c6-df4b-476a-b623-7de0cd723a69?origin=2,"Report labels stock accumulated depreciation; policy states non-mineral PPE straight-line, land not depreciated. Excludes separately identified mineral depletion and ROU charges. Reported cost is accounting basis after impairment treatment; not reconstructed historical original cost. Ratio is accounting stock/charge, not physical age.",43
Vale,2017,BRL,million,"consolidated; all owned non-mineral PPE incl buildings; excludes mineral properties,ROU,CIP",78693,9225,8.530406504065041,207614,,2375,reported total 106488 minus mineral 27795 minus ROU 0,reported PPE DDA total 11196 minus mineral 1971 minus ROU 0,42,64,"Accumulated depreciation                              -    (23,364)        (21,523)       (19,687)     (27,795)   (14,119)           -       (106,488)",42,58,"Depreciation, amortization and depletion              -     (1,871)         (2,351)        (2,596)      (1,971)    (2,407)           -        (11,196)",42,63,"Cost                                              2,375     63,392          60,509         42,490       57,794     41,223       20,240        288,023",https://api.mziq.com/mzfilemanager/v2/d/53207d1c-63b4-48f1-96b7-19869fae19fe/2709c3ee-463a-4f49-852e-9f73faf5b0ea?origin=2,"Report labels stock accumulated depreciation; policy states non-mineral PPE straight-line, land not depreciated. Excludes separately identified mineral depletion and ROU charges. Reported cost is accounting basis after impairment treatment; not reconstructed historical original cost. Ratio is accounting stock/charge, not physical age.",43
Vale,2018,BRL,million,"consolidated; all owned non-mineral PPE incl buildings; excludes mineral properties,ROU,CIP",93517,9750,9.59148717948718,232488,,2459,reported total 125359 minus mineral 31842 minus ROU 0,reported PPE DDA total 11654 minus mineral 1904 minus ROU 0,47,63,"Accumulated depreciation                                     -      (28,345)    (24,702)       (23,314)     (31,842)   (17,156)            -        (125,359)",47,57,"Depreciation, amortization and depletion                     -       (1,922)     (2,378)        (3,080)      (1,904)    (2,370)            -         (11,654)",47,62,"Cost                                                     2,459       70,779      68,238         48,140       64,773     45,331        13,120         312,840",https://api.mziq.com/mzfilemanager/v2/d/53207d1c-63b4-48f1-96b7-19869fae19fe/9907537c-4211-4b50-91b1-2f80fdb10196?origin=2,"Report labels stock accumulated depreciation; policy states non-mineral PPE straight-line, land not depreciated. Excludes separately identified mineral depletion and ROU charges. Reported cost is accounting basis after impairment treatment; not reconstructed historical original cost. Ratio is accounting stock/charge, not physical age.",48
Vale,2019,BRL,million,"consolidated; all owned non-mineral PPE incl buildings; excludes mineral properties,ROU,CIP",109518,10709,10.226725184424316,236609,,2881,reported total 148828 minus mineral 38552 minus ROU 758,reported PPE DDA total 13845 minus mineral 2378 minus ROU 758,49,68,"Accumulated depreciation                                    -       (33,325)   (30,495)     (24,466)     (38,552)       (758)    (21,232)              -       (148,828)",49,61,"Depreciation, amortization and depletion                    -        (2,027)    (2,628)      (3,417)      (2,378)       (758)     (2,637)              -        (13,845)",49,67,"Cost                                                    2,881        73,581     69,208       47,387       71,854       7,577      46,433          17,640        336,561",https://api.mziq.com/mzfilemanager/v2/d/53207d1c-63b4-48f1-96b7-19869fae19fe/84951752-d83d-41cd-b115-4fd7b738bae1?origin=2,"Report labels stock accumulated depreciation; policy states non-mineral PPE straight-line, land not depreciated. Excludes separately identified mineral depletion and ROU charges. Reported cost is accounting basis after impairment treatment; not reconstructed historical original cost. Ratio is accounting stock/charge, not physical age.",50
Vale,2020,BRL,million,"consolidated; all owned non-mineral PPE incl buildings; excludes mineral properties,ROU,CIP",109745,10780,10.180426716141001,,land combined with buildings; no land-only gross disclosure established,,reported total 158703 minus mineral 46863 minus ROU 2095,reported PPE DDA total 13999 minus mineral 2344 minus ROU 875,43,37,"Accumulated depreciation                               (34,007)     (21,302)    (29,863)     (46,863)    (6,914)    (2,095)   (17,659)              -    (158,703)",43,30,"Depreciation, depletion and amortization                (2,245)      (2,384)     (3,726)      (2,344)      (936)      (875)    (1,489)              -     (13,999)",,,,https://api.mziq.com/mzfilemanager/v2/d/53207d1c-63b4-48f1-96b7-19869fae19fe/bcfa1e1d-2d80-4546-82c8-80f74dee7977?origin=2,"Report labels stock accumulated depreciation; policy states non-mineral PPE straight-line, land not depreciated. Excludes separately identified mineral depletion and ROU charges. Reported cost is accounting basis after impairment treatment; not reconstructed historical original cost. Ratio is accounting stock/charge, not physical age.",44
Vale,2021,BRL,million,"consolidated; all owned non-mineral PPE incl buildings; excludes mineral properties,ROU,CIP",120116,10829,11.092067596269278,,land combined with buildings; no land-only gross disclosure established,,reported total 174643 minus mineral 51866 minus ROU 2661,reported PPE DDA total 14212 minus mineral 2445 minus ROU 938,46,37,"Accumulated depreciation                              (37,950)       (24,151)      (33,636)   (51,866)   (7,717)     (2,661)    (16,662)              -    (174,643)",46,28,"Depreciation, depletion and amortization               (2,355)        (2,562)       (3,587)    (2,445)     (890)       (938)     (1,435)              -     (14,212)",,,,https://api.mziq.com/mzfilemanager/v2/d/53207d1c-63b4-48f1-96b7-19869fae19fe/cea5c27d-00e1-fa3b-a62c-57440b5bab0a?origin=2,"Report labels stock accumulated depreciation; policy states non-mineral PPE straight-line, land not depreciated. Excludes separately identified mineral depletion and ROU charges. Reported cost is accounting basis after impairment treatment; not reconstructed historical original cost. Ratio is accounting stock/charge, not physical age.",47
Vale,2022,BRL,million,"consolidated; all owned non-mineral PPE incl buildings; excludes mineral properties,ROU,CIP",122327,10564,11.579609996213556,,land combined with buildings; no land-only gross disclosure established,,reported total 174285 minus mineral 48490 minus ROU 3468,reported PPE DDA total 13754 minus mineral 2239 minus ROU 951,52,54,"Accumulated depreciation                                   (37,118) (24,924)          (34,766)     (48,490)   (8,473) (3,468) (17,046)               (174,285)",52,47,"Depreciation, depletion and amortization                    (2,107)   (2,466)           (3,616)     (2,239)     (822) (951) (1,553)                - (13,754)",,,,https://api.mziq.com/mzfilemanager/v2/d/53207d1c-63b4-48f1-96b7-19869fae19fe/1cd0e346-58b0-7345-49a9-0bafb9bb4e20?origin=2,"Report labels stock accumulated depreciation; policy states non-mineral PPE straight-line, land not depreciated. Excludes separately identified mineral depletion and ROU charges. Reported cost is accounting basis after impairment treatment; not reconstructed historical original cost. Ratio is accounting stock/charge, not physical age.",53
Vale,2023,BRL,million,"consolidated; all owned non-mineral PPE incl buildings; excludes mineral properties,ROU,CIP",113707,11011,10.326673326673326,,land combined with buildings; no land-only gross disclosure established,,reported total 160122 minus mineral 42304 minus ROU 4111,reported PPE DDA total 14196 minus mineral 2235 minus ROU 950,54,36,"Accumulated depreciation                                   (35,158)   (27,201)        (28,449)   (42,304)     (8,826) (4,111) (14,073)                 (160,122)",54,30,"Depreciation, depletion and amortization               (2,307)    (2,578)      (3,676)     (2,235)        (837) (950) (1,613)                  - (14,196)",,,,https://api.mziq.com/mzfilemanager/v2/d/53207d1c-63b4-48f1-96b7-19869fae19fe/17e39185-7be2-1938-06ff-65fcc417faf6?origin=2,"Report labels stock accumulated depreciation; policy states non-mineral PPE straight-line, land not depreciated. Excludes separately identified mineral depletion and ROU charges. Reported cost is accounting basis after impairment treatment; not reconstructed historical original cost. Ratio is accounting stock/charge, not physical age.",55
Vale,2024,BRL,million,"consolidated; all owned non-mineral PPE incl buildings; excludes mineral properties,ROU,CIP",135441,11586,11.690056965302952,,land combined with buildings; no land-only gross disclosure established,,reported total 190672 minus mineral 50578 minus ROU 4653,reported PPE DDA total 15183 minus mineral 2578 minus ROU 1019,56,42,"Accumulated depreciation                          (40,934)      (33,777)     (34,948)     (50,578)          (9,627)     (4,653)      (16,155)                  - (190,672)",56,32,"Depreciation, depletion and                                                    (2,354)       (2,950)      (3,724)      (2,578)            (821)     (1,019)       (1,737)                   -    (15,183)",,,,https://api.mziq.com/mzfilemanager/v2/d/53207d1c-63b4-48f1-96b7-19869fae19fe/2c40e129-b431-b356-e932-6db7b2d1728a?origin=2,"Report labels stock accumulated depreciation; policy states non-mineral PPE straight-line, land not depreciated. Excludes separately identified mineral depletion and ROU charges. Reported cost is accounting basis after impairment treatment; not reconstructed historical original cost. Ratio is accounting stock/charge, not physical age.",57
Vale,2025,BRL,million,"consolidated; all owned non-mineral PPE incl buildings; excludes mineral properties,ROU,CIP",139662,12844,10.873715353472438,,land combined with buildings; no land-only gross disclosure established,,reported total 204555 minus mineral 59673 minus ROU 5220,reported PPE DDA total 16245 minus mineral 2627 minus ROU 774,35,52,"Accumulated depreciation                 (41,875)   (33,873)        (35,840)   (59,673)   (10,227)   (5,220) (17,847)                –    (204,555)",35,40,"Depreciation, depletion and                                            (2,673)    (3,363)         (3,578)    (2,627)     (880)     (774)    (2,350)               –     (16,245)",,,,https://api.mziq.com/mzfilemanager/v2/d/53207d1c-63b4-48f1-96b7-19869fae19fe/218604da-30c7-43a2-cfb0-c392dc272c73?origin=2,"Report labels stock accumulated depreciation; policy states non-mineral PPE straight-line, land not depreciated. Excludes separately identified mineral depletion and ROU charges. Reported cost is accounting basis after impairment treatment; not reconstructed historical original cost. Ratio is accounting stock/charge, not physical age.",37
