company,year,metric,value,currency,units,scope,source_year,pdf_page,source_url,local_pdf,status,comment
unigel,2024,cost_net_impairment,4115049,BRL,thousands,consolidated,2024,58,https://www.rad.cvm.gov.br/ENETWeb/frmDownloadDocumento.aspx?Tela=ext&descTipo=IPE&CodigoInstituicao=1&numProtocolo=1358717&numSequencia=883443&numVersao=4,unigel_cvm_2024_v4.pdf,verified_note,gross_ppe=cost_table_total+impairment; depreciable_gross=gross_ppe-land-construction_in_progress-supplier_advances. PPE excludes separately presented right-of-use assets.
unigel,2024,impairment,655313,BRL,thousands,consolidated,2024,58,https://www.rad.cvm.gov.br/ENETWeb/frmDownloadDocumento.aspx?Tela=ext&descTipo=IPE&CodigoInstituicao=1&numProtocolo=1358717&numSequencia=883443&numVersao=4,unigel_cvm_2024_v4.pdf,verified_note,gross_ppe=cost_table_total+impairment; depreciable_gross=gross_ppe-land-construction_in_progress-supplier_advances. PPE excludes separately presented right-of-use assets.
unigel,2024,gross_ppe,4770362,BRL,thousands,consolidated,2024,58,https://www.rad.cvm.gov.br/ENETWeb/frmDownloadDocumento.aspx?Tela=ext&descTipo=IPE&CodigoInstituicao=1&numProtocolo=1358717&numSequencia=883443&numVersao=4,unigel_cvm_2024_v4.pdf,verified_note,gross_ppe=cost_table_total+impairment; depreciable_gross=gross_ppe-land-construction_in_progress-supplier_advances. PPE excludes separately presented right-of-use assets.
unigel,2024,land,105932,BRL,thousands,consolidated,2024,58,https://www.rad.cvm.gov.br/ENETWeb/frmDownloadDocumento.aspx?Tela=ext&descTipo=IPE&CodigoInstituicao=1&numProtocolo=1358717&numSequencia=883443&numVersao=4,unigel_cvm_2024_v4.pdf,verified_note,gross_ppe=cost_table_total+impairment; depreciable_gross=gross_ppe-land-construction_in_progress-supplier_advances. PPE excludes separately presented right-of-use assets.
unigel,2024,construction_in_progress,1086602,BRL,thousands,consolidated,2024,58,https://www.rad.cvm.gov.br/ENETWeb/frmDownloadDocumento.aspx?Tela=ext&descTipo=IPE&CodigoInstituicao=1&numProtocolo=1358717&numSequencia=883443&numVersao=4,unigel_cvm_2024_v4.pdf,verified_note,gross_ppe=cost_table_total+impairment; depreciable_gross=gross_ppe-land-construction_in_progress-supplier_advances. PPE excludes separately presented right-of-use assets.
unigel,2024,supplier_advances,166607,BRL,thousands,consolidated,2024,58,https://www.rad.cvm.gov.br/ENETWeb/frmDownloadDocumento.aspx?Tela=ext&descTipo=IPE&CodigoInstituicao=1&numProtocolo=1358717&numSequencia=883443&numVersao=4,unigel_cvm_2024_v4.pdf,verified_note,gross_ppe=cost_table_total+impairment; depreciable_gross=gross_ppe-land-construction_in_progress-supplier_advances. PPE excludes separately presented right-of-use assets.
unigel,2024,depreciable_gross,3411221,BRL,thousands,consolidated,2024,58,https://www.rad.cvm.gov.br/ENETWeb/frmDownloadDocumento.aspx?Tela=ext&descTipo=IPE&CodigoInstituicao=1&numProtocolo=1358717&numSequencia=883443&numVersao=4,unigel_cvm_2024_v4.pdf,verified_note,gross_ppe=cost_table_total+impairment; depreciable_gross=gross_ppe-land-construction_in_progress-supplier_advances. PPE excludes separately presented right-of-use assets.
unigel,2024,accumulated_depreciation,1887204,BRL,thousands,consolidated,2024,59,https://www.rad.cvm.gov.br/ENETWeb/frmDownloadDocumento.aspx?Tela=ext&descTipo=IPE&CodigoInstituicao=1&numProtocolo=1358717&numSequencia=883443&numVersao=4,unigel_cvm_2024_v4.pdf,verified_note,Annual depreciation is total additions in accumulated-depreciation movement; intangible amortization excluded.
unigel,2024,annual_ppe_depreciation,120876,BRL,thousands,consolidated,2024,59,https://www.rad.cvm.gov.br/ENETWeb/frmDownloadDocumento.aspx?Tela=ext&descTipo=IPE&CodigoInstituicao=1&numProtocolo=1358717&numSequencia=883443&numVersao=4,unigel_cvm_2024_v4.pdf,verified_note,Annual depreciation is total additions in accumulated-depreciation movement; intangible amortization excluded.
unigel,2023,cost_net_impairment,3875428,BRL,thousands,consolidated,2024,58,https://www.rad.cvm.gov.br/ENETWeb/frmDownloadDocumento.aspx?Tela=ext&descTipo=IPE&CodigoInstituicao=1&numProtocolo=1358717&numSequencia=883443&numVersao=4,unigel_cvm_2024_v4.pdf,verified_note,
unigel,2023,impairment,593611,BRL,thousands,consolidated,2024,58,https://www.rad.cvm.gov.br/ENETWeb/frmDownloadDocumento.aspx?Tela=ext&descTipo=IPE&CodigoInstituicao=1&numProtocolo=1358717&numSequencia=883443&numVersao=4,unigel_cvm_2024_v4.pdf,verified_note,
unigel,2023,gross_ppe,4469039,BRL,thousands,consolidated,2024,58,https://www.rad.cvm.gov.br/ENETWeb/frmDownloadDocumento.aspx?Tela=ext&descTipo=IPE&CodigoInstituicao=1&numProtocolo=1358717&numSequencia=883443&numVersao=4,unigel_cvm_2024_v4.pdf,verified_note,
unigel,2023,land,105440,BRL,thousands,consolidated,2024,58,https://www.rad.cvm.gov.br/ENETWeb/frmDownloadDocumento.aspx?Tela=ext&descTipo=IPE&CodigoInstituicao=1&numProtocolo=1358717&numSequencia=883443&numVersao=4,unigel_cvm_2024_v4.pdf,verified_note,
unigel,2023,construction_in_progress,906821,BRL,thousands,consolidated,2024,58,https://www.rad.cvm.gov.br/ENETWeb/frmDownloadDocumento.aspx?Tela=ext&descTipo=IPE&CodigoInstituicao=1&numProtocolo=1358717&numSequencia=883443&numVersao=4,unigel_cvm_2024_v4.pdf,verified_note,
unigel,2023,supplier_advances,169843,BRL,thousands,consolidated,2024,58,https://www.rad.cvm.gov.br/ENETWeb/frmDownloadDocumento.aspx?Tela=ext&descTipo=IPE&CodigoInstituicao=1&numProtocolo=1358717&numSequencia=883443&numVersao=4,unigel_cvm_2024_v4.pdf,verified_note,
unigel,2023,depreciable_gross,3286935,BRL,thousands,consolidated,2024,58,https://www.rad.cvm.gov.br/ENETWeb/frmDownloadDocumento.aspx?Tela=ext&descTipo=IPE&CodigoInstituicao=1&numProtocolo=1358717&numSequencia=883443&numVersao=4,unigel_cvm_2024_v4.pdf,verified_note,
unigel,2023,accumulated_depreciation,1772901,BRL,thousands,consolidated,2024,59,https://www.rad.cvm.gov.br/ENETWeb/frmDownloadDocumento.aspx?Tela=ext&descTipo=IPE&CodigoInstituicao=1&numProtocolo=1358717&numSequencia=883443&numVersao=4,unigel_cvm_2024_v4.pdf,verified_note,
unigel,2023,annual_ppe_depreciation,189542,BRL,thousands,consolidated,2024,59,https://www.rad.cvm.gov.br/ENETWeb/frmDownloadDocumento.aspx?Tela=ext&descTipo=IPE&CodigoInstituicao=1&numProtocolo=1358717&numSequencia=883443&numVersao=4,unigel_cvm_2024_v4.pdf,verified_note,
unigel,2022,gross_ppe,4332339,BRL,thousands,consolidated,2022,53,https://ri.unigel.com.br/documents/demonstracoes-financeiras/2022/Demonstra%C3%A7%C3%B5es%20Financeiras%202022%20%5B5e5ce50b%5D.pdf,unigel_2022.pdf,verified_note,
unigel,2022,impairment,14604,BRL,thousands,consolidated,2022,53,https://ri.unigel.com.br/documents/demonstracoes-financeiras/2022/Demonstra%C3%A7%C3%B5es%20Financeiras%202022%20%5B5e5ce50b%5D.pdf,unigel_2022.pdf,verified_note,
unigel,2022,land,114353,BRL,thousands,consolidated,2022,53,https://ri.unigel.com.br/documents/demonstracoes-financeiras/2022/Demonstra%C3%A7%C3%B5es%20Financeiras%202022%20%5B5e5ce50b%5D.pdf,unigel_2022.pdf,verified_note,
unigel,2022,construction_in_progress,562837,BRL,thousands,consolidated,2022,53,https://ri.unigel.com.br/documents/demonstracoes-financeiras/2022/Demonstra%C3%A7%C3%B5es%20Financeiras%202022%20%5B5e5ce50b%5D.pdf,unigel_2022.pdf,verified_note,
unigel,2022,supplier_advances,206802,BRL,thousands,consolidated,2022,53,https://ri.unigel.com.br/documents/demonstracoes-financeiras/2022/Demonstra%C3%A7%C3%B5es%20Financeiras%202022%20%5B5e5ce50b%5D.pdf,unigel_2022.pdf,verified_note,
unigel,2022,depreciable_gross,3448347,BRL,thousands,consolidated,2022,53,https://ri.unigel.com.br/documents/demonstracoes-financeiras/2022/Demonstra%C3%A7%C3%B5es%20Financeiras%202022%20%5B5e5ce50b%5D.pdf,unigel_2022.pdf,verified_note,
unigel,2022,accumulated_depreciation,1740970,BRL,thousands,consolidated,2022,53,https://ri.unigel.com.br/documents/demonstracoes-financeiras/2022/Demonstra%C3%A7%C3%B5es%20Financeiras%202022%20%5B5e5ce50b%5D.pdf,unigel_2022.pdf,verified_note,
unigel,2022,annual_ppe_depreciation,177685,BRL,thousands,consolidated,2022,53,https://ri.unigel.com.br/documents/demonstracoes-financeiras/2022/Demonstra%C3%A7%C3%B5es%20Financeiras%202022%20%5B5e5ce50b%5D.pdf,unigel_2022.pdf,verified_note,
unigel,2021,gross_ppe,3746826,BRL,thousands,consolidated,2022,53,https://ri.unigel.com.br/documents/demonstracoes-financeiras/2022/Demonstra%C3%A7%C3%B5es%20Financeiras%202022%20%5B5e5ce50b%5D.pdf,unigel_2022.pdf,verified_note,
unigel,2021,impairment,36813,BRL,thousands,consolidated,2022,53,https://ri.unigel.com.br/documents/demonstracoes-financeiras/2022/Demonstra%C3%A7%C3%B5es%20Financeiras%202022%20%5B5e5ce50b%5D.pdf,unigel_2022.pdf,verified_note,
unigel,2021,land,115095,BRL,thousands,consolidated,2022,53,https://ri.unigel.com.br/documents/demonstracoes-financeiras/2022/Demonstra%C3%A7%C3%B5es%20Financeiras%202022%20%5B5e5ce50b%5D.pdf,unigel_2022.pdf,verified_note,
unigel,2021,construction_in_progress,164509,BRL,thousands,consolidated,2022,53,https://ri.unigel.com.br/documents/demonstracoes-financeiras/2022/Demonstra%C3%A7%C3%B5es%20Financeiras%202022%20%5B5e5ce50b%5D.pdf,unigel_2022.pdf,verified_note,
unigel,2021,supplier_advances,17091,BRL,thousands,consolidated,2022,53,https://ri.unigel.com.br/documents/demonstracoes-financeiras/2022/Demonstra%C3%A7%C3%B5es%20Financeiras%202022%20%5B5e5ce50b%5D.pdf,unigel_2022.pdf,verified_note,
unigel,2021,depreciable_gross,3450131,BRL,thousands,consolidated,2022,53,https://ri.unigel.com.br/documents/demonstracoes-financeiras/2022/Demonstra%C3%A7%C3%B5es%20Financeiras%202022%20%5B5e5ce50b%5D.pdf,unigel_2022.pdf,verified_note,
unigel,2021,accumulated_depreciation,1794269,BRL,thousands,consolidated,2022,53,https://ri.unigel.com.br/documents/demonstracoes-financeiras/2022/Demonstra%C3%A7%C3%B5es%20Financeiras%202022%20%5B5e5ce50b%5D.pdf,unigel_2022.pdf,verified_note,
unigel,2021,annual_ppe_depreciation,146616,BRL,thousands,consolidated,2022,53,https://ri.unigel.com.br/documents/demonstracoes-financeiras/2022/Demonstra%C3%A7%C3%B5es%20Financeiras%202022%20%5B5e5ce50b%5D.pdf,unigel_2022.pdf,verified_note,
unigel,2020,gross_ppe,2985955,BRL,thousands,consolidated,2021,66,https://ri.unigel.com.br/documents/demonstracoes-financeiras/2021/Demonstra%C3%A7%C3%B5es%20Financeiras%202021%20%5B47f5ebc5%5D.pdf,unigel_2021.pdf,verified_note,
unigel,2020,land,114308,BRL,thousands,consolidated,2021,66,https://ri.unigel.com.br/documents/demonstracoes-financeiras/2021/Demonstra%C3%A7%C3%B5es%20Financeiras%202021%20%5B47f5ebc5%5D.pdf,unigel_2021.pdf,verified_note,
unigel,2020,construction_in_progress,269900,BRL,thousands,consolidated,2021,66,https://ri.unigel.com.br/documents/demonstracoes-financeiras/2021/Demonstra%C3%A7%C3%B5es%20Financeiras%202021%20%5B47f5ebc5%5D.pdf,unigel_2021.pdf,verified_note,
unigel,2020,supplier_advances,4001,BRL,thousands,consolidated,2021,66,https://ri.unigel.com.br/documents/demonstracoes-financeiras/2021/Demonstra%C3%A7%C3%B5es%20Financeiras%202021%20%5B47f5ebc5%5D.pdf,unigel_2021.pdf,verified_note,
unigel,2020,depreciable_gross,2597746,BRL,thousands,consolidated,2021,66,https://ri.unigel.com.br/documents/demonstracoes-financeiras/2021/Demonstra%C3%A7%C3%B5es%20Financeiras%202021%20%5B47f5ebc5%5D.pdf,unigel_2021.pdf,verified_note,
unigel,2020,accumulated_depreciation,1636638,BRL,thousands,consolidated,2021,67,https://ri.unigel.com.br/documents/demonstracoes-financeiras/2021/Demonstra%C3%A7%C3%B5es%20Financeiras%202021%20%5B47f5ebc5%5D.pdf,unigel_2021.pdf,verified_note,
unigel,2020,annual_ppe_depreciation,93843,BRL,thousands,consolidated,2021,67,https://ri.unigel.com.br/documents/demonstracoes-financeiras/2021/Demonstra%C3%A7%C3%B5es%20Financeiras%202021%20%5B47f5ebc5%5D.pdf,unigel_2021.pdf,verified_note,
unigel,2019,gross_ppe,2687157,BRL,thousands,consolidated,2019,75,https://www.rad.cvm.gov.br/ENETWeb/frmDownloadDocumento.aspx?Tela=ext&descTipo=IPE&CodigoInstituicao=1&numProtocolo=892165&numSequencia=416899&numVersao=1,unigel_cvm_2019_v1.pdf,verified_note,2019 later comparative differs by BRLthousand1 due rounding; retain source version consistently.
unigel,2019,land,111923,BRL,thousands,consolidated,2019,75,https://www.rad.cvm.gov.br/ENETWeb/frmDownloadDocumento.aspx?Tela=ext&descTipo=IPE&CodigoInstituicao=1&numProtocolo=892165&numSequencia=416899&numVersao=1,unigel_cvm_2019_v1.pdf,verified_note,2019 later comparative differs by BRLthousand1 due rounding; retain source version consistently.
unigel,2019,construction_in_progress,193802,BRL,thousands,consolidated,2019,75,https://www.rad.cvm.gov.br/ENETWeb/frmDownloadDocumento.aspx?Tela=ext&descTipo=IPE&CodigoInstituicao=1&numProtocolo=892165&numSequencia=416899&numVersao=1,unigel_cvm_2019_v1.pdf,verified_note,2019 later comparative differs by BRLthousand1 due rounding; retain source version consistently.
unigel,2019,supplier_advances,4881,BRL,thousands,consolidated,2019,75,https://www.rad.cvm.gov.br/ENETWeb/frmDownloadDocumento.aspx?Tela=ext&descTipo=IPE&CodigoInstituicao=1&numProtocolo=892165&numSequencia=416899&numVersao=1,unigel_cvm_2019_v1.pdf,verified_note,2019 later comparative differs by BRLthousand1 due rounding; retain source version consistently.
unigel,2019,depreciable_gross,2376551,BRL,thousands,consolidated,2019,75,https://www.rad.cvm.gov.br/ENETWeb/frmDownloadDocumento.aspx?Tela=ext&descTipo=IPE&CodigoInstituicao=1&numProtocolo=892165&numSequencia=416899&numVersao=1,unigel_cvm_2019_v1.pdf,verified_note,2019 later comparative differs by BRLthousand1 due rounding; retain source version consistently.
unigel,2019,accumulated_depreciation,1510047,BRL,thousands,consolidated,2019,75,https://www.rad.cvm.gov.br/ENETWeb/frmDownloadDocumento.aspx?Tela=ext&descTipo=IPE&CodigoInstituicao=1&numProtocolo=892165&numSequencia=416899&numVersao=1,unigel_cvm_2019_v1.pdf,verified_note,2019 later comparative differs by BRLthousand1 due rounding; retain source version consistently.
unigel,2019,annual_ppe_depreciation,125506,BRL,thousands,consolidated,2019,75,https://www.rad.cvm.gov.br/ENETWeb/frmDownloadDocumento.aspx?Tela=ext&descTipo=IPE&CodigoInstituicao=1&numProtocolo=892165&numSequencia=416899&numVersao=1,unigel_cvm_2019_v1.pdf,verified_note,2019 later comparative differs by BRLthousand1 due rounding; retain source version consistently.
unigel,2018,gross_ppe,2542810,BRL,thousands,consolidated,2019,75,https://www.rad.cvm.gov.br/ENETWeb/frmDownloadDocumento.aspx?Tela=ext&descTipo=IPE&CodigoInstituicao=1&numProtocolo=892165&numSequencia=416899&numVersao=1,unigel_cvm_2019_v1.pdf,verified_note,2019 statement comparative differs materially from original2018 statement. This row uses later2019 comparative consistently; do not silently mix original2018 basis.
unigel,2018,land,113321,BRL,thousands,consolidated,2019,75,https://www.rad.cvm.gov.br/ENETWeb/frmDownloadDocumento.aspx?Tela=ext&descTipo=IPE&CodigoInstituicao=1&numProtocolo=892165&numSequencia=416899&numVersao=1,unigel_cvm_2019_v1.pdf,verified_note,2019 statement comparative differs materially from original2018 statement. This row uses later2019 comparative consistently; do not silently mix original2018 basis.
unigel,2018,construction_in_progress,177779,BRL,thousands,consolidated,2019,75,https://www.rad.cvm.gov.br/ENETWeb/frmDownloadDocumento.aspx?Tela=ext&descTipo=IPE&CodigoInstituicao=1&numProtocolo=892165&numSequencia=416899&numVersao=1,unigel_cvm_2019_v1.pdf,verified_note,2019 statement comparative differs materially from original2018 statement. This row uses later2019 comparative consistently; do not silently mix original2018 basis.
unigel,2018,supplier_advances,1136,BRL,thousands,consolidated,2019,75,https://www.rad.cvm.gov.br/ENETWeb/frmDownloadDocumento.aspx?Tela=ext&descTipo=IPE&CodigoInstituicao=1&numProtocolo=892165&numSequencia=416899&numVersao=1,unigel_cvm_2019_v1.pdf,verified_note,2019 statement comparative differs materially from original2018 statement. This row uses later2019 comparative consistently; do not silently mix original2018 basis.
unigel,2018,depreciable_gross,2250574,BRL,thousands,consolidated,2019,75,https://www.rad.cvm.gov.br/ENETWeb/frmDownloadDocumento.aspx?Tela=ext&descTipo=IPE&CodigoInstituicao=1&numProtocolo=892165&numSequencia=416899&numVersao=1,unigel_cvm_2019_v1.pdf,verified_note,2019 statement comparative differs materially from original2018 statement. This row uses later2019 comparative consistently; do not silently mix original2018 basis.
unigel,2018,accumulated_depreciation,1397581,BRL,thousands,consolidated,2019,75,https://www.rad.cvm.gov.br/ENETWeb/frmDownloadDocumento.aspx?Tela=ext&descTipo=IPE&CodigoInstituicao=1&numProtocolo=892165&numSequencia=416899&numVersao=1,unigel_cvm_2019_v1.pdf,verified_note,2019 statement comparative differs materially from original2018 statement. This row uses later2019 comparative consistently; do not silently mix original2018 basis.
unigel,2018,annual_ppe_depreciation,119936,BRL,thousands,consolidated,2019,75,https://www.rad.cvm.gov.br/ENETWeb/frmDownloadDocumento.aspx?Tela=ext&descTipo=IPE&CodigoInstituicao=1&numProtocolo=892165&numSequencia=416899&numVersao=1,unigel_cvm_2019_v1.pdf,verified_note,2019 statement comparative differs materially from original2018 statement. This row uses later2019 comparative consistently; do not silently mix original2018 basis.
unigel,2017,gross_ppe,2273615,BRL,thousands,consolidated,2018,71,https://www.rad.cvm.gov.br/ENETWeb/frmDownloadDocumento.aspx?Tela=ext&descTipo=IPE&CodigoInstituicao=1&numProtocolo=892164&numSequencia=416898&numVersao=1,unigel_cvm_2018_v1.pdf,verified_original_comparative,"All2017 PPE cells coherent within officialCVM2018v1 note12. Later2019 restated/changed comparative differs; retain source-version boundary explicitly, no silent mixing."
unigel,2017,land,111909,BRL,thousands,consolidated,2018,71,https://www.rad.cvm.gov.br/ENETWeb/frmDownloadDocumento.aspx?Tela=ext&descTipo=IPE&CodigoInstituicao=1&numProtocolo=892164&numSequencia=416898&numVersao=1,unigel_cvm_2018_v1.pdf,verified_original_comparative,"All2017 PPE cells coherent within officialCVM2018v1 note12. Later2019 restated/changed comparative differs; retain source-version boundary explicitly, no silent mixing."
unigel,2017,construction_in_progress,195881,BRL,thousands,consolidated,2018,71,https://www.rad.cvm.gov.br/ENETWeb/frmDownloadDocumento.aspx?Tela=ext&descTipo=IPE&CodigoInstituicao=1&numProtocolo=892164&numSequencia=416898&numVersao=1,unigel_cvm_2018_v1.pdf,verified_original_comparative,"All2017 PPE cells coherent within officialCVM2018v1 note12. Later2019 restated/changed comparative differs; retain source-version boundary explicitly, no silent mixing."
unigel,2017,supplier_advances,2288,BRL,thousands,consolidated,2018,71,https://www.rad.cvm.gov.br/ENETWeb/frmDownloadDocumento.aspx?Tela=ext&descTipo=IPE&CodigoInstituicao=1&numProtocolo=892164&numSequencia=416898&numVersao=1,unigel_cvm_2018_v1.pdf,verified_original_comparative,"All2017 PPE cells coherent within officialCVM2018v1 note12. Later2019 restated/changed comparative differs; retain source-version boundary explicitly, no silent mixing."
unigel,2017,depreciable_gross,1963537,BRL,thousands,consolidated,2018,71,https://www.rad.cvm.gov.br/ENETWeb/frmDownloadDocumento.aspx?Tela=ext&descTipo=IPE&CodigoInstituicao=1&numProtocolo=892164&numSequencia=416898&numVersao=1,unigel_cvm_2018_v1.pdf,verified_original_comparative,"All2017 PPE cells coherent within officialCVM2018v1 note12. Later2019 restated/changed comparative differs; retain source-version boundary explicitly, no silent mixing."
unigel,2017,accumulated_depreciation,1196988,BRL,thousands,consolidated,2018,71,https://www.rad.cvm.gov.br/ENETWeb/frmDownloadDocumento.aspx?Tela=ext&descTipo=IPE&CodigoInstituicao=1&numProtocolo=892164&numSequencia=416898&numVersao=1,unigel_cvm_2018_v1.pdf,verified_original_comparative,"All2017 PPE cells coherent within officialCVM2018v1 note12. Later2019 restated/changed comparative differs; retain source-version boundary explicitly, no silent mixing."
unigel,2017,annual_ppe_depreciation,99396,BRL,thousands,consolidated,2018,71,https://www.rad.cvm.gov.br/ENETWeb/frmDownloadDocumento.aspx?Tela=ext&descTipo=IPE&CodigoInstituicao=1&numProtocolo=892164&numSequencia=416898&numVersao=1,unigel_cvm_2018_v1.pdf,verified_original_comparative,"All2017 PPE cells coherent within officialCVM2018v1 note12. Later2019 restated/changed comparative differs; retain source-version boundary explicitly, no silent mixing."
unigel,2016,gross_ppe,2285011,BRL,thousands,consolidated,2018,71,https://www.rad.cvm.gov.br/ENETWeb/frmDownloadDocumento.aspx?Tela=ext&descTipo=IPE&CodigoInstituicao=1&numProtocolo=892164&numSequencia=416898&numVersao=1,unigel_cvm_2018_v1.pdf,annual_depreciation_missing,"Opening comparative stock exists, but no2016 annual depreciation in2018 note; cannot calculate annual panel."
unigel,2016,land,112266,BRL,thousands,consolidated,2018,71,https://www.rad.cvm.gov.br/ENETWeb/frmDownloadDocumento.aspx?Tela=ext&descTipo=IPE&CodigoInstituicao=1&numProtocolo=892164&numSequencia=416898&numVersao=1,unigel_cvm_2018_v1.pdf,annual_depreciation_missing,"Opening comparative stock exists, but no2016 annual depreciation in2018 note; cannot calculate annual panel."
unigel,2016,construction_in_progress,173118,BRL,thousands,consolidated,2018,71,https://www.rad.cvm.gov.br/ENETWeb/frmDownloadDocumento.aspx?Tela=ext&descTipo=IPE&CodigoInstituicao=1&numProtocolo=892164&numSequencia=416898&numVersao=1,unigel_cvm_2018_v1.pdf,annual_depreciation_missing,"Opening comparative stock exists, but no2016 annual depreciation in2018 note; cannot calculate annual panel."
unigel,2016,supplier_advances,6629,BRL,thousands,consolidated,2018,71,https://www.rad.cvm.gov.br/ENETWeb/frmDownloadDocumento.aspx?Tela=ext&descTipo=IPE&CodigoInstituicao=1&numProtocolo=892164&numSequencia=416898&numVersao=1,unigel_cvm_2018_v1.pdf,annual_depreciation_missing,"Opening comparative stock exists, but no2016 annual depreciation in2018 note; cannot calculate annual panel."
unigel,2016,depreciable_gross,1992998,BRL,thousands,consolidated,2018,71,https://www.rad.cvm.gov.br/ENETWeb/frmDownloadDocumento.aspx?Tela=ext&descTipo=IPE&CodigoInstituicao=1&numProtocolo=892164&numSequencia=416898&numVersao=1,unigel_cvm_2018_v1.pdf,annual_depreciation_missing,"Opening comparative stock exists, but no2016 annual depreciation in2018 note; cannot calculate annual panel."
unigel,2016,accumulated_depreciation,1130423,BRL,thousands,consolidated,2018,71,https://www.rad.cvm.gov.br/ENETWeb/frmDownloadDocumento.aspx?Tela=ext&descTipo=IPE&CodigoInstituicao=1&numProtocolo=892164&numSequencia=416898&numVersao=1,unigel_cvm_2018_v1.pdf,annual_depreciation_missing,"Opening comparative stock exists, but no2016 annual depreciation in2018 note; cannot calculate annual panel."
axia,2025,gross_ppe,87355821,BRL,thousands,consolidated,2025,102,https://api.mziq.com/mzfilemanager/v2/d/abb77a17-3348-4bc7-849a-154998e06ca3/be7c1c6f-b778-8168-194d-166aac47a03d?origin=2,axia_2025.pdf,land_unresolved,Note17 separately identifies impairment; AD=combined_total-impairment. Land not separately disclosed in PPE note. Gross includes right-of-use; own-PPE and ROU amounts are separable but land remains unresolved.2023 comparative revised vs original2023.
axia,2025,construction_in_progress,3507613,BRL,thousands,consolidated,2025,102,https://api.mziq.com/mzfilemanager/v2/d/abb77a17-3348-4bc7-849a-154998e06ca3/be7c1c6f-b778-8168-194d-166aac47a03d?origin=2,axia_2025.pdf,land_unresolved,Note17 separately identifies impairment; AD=combined_total-impairment. Land not separately disclosed in PPE note. Gross includes right-of-use; own-PPE and ROU amounts are separable but land remains unresolved.2023 comparative revised vs original2023.
axia,2025,impairment,767121,BRL,thousands,consolidated,2025,102,https://api.mziq.com/mzfilemanager/v2/d/abb77a17-3348-4bc7-849a-154998e06ca3/be7c1c6f-b778-8168-194d-166aac47a03d?origin=2,axia_2025.pdf,land_unresolved,Note17 separately identifies impairment; AD=combined_total-impairment. Land not separately disclosed in PPE note. Gross includes right-of-use; own-PPE and ROU amounts are separable but land remains unresolved.2023 comparative revised vs original2023.
axia,2025,accumulated_depreciation,46929523,BRL,thousands,consolidated,2025,102,https://api.mziq.com/mzfilemanager/v2/d/abb77a17-3348-4bc7-849a-154998e06ca3/be7c1c6f-b778-8168-194d-166aac47a03d?origin=2,axia_2025.pdf,land_unresolved,Note17 separately identifies impairment; AD=combined_total-impairment. Land not separately disclosed in PPE note. Gross includes right-of-use; own-PPE and ROU amounts are separable but land remains unresolved.2023 comparative revised vs original2023.
axia,2025,annual_ppe_depreciation,2160513,BRL,thousands,consolidated,2025,102,https://api.mziq.com/mzfilemanager/v2/d/abb77a17-3348-4bc7-849a-154998e06ca3/be7c1c6f-b778-8168-194d-166aac47a03d?origin=2,axia_2025.pdf,land_unresolved,Note17 separately identifies impairment; AD=combined_total-impairment. Land not separately disclosed in PPE note. Gross includes right-of-use; own-PPE and ROU amounts are separable but land remains unresolved.2023 comparative revised vs original2023.
axia,2024,gross_ppe,83946366,BRL,thousands,consolidated,2025,102,https://api.mziq.com/mzfilemanager/v2/d/abb77a17-3348-4bc7-849a-154998e06ca3/be7c1c6f-b778-8168-194d-166aac47a03d?origin=2,axia_2025.pdf,land_unresolved,Note17 separately identifies impairment; AD=combined_total-impairment. Land not separately disclosed in PPE note. Gross includes right-of-use; own-PPE and ROU amounts are separable but land remains unresolved.2023 comparative revised vs original2023.
axia,2024,construction_in_progress,5141851,BRL,thousands,consolidated,2025,102,https://api.mziq.com/mzfilemanager/v2/d/abb77a17-3348-4bc7-849a-154998e06ca3/be7c1c6f-b778-8168-194d-166aac47a03d?origin=2,axia_2025.pdf,land_unresolved,Note17 separately identifies impairment; AD=combined_total-impairment. Land not separately disclosed in PPE note. Gross includes right-of-use; own-PPE and ROU amounts are separable but land remains unresolved.2023 comparative revised vs original2023.
axia,2024,impairment,1175712,BRL,thousands,consolidated,2025,102,https://api.mziq.com/mzfilemanager/v2/d/abb77a17-3348-4bc7-849a-154998e06ca3/be7c1c6f-b778-8168-194d-166aac47a03d?origin=2,axia_2025.pdf,land_unresolved,Note17 separately identifies impairment; AD=combined_total-impairment. Land not separately disclosed in PPE note. Gross includes right-of-use; own-PPE and ROU amounts are separable but land remains unresolved.2023 comparative revised vs original2023.
axia,2024,accumulated_depreciation,45916598,BRL,thousands,consolidated,2025,102,https://api.mziq.com/mzfilemanager/v2/d/abb77a17-3348-4bc7-849a-154998e06ca3/be7c1c6f-b778-8168-194d-166aac47a03d?origin=2,axia_2025.pdf,land_unresolved,Note17 separately identifies impairment; AD=combined_total-impairment. Land not separately disclosed in PPE note. Gross includes right-of-use; own-PPE and ROU amounts are separable but land remains unresolved.2023 comparative revised vs original2023.
axia,2024,annual_ppe_depreciation,1907233,BRL,thousands,consolidated,2025,102,https://api.mziq.com/mzfilemanager/v2/d/abb77a17-3348-4bc7-849a-154998e06ca3/be7c1c6f-b778-8168-194d-166aac47a03d?origin=2,axia_2025.pdf,land_unresolved,Note17 separately identifies impairment; AD=combined_total-impairment. Land not separately disclosed in PPE note. Gross includes right-of-use; own-PPE and ROU amounts are separable but land remains unresolved.2023 comparative revised vs original2023.
axia,2023,gross_ppe,82056338,BRL,thousands,consolidated,2025,102,https://api.mziq.com/mzfilemanager/v2/d/abb77a17-3348-4bc7-849a-154998e06ca3/be7c1c6f-b778-8168-194d-166aac47a03d?origin=2,axia_2025.pdf,land_unresolved,Note17 separately identifies impairment; AD=combined_total-impairment. Land not separately disclosed in PPE note. Gross includes right-of-use; own-PPE and ROU amounts are separable but land remains unresolved.2023 comparative revised vs original2023.
axia,2023,construction_in_progress,4432927,BRL,thousands,consolidated,2025,102,https://api.mziq.com/mzfilemanager/v2/d/abb77a17-3348-4bc7-849a-154998e06ca3/be7c1c6f-b778-8168-194d-166aac47a03d?origin=2,axia_2025.pdf,land_unresolved,Note17 separately identifies impairment; AD=combined_total-impairment. Land not separately disclosed in PPE note. Gross includes right-of-use; own-PPE and ROU amounts are separable but land remains unresolved.2023 comparative revised vs original2023.
axia,2023,impairment,1702404,BRL,thousands,consolidated,2025,102,https://api.mziq.com/mzfilemanager/v2/d/abb77a17-3348-4bc7-849a-154998e06ca3/be7c1c6f-b778-8168-194d-166aac47a03d?origin=2,axia_2025.pdf,land_unresolved,Note17 separately identifies impairment; AD=combined_total-impairment. Land not separately disclosed in PPE note. Gross includes right-of-use; own-PPE and ROU amounts are separable but land remains unresolved.2023 comparative revised vs original2023.
axia,2023,accumulated_depreciation,44548512,BRL,thousands,consolidated,2025,102,https://api.mziq.com/mzfilemanager/v2/d/abb77a17-3348-4bc7-849a-154998e06ca3/be7c1c6f-b778-8168-194d-166aac47a03d?origin=2,axia_2025.pdf,land_unresolved,Note17 separately identifies impairment; AD=combined_total-impairment. Land not separately disclosed in PPE note. Gross includes right-of-use; own-PPE and ROU amounts are separable but land remains unresolved.2023 comparative revised vs original2023.
unigel,2018,profit_before_tax,-15985,BRL,thousands,consolidated,2019,41,https://www.rad.cvm.gov.br/ENETWeb/frmDownloadDocumento.aspx?Tela=ext&descTipo=IPE&CodigoInstituicao=1&numProtocolo=892165&numSequencia=416899&numVersao=1,unigel_cvm_2019_v1.pdf,verified_note,DRE consolidated.2018 values reconcile with original2018 PDFp35; tax sign preserved: expense negative/benefit positive. EBT+tax=net profit.
unigel,2018,income_tax_social_contribution,-15774,BRL,thousands,consolidated,2019,41,https://www.rad.cvm.gov.br/ENETWeb/frmDownloadDocumento.aspx?Tela=ext&descTipo=IPE&CodigoInstituicao=1&numProtocolo=892165&numSequencia=416899&numVersao=1,unigel_cvm_2019_v1.pdf,verified_note,DRE consolidated.2018 values reconcile with original2018 PDFp35; tax sign preserved: expense negative/benefit positive. EBT+tax=net profit.
unigel,2018,net_profit,-31759,BRL,thousands,consolidated,2019,41,https://www.rad.cvm.gov.br/ENETWeb/frmDownloadDocumento.aspx?Tela=ext&descTipo=IPE&CodigoInstituicao=1&numProtocolo=892165&numSequencia=416899&numVersao=1,unigel_cvm_2019_v1.pdf,verified_note,DRE consolidated.2018 values reconcile with original2018 PDFp35; tax sign preserved: expense negative/benefit positive. EBT+tax=net profit.
unigel,2019,profit_before_tax,-51693,BRL,thousands,consolidated,2019,41,https://www.rad.cvm.gov.br/ENETWeb/frmDownloadDocumento.aspx?Tela=ext&descTipo=IPE&CodigoInstituicao=1&numProtocolo=892165&numSequencia=416899&numVersao=1,unigel_cvm_2019_v1.pdf,verified_note,DRE consolidated.2018 values reconcile with original2018 PDFp35; tax sign preserved: expense negative/benefit positive. EBT+tax=net profit.
unigel,2019,income_tax_social_contribution,78954,BRL,thousands,consolidated,2019,41,https://www.rad.cvm.gov.br/ENETWeb/frmDownloadDocumento.aspx?Tela=ext&descTipo=IPE&CodigoInstituicao=1&numProtocolo=892165&numSequencia=416899&numVersao=1,unigel_cvm_2019_v1.pdf,verified_note,DRE consolidated.2018 values reconcile with original2018 PDFp35; tax sign preserved: expense negative/benefit positive. EBT+tax=net profit.
unigel,2019,net_profit,27261,BRL,thousands,consolidated,2019,41,https://www.rad.cvm.gov.br/ENETWeb/frmDownloadDocumento.aspx?Tela=ext&descTipo=IPE&CodigoInstituicao=1&numProtocolo=892165&numSequencia=416899&numVersao=1,unigel_cvm_2019_v1.pdf,verified_note,DRE consolidated.2018 values reconcile with original2018 PDFp35; tax sign preserved: expense negative/benefit positive. EBT+tax=net profit.
unigel,2017,profit_before_tax,-110051,BRL,thousands,consolidated,2018,34,https://www.rad.cvm.gov.br/ENETWeb/frmDownloadDocumento.aspx?Tela=ext&descTipo=IPE&CodigoInstituicao=1&numProtocolo=892164&numSequencia=416898&numVersao=1,unigel_cvm_2018_v1.pdf,verified_original_comparative,SameCVM2018v1 basis as2017PPE; EBT+tax=continuingLL; continuingLL+discontinuedLL=totalLL.
unigel,2017,income_tax_social_contribution,-1113,BRL,thousands,consolidated,2018,34,https://www.rad.cvm.gov.br/ENETWeb/frmDownloadDocumento.aspx?Tela=ext&descTipo=IPE&CodigoInstituicao=1&numProtocolo=892164&numSequencia=416898&numVersao=1,unigel_cvm_2018_v1.pdf,verified_original_comparative,SameCVM2018v1 basis as2017PPE; EBT+tax=continuingLL; continuingLL+discontinuedLL=totalLL.
unigel,2017,net_profit_continuing_operations,-111164,BRL,thousands,consolidated,2018,34,https://www.rad.cvm.gov.br/ENETWeb/frmDownloadDocumento.aspx?Tela=ext&descTipo=IPE&CodigoInstituicao=1&numProtocolo=892164&numSequencia=416898&numVersao=1,unigel_cvm_2018_v1.pdf,verified_original_comparative,SameCVM2018v1 basis as2017PPE; EBT+tax=continuingLL; continuingLL+discontinuedLL=totalLL.
unigel,2017,net_profit_discontinued_operations,50744,BRL,thousands,consolidated,2018,34,https://www.rad.cvm.gov.br/ENETWeb/frmDownloadDocumento.aspx?Tela=ext&descTipo=IPE&CodigoInstituicao=1&numProtocolo=892164&numSequencia=416898&numVersao=1,unigel_cvm_2018_v1.pdf,verified_original_comparative,SameCVM2018v1 basis as2017PPE; EBT+tax=continuingLL; continuingLL+discontinuedLL=totalLL.
unigel,2017,net_profit,-60420,BRL,thousands,consolidated,2018,34,https://www.rad.cvm.gov.br/ENETWeb/frmDownloadDocumento.aspx?Tela=ext&descTipo=IPE&CodigoInstituicao=1&numProtocolo=892164&numSequencia=416898&numVersao=1,unigel_cvm_2018_v1.pdf,verified_original_comparative,SameCVM2018v1 basis as2017PPE; EBT+tax=continuingLL; continuingLL+discontinuedLL=totalLL.
