Date;7456 - National Index of Building Costs-Market (INCC-M) - Monthly % var.
09/1994;0.31
10/1994;0.88
11/1994;1.42
12/1994;2.44
01/1995;1.37
02/1995;3.54
03/1995;2.41
04/1995;2.74
05/1995;2.43
06/1995;9.38
07/1995;2.71
08/1995;0.93
09/1995;0.46
10/1995;0.72
11/1995;0.76
12/1995;1.07
01/1996;0.67
02/1996;1.35
03/1996;0.19
04/1996;0.89
05/1996;0.55
06/1996;2.01
07/1996;1.52
08/1996;0.74
09/1996;0.15
10/1996;0.23
11/1996;0.28
12/1996;0.48
01/1997;0.68
02/1997;0.31
03/1997;0.42
04/1997;0.73
05/1997;0.30
06/1997;1.00
07/1997;0.94
08/1997;0.55
09/1997;1.18
10/1997;0.22
11/1997;0.22
12/1997;0.52
01/1998;0.29
02/1998;0.48
03/1998;0.31
04/1998;-0.46
05/1998;0.47
06/1998;0.86
07/1998;0.42
08/1998;0.29
09/1998;0.09
10/1998;0.05
11/1998;-0.07
12/1998;-0.01
01/1999;0.21
02/1999;0.62
03/1999;0.91
04/1999;0.58
05/1999;0.38
06/1999;0.88
07/1999;0.41
08/1999;0.52
09/1999;0.83
10/1999;0.79
11/1999;1.22
12/1999;0.81
01/2000;1.15
02/2000;0.89
03/2000;0.82
04/2000;0.69
05/2000;0.57
06/2000;1.09
07/2000;0.83
08/2000;0.35
09/2000;0.30
10/2000;0.28
11/2000;0.29
12/2000;0.49
01/2001;0.40
02/2001;0.55
03/2001;0.34
04/2001;0.28
05/2001;2.00
06/2001;0.69
07/2001;1.07
08/2001;0.56
09/2001;0.59
10/2001;0.92
11/2001;0.60
12/2001;0.70
01/2002;0.40
02/2002;0.31
03/2002;0.84
04/2002;0.32
05/2002;2.47
06/2002;0.21
07/2002;0.63
08/2002;0.82
09/2002;0.68
10/2002;0.82
11/2002;2.19
12/2002;2.13
01/2003;1.45
02/2003;1.60
03/2003;1.38
04/2003;0.81
05/2003;2.98
06/2003;0.74
07/2003;0.59
08/2003;2.20
09/2003;0.24
10/2003;0.47
11/2003;0.42
12/2003;0.99
01/2004;0.28
02/2004;0.48
03/2004;1.59
04/2004;0.60
05/2004;1.74
06/2004;0.56
07/2004;1.12
08/2004;0.90
09/2004;0.67
10/2004;0.95
11/2004;0.94
12/2004;0.61
01/2005;0.70
02/2005;0.42
03/2005;0.71
04/2005;0.38
05/2005;0.54
06/2005;2.20
07/2005;0.65
08/2005;0.05
09/2005;0.06
10/2005;0.28
11/2005;0.29
12/2005;0.38
01/2006;0.24
02/2006;0.28
03/2006;0.23
04/2006;0.21
05/2006;0.81
06/2006;1.45
07/2006;0.57
08/2006;0.35
09/2006;0.09
10/2006;0.18
11/2006;0.23
12/2006;0.30
01/2007;0.45
02/2007;0.26
03/2007;0.17
04/2007;0.43
05/2007;0.55
06/2007;1.67
07/2007;0.21
08/2007;0.35
09/2007;0.39
10/2007;0.49
11/2007;0.48
12/2007;0.43
01/2008;0.41
02/2008;0.43
03/2008;0.59
04/2008;0.82
05/2008;1.10
06/2008;2.67
07/2008;1.42
08/2008;1.27
09/2008;0.95
10/2008;0.85
11/2008;0.65
12/2008;0.22
01/2009;0.26
02/2009;0.35
03/2009;-0.17
04/2009;-0.01
05/2009;0.25
06/2009;1.53
07/2009;0.37
08/2009;0.01
09/2009;0.07
10/2009;0.13
11/2009;0.18
12/2009;0.20
01/2010;0.52
02/2010;0.35
03/2010;0.45
04/2010;1.17
05/2010;0.93
06/2010;1.77
07/2010;0.62
08/2010;0.22
09/2010;0.20
10/2010;0.15
11/2010;0.36
12/2010;0.59
01/2011;0.37
02/2011;0.39
03/2011;0.44
04/2011;0.75
05/2011;2.03
06/2011;1.43
07/2011;0.59
08/2011;0.16
09/2011;0.14
10/2011;0.20
11/2011;0.50
12/2011;0.35
01/2012;0.67
02/2012;0.42
03/2012;0.37
04/2012;0.83
05/2012;1.30
06/2012;1.31
07/2012;0.85
08/2012;0.32
09/2012;0.21
10/2012;0.24
11/2012;0.23
12/2012;0.29
01/2013;0.39
02/2013;0.80
03/2013;0.28
04/2013;0.84
05/2013;1.24
06/2013;1.96
07/2013;0.73
08/2013;0.31
09/2013;0.43
10/2013;0.33
11/2013;0.27
12/2013;0.22
01/2014;0.70
02/2014;0.44
03/2014;0.22
04/2014;0.67
05/2014;1.37
06/2014;1.25
07/2014;0.80
08/2014;0.19
09/2014;0.16
10/2014;0.20
11/2014;0.30
12/2014;0.25
01/2015;0.70
02/2015;0.50
03/2015;0.36
04/2015;0.65
05/2015;0.45
06/2015;1.87
07/2015;0.66
08/2015;0.80
09/2015;0.22
10/2015;0.27
11/2015;0.40
12/2015;0.12
01/2016;0.32
02/2016;0.52
03/2016;0.79
04/2016;0.41
05/2016;0.19
06/2016;1.52
07/2016;1.09
08/2016;0.26
09/2016;0.37
10/2016;0.17
11/2016;0.17
12/2016;0.36
01/2017;0.29
02/2017;0.53
03/2017;0.36
04/2017;-0.08
05/2017;0.13
06/2017;1.36
07/2017;0.22
08/2017;0.40
09/2017;0.14
10/2017;0.19
11/2017;0.28
12/2017;0.14
01/2018;0.28
02/2018;0.14
03/2018;0.23
04/2018;0.28
05/2018;0.30
06/2018;0.76
07/2018;0.72
08/2018;0.30
09/2018;0.17
10/2018;0.33
11/2018;0.26
12/2018;0.13
01/2019;0.40
02/2019;0.19
03/2019;0.19
04/2019;0.49
05/2019;0.09
06/2019;0.44
07/2019;0.91
08/2019;0.34
09/2019;0.60
10/2019;0.12
11/2019;0.15
12/2019;0.14
01/2020;0.26
02/2020;0.35
03/2020;0.38
04/2020;0.18
05/2020;0.21
06/2020;0.32
07/2020;0.84
08/2020;0.82
09/2020;1.15
10/2020;1.69
11/2020;1.29
12/2020;0.88
01/2021;0.93
02/2021;1.07
03/2021;2.00
04/2021;0.95
05/2021;1.80
06/2021;2.30
07/2021;1.24
08/2021;0.56
09/2021;0.56
10/2021;0.80
11/2021;0.71
12/2021;0.30
01/2022;0.64
02/2022;0.48
03/2022;0.73
04/2022;0.87
05/2022;1.49
06/2022;2.81
07/2022;1.16
08/2022;0.33
09/2022;0.10
10/2022;0.04
11/2022;0.14
12/2022;0.27
Source;FGV
